9781399713795
9788383226927
9788383216959
9788363842130
9788382312768
9788383307008
9788382721669
9788381885584
9788367178525
9788328190023
9788383218182
9788383357966
9788382953060
9788382028041
9788418196584
9788365835840
9788367216289
9788325560782
9782953679786
9788379156481
9788377797761
9788383674025
9788383213255
9788383960272
9780241580639
9788382529913
9788384020784
9788368742282
9788324092420
9788367502825
9788371772214
9788368471410
9788308086728
9788382498110
9788365758064
9788382953954
9788383910000
9788383186153
9788396880444
9788382313130
9788381881340
9788383670980
9788328076372
9788327746153
9788377469521
9780141355481
9788368352924
9788328918825
9788383400334
9788310140555
9788382953930
9788381721073
9788383532516
9788311163959
9781911709473
9788328906938
9788381813976
9788324092208
9788366747937
9788383961354
9788327686589
9788328912311
9788324094288
9788383157849
9788383880532
9788368599022
9788383589848
9788324092673
9788382749502
9788367759397
9788379327737
9788301229382
9788384258750
9780198326786
9788360521816
9781292178929
9788328165311
9788328362154
9788383355092
9788327731234
9788383182056
9788367715218
9788377296851
9788328062726
9788368560084
9781529978162
9782070462940
9788373929760
9788383611822
9788324064052
9786177820283
9788382725872
9788386293766
9788383907154
9788383107738
9788327166715
9788383382487
9788382652437
9788383905617
9788301230418
9788366285507
9783126740098
9788328174542
9788366178267
9783764531591
9788381295345
9788383677668
9788365853790
9780552778862
9788365170651
9788383614076
9788301200572
9781526622433
9788382749243
9788381722995
9788381434447
9788383904580
9788328174924
9788383713366
9788374897594
9788382180718
9788379325788
9789664482414
9788382664133
9780241372555
9788382991314
9788381919937
9788383913193
9788301230913
9788383307992
9788382317251
9788311175402
9780008707767
9788368371352
9788324410873
9788368364934
9788367551380
9788383911410
9788384174784
9788383522753
9788373273986
9788382220933
9788328162648
9788308064337
9788382309256
9788366285118
9788380594760
9788373925267
9781847495983
9788483235607
9783499254123
9788380497450
9788367195416
9788375176452
9788383576084
9788327168467
9788382083699
9788375689693
9788383522005
9788367510226
9788368180213
9788383588599
9788383715391
9788382343656
9788370209469
9788381685894
9788383880884
9788383641058
9788383011509
9788383801278
9788381885805
9788365773593
9788301236298
9788383381480
9788379325627
9780063050334
9788326842092
9788308088326
9788384182178
9788397263383
9788382747065
9780241656846
9788383900414
9788311172500
9788368331301
9788301220150
9788301168223
9788328735132
9788328724952
9788381446662
9781509843213
9788382990492
9788328156821
9788311173521
9788384023426
9788383715933
9781399619752
9788368560183
9788368317541
9788383383057
9783423262651
9788379324446
9788368195415
9781784708351
9788382071290
9788328733190
9788384270288
9788380385627
9788383434971
9788368109757
9788384182383
9788301153588
9788397263345
9788366074248
9788383215914
9788382152951
9788308080672
9788383011271
9788327711205
9788373929289
9788382527421
9788383381282
9788366661653
9780099273776
9788382132403
9788382952261
9788324088447
9788328727182
9788382581270
9788382108446
9782075187596
9780571206261
9788383914060
9788375166927
9788382898408
9788383714271
9788366219885
9788368383577
9788368383041
9788383295787
9788382807592
9788383586809
9788311175877
9788368381078
9780008296117
9788363687342
9788366201255
9788376868653
9780500252345
9788310138699
9788381066402
9788384062883
9788383615929
9788381861410
9788380328914
9788328162136
9788368380279
9786177940691
9788366712171
9788382084399
9788382167832
9788383911304
9788379326501
9782072873706
9788366981027
9789667047429
9788378879787
9788382581812
9781409563433
9788381725231
9788311172227
9788325334758
9788327164704
9788383641812
9781408257500
9788381912235
9788382154757
9786176794202
9781913539238
9788381886741
9788382752632
9788306031294
9788381715850
9788367500388
9780241207116
9780241401224
9788383016399
9788308084441
9788380539105
9781292248370
9788328175563
9788383811659
9788328733992
9781804993057
9788381789950
9788383880082
9788301217198
9788381069434
9780241664810
9788375178715
9788383522098
9788383825854
9788370206420
9788383878225
9788397460706
9788367758574
9788366866768
9788383292632
9788365400321
9788382136951
9788327730893
9788383712536
9788328175303
9788383437422
9781805462736
9788367237291
9788367900171
9788383292601
9788383381312
9788382134865
9788380382817
9788383619859
9788324054039
9788311174023
9788381326933
9788328386525
9788382661873
9788382933598
9786171296176
9788382751024
9788366243293
9788395822162
9788383091488
9788382893557
9788495359537
9788327164230
9788301150006
9788367515375
9788370208691
8590228052018
9788301241575
9788368367874
9781803700960
9788381447607
9788396649287
9788384254097
9788328730472
9788368240634
9788367204538
9786175482520
9788382467680
9788327680198
9788383181486
9788382727968
9788383308708
9788383105963
9788368295450
9788383431888
9780241441923
9788383573151
9788381717892
9781473231085
9788311175266
9788320057478
9788366575356
9788381860277
9788328911352
9788324410477
9788384380635
9788326839948
9788368205350
9788328930230
9788328738294
9788375340198
9788383676777
9788384240229
9788383011462
9788383740379
9788328164512
9788328733923
9788382131017
9788382073300
9788383205090
9788324068951
9788383827490
9788384030028
9788379125067
9788301226596
9788383384276
9788383715155
9782072895746
9788383521923
9788395274381
9786175232989
9788380384156
9788379125944
9786178280673
9788377296547
9788301242640
9788382311617
9788320043884
9788383212746
9788328906471
9788378878827
9788368045536
9788416817573
9788328928961
9788383303741
9786175231067
9781292327099
9788382310634
9788382653922
9788384440162
9788383875361
9791033913986
9788328735798
9788382581218
9788367604505
9788383909264
9788328157903
9788382722369
9788327670052
9788327107091
9788384063392
9788311172135
9788382138078
9788379156344
9788381861090
9788384440308
9788381504508
9788328168572
9788377404430
9788367845786
9788381914260
9788327669551
9781526635365
9788367545648
9788387972424
9788381911634
9788367759618
9788301177850
9788367727914
9788324050895
9788381723749
9788382892574
9788382251210
9788395378294
9788324096060
9788381088329
9788365168023
9788325341220
9788325345976
9788383716985
9788328151765
9788328066342
9788395619380
9788383016986
9788380578555
9788368053777
9788384170557
9786171508798
9788384382707
9788365807212
9788383571416
9788381353625
9786171516724
9788324069095
9788367668620
9788328162051
9788311166165
9786171505032
5902983909477
9788301228545
9788370208868
9788381690737
9788383877235
9788382083781
9788383627274
9788383180465
9788382084122
9788366482753
9788383353432
9788328162280
9788373271838
9788384381205
9788381861359
9788383710129
9788383520377
9788367996952
9788384300800
9788368381238
9781784742324
9788383713663
9788383573687
9788365717818
9788382993318
9788310143068
9788301242954
9788382316988
9788328175075
9788379126880
9788328182028
9788367262132
9788378455486
9788383800769
9788383800912
9788381435055
9788383289625
9788323557579
9788327126405
9788383355900
9788311172104
9786171511026
9788327169969
9788375657913
9788397067165
9788328723450
9788381442657
9788383351216
9788377885536
9788325344801
9788374358507
9788381813662
9788380874084
9788384182758
9788382231373
9788383825311
9788320619997
9788383851075
9788367295758
9788324042791
9788383523538
9788368283747
9788327715791
9788367996242
9788379158553
9788366074071
9788366661646
9788328395190
9788383715971
9788384027172
9788328141247
9783423217606
9788325343750
9788377135785
9788328925977
9788380801868
9788368005462
9788383294124
9788382727890
9788380594586
9788382896893
9788383189741
9780241682951
9788324092888
9781847498830
9788368488203
9788311169012
9788378871750
9788370208158
9780007145737
9788327170880
9788301232757
9788383509464
9788368021936
9788381353632
9788384060995
9788375700725
9788384173756
9788382581362
9788367859332
9788381448499
9788383714448
9788328914384
9788382307603
9781526324924
9788327127174
9788383910567
9788310141057
9780008639136
9788328118409
9788382652314
9781948174244
9788384300251
9788383380995
9788383103600
9788383615554
9788367195140
9788367663151
9788383217970
9788366555730
9788396107459
9788368217377
9788311168176
9788368381399
9788383523507
9788383091969
9788380578647
9788378744177
9788310143136
9788383618388
9788368144864
9788383506111
9788328154087
9788328729940
9788328731714
9788382748666
9788382309652
9788368549645
9781788606578
9788397002753
9788368371604
9788308085820
9788301232580
9788467072655
9788382581713
9788375799934
9788382998726
9788383016184
9788384180099
9788379157075
9788383906911
9788324094264
9788327168214
9786175483794
9788377290668
9788379982820
9788381353045
9788367212359
9788383802206
9788367515764
9788382410747
9788367665193
9788382029871
9788383210988
9788383300887
9788328165526
9788381353663
9788324056385
9788367867511
9788328918221
9788367815987
9788381414579
9788381419529
9781398531734
9788374899840
9788380576612
9788324089437
9780241976371
9788383182414
9788327127785
9788384171950
9788383716701
9788323747697
9788383901138
9788380498747
9788384290965
9788382749694
9788384174661
9788381885874
9788365676245
9788381716833
9780007368556
9788384300121
9788380387676
9788383961637
9788328923928
9788381812085
9788320058291
9781474981835
9788383911427
9788328167032
9788381354134
9788806181697
9788328173378
9788395053559
9788308081105
9788362521135
9788327163721
9788380748620
9788380329287
9781914240942
9788381787178
9788328097902
9788383717906
9780349439259
9788393456000
9788368204612
9788324055920
9788328728264
9788383577616
9788327168641
9788382623888
9788382728736
9788383010731
9788382496864
9788397246546
9788381354417
9788301238308
9788370208523
9788380794443
9788308073797
9788853631671
9788383881195
9788382659313
9788301235475
9788381506199
9788397224308
9788328922358
9788375533286
9788328715646
9788382745221
9788301219420
9788373929548
9788327107862
9788384026656
9788360699645
9788367817660
9788383802787
9788382726428
9788377855324
9788383437156
9788328906778
9788397384101
9788301243852
9788378866848
9788366252134
9788308086391
9788310134738
9788383820729
9788383576701
9788365875600
9788308088517
9786175230039
9788408283461
9788384026755
9788311170940
9788301225094
9788387313753
9788368473261
9788381352697
9788366762671
9788382075007
9788383824659
9788328094673
9788383352473
9788382744460
9788327738646
9788381756839
9788324099603
9788373272231
9788383612751
9788364311246
9788384275306
9788324237975
9788301240981
9788384173480
9788383804132
9780241662540
9781503940406
9788383437354
9788308086599
9788308086056
9788379718887
9788366611566
9788397671713
9788383508610
9788381515542
9788380576346
9788383618418
9788382078459
9788367075893
9788381725675
9788383674681
9788380877764
9788383612348
9788380744493
9788383227986
9788383221922
9788383640280
9788381354783
9788326839375
9788382657241
9788328099036
9788383297125
9781804993071
9788383352701
9781474916226
9781529445879
9788381860239
9788383612331
9788384250167
9788325347055
9788383718040
9788383881317
9788381812832
9788381917742
9788368549874
9788383297712
9788328924154
9788383092027
9788367237598
9788383710174
9788367710688
9788383611167
9788380385801
9788383215921
9788327164247
9788384490433
9788381726696
9786175231586
9788327680983
9788383612386
9788383589947
9788384173664
9788380578814
9780321774958
9788368263435
9788381884976
9788383803913
9788384021491
9788382133493
9788367616966
9788396547521
9788324519316
9788383569970
9788382525922
9781784872731
9788367715140
9788381503907
9788379151882
9788380497726
9788382603781
5902277315304
9788361744726
9788301233891
9788327163554
9788380083561
9788377295779
9788301226138
9788310140265
9788370208448
9788382659016
9788383295572
9788383092003
9788848006309
9788396107404
9788383580449
9788301220464
9788382306040
9788381543675
9788382031560
9788408290308
9788380744783
9788380650770
9788324094424
9788371188671
9788368267570
9788311179752
9788382075144
9788382662788
9788368639001
9788367288729
9788383015927
9788382993783
9781474985918
9788368401066
9788328177161
9788382526967
9788382726220
9788381413282
9788375175271
9788311184725
9788383574226
9788383219103
9788381174435
9788383624860
9788383157887
9788383209258
9788378795506
9788368226577
9788364011429
9786175483961
9788323779643
9788382993424
9781398527676
9788368087253
9788327680617
9788367974875
9788383523453
9788382316742
9788367790048
9788328732483
9788368350104
9788382020571
9788382138542
9788328164871
9788388922879
9788383911755
9788375179767
9788383641515
9788368158380
9788328177192
9788383904269
9786175483725
9788383913056
9788382952643
9788368121261
9781837730209
9788328166509
9786175484654
9788384300183
9788383613871
9788362199938
9788308088012
9788328911802
9788324059959
9788383960579
9788368087246
9788328737792
9788320058529
9788383903736
9788381886499
9786171280939
9788381029278
9788383602479
9788382033069
9788367069922
9788320061086
9788328151789
9788382072358
9788382410259
9788311177857
9788381724760
9788367335171
9788383677996
9788373276680
9788366939936
9788323521662
9788360170816
9788384410585
9780349429809
9788383523613
9788367176071
9788308084823
9788308086452
9788380748941
9788383962634
9788327128201
9788382658194
9788327167644
9788383674209
9780241999776
9788383351476
9788328733503
9788382029338
9788396387400
9788368542523
9788367551885
9788308084854
9788367996303
9788382133202
9788324066612
9788367663519
9788368516760
9788301221430
9788374899796
9788383356242
9788371343742
9788328170667
9781846048296
9788328933743
9788368180695
9788384360040
9788368109214
9788328167285
9788327170903
9788373272606
9788384060551
9788368380071
9788368121629
9788383903781
9788326841989
9788366866874
9788327659941
9788384026847
9788366460126
9788383713854
9780552168984
9788383677859
9788327127419
9786175483695
9788308088289
9788320050394
9788377887783
9788382029017
9780141982298
9788381295154
9780571313440
9788383217840
9788383614496
9788381752107
9788383716923
9788366232778
9788384174586
9788382951202
9788368263640
9788383351827
9788324099665
9788383827483
9786178287320
9788383857541
9788327669940
9788380756625
9788327126504
9788378868163
9788367551403
9788308084694
9788370208370
9788328926097
9788383015675
9788381419567
9788383827537
9788367551212
9788384180204
9788381353748
9788383210360
9788383710419
9780789757883
9788383299433
9788368132281
9788368471458
9788383437033
9788382314687
9788384390986
9788383356013
9788368069457
9788328732063
9788311173446
9788308076453
9788383962542
9788383015934
9788324096213
9788365964168
9788381504652
9788380326095
9788382662382
9788383913018
9788383198842
9788308084120
9788383717937
9788384020678
9788383627748
9780008706708
9788383617404
9788328730274
9788327168498
9786175483138
9788301159016
9788382411249
9788382990980
9788320058260
9788382749878
9788383616438
9788367813556
9788328934535
9788383676586
9788383674230
9788367291507
9788384440049
9788383751986
9788367867702
9788383306711
9788324089789
9788383306148
9788328728509
9788311172029
9788383509945
9788324089598
9788372723338
9788382582000
9788367616614
9788365773319
9788365773562
9788382658170
9788379127467
9788324089673
9788301234119
9788382663501
9780241583166
9788324093687
9788367520324
9788383672465
9788383622064
9788308086872
9788384391082
9780241388440
9788384172520
9788364452499
9788389933225
9782290251454
9788382071825
9788370208073
9783423284509
9789664484715
9788382408447
9788327661067
9788378878940
9788383616216
9788368382297
9788308085691
9788366890237
9788396995001
9788382520200
9788382997378
9788384024997
9788325347918
9788382625912
9788382071818
9788328094512
9788382159394
9788382582017
9788323746812
9788301200213
9788382316773
9788367016285
9788381354707
9788380576704
9788327746481
9788383990071
9788383900278
9780241573693
9788308076095
9788325343668
9788328907225
9788377761854
9788375178487
9788368226102
9788311179806
9781509306732
9788368267396
9788374898942
9781909621978
9788381915472
9788368189582
9788367715249
9788324085118
9788383621401
9788383523934
9788382137415
9788380329256
9788377798263
9788380597587
9788383352954
9788384026854
9786175851005
9788327163875
9788381012768
9788324053551
9788365168191
9788367513937
9788384027363
9788383618005
9788384440063
9788382526479
9788308084359
9788327716163
9788382581454
9780241753699
9788388944284
9788395720215
9788328916173
9788383912943
9788368370393
9788489756380
9788383906447
9788384176375
9788383222578
9781784703127
9788324099344
9788367784399
9780007443376
9788383193786
9788370208349
5902983916079
9788382408928
9788368380125
9788368381047
9788384021323
9788320055863
9788383911069
9788383505589
9788327670144
9788382620580
9788328902923
9788376609935
9788368283457
9788329100298
9788301248291
9788383876009
9788383589411
9788382150155
9786177960910
9788381721011
9788383217000
9781526602855
9788383189277
9788382029550
9780241348925
9788383612409
9788382990508
9788324060481
9788311166622
9788301197681
9788327107329
9788310139924
9788366195363
9788381729604
9788381811293
9788370209896
9788381417457
9788366981805
9788308081990
9788366866348
9788382130140
9788381351997
9788396995094
9788324090174
9788368468359
9783625192398
9788327169884
9788377799468
9786175852873
9788384172070
9788384241882
9788368044935
9788328907775
9788328906518
9788311179318
9788301228538
9788383589794
9788379320431
9788368591095
9788382080469
9788383717913
9788311166936
9789669153524
9788380794955
9788301246044
9788383640594
9788301223557
9788383878737
9781784872656
9788328922570
9788327663764
9788367784573
9788383214788
9788308088203
9788381757164
9780241986189
9788382133585
9788380495401
9788381886154
9788381065825
9788383641287
9788382130171
9788367710602
9788368189438
9788379325351
9788375153361
9788375534214
9788375173925
9788328175907
9788360826980
9788384062401
9788382136098
9788324069156
9788384185612
9788382139457
9788328904071
9788384390467
9788498481266
9788310140654
9788380087163
9788307035079
9788327696618
9788368383065
9788376723136
9788383192680
9788382525359
9788367663823
9788328728042
9788383880105
9788382896770
9788360963296
9788328158924
9788383223070
9783939991953
9788368295474
9786175232484
9788382135978
9788367530965
9788394950545
9788384240793
9788367034296
9788325345488
9788328171169
9788311174542
9788363842291
9788325343248
9788371342707
9788328182011
9788327672490
9788383821306
9788328929715
9788381886192
9788368240993
9781974717118
9788368758504
9788381351454
9788301222185
9788328076952
9788383710297
9788382308334
9788382251654
9780241574249
9788368488166
9788366436619
9788381446419
9788383740553
9788382993400
9788381752862
9788383201771
9788328729971
9788382522242
9788382951035
9788328174535
9788382800517
9788328170001
9788384258330
9788324094240
9788368350623
9788381860260
9788383218205
9788383523224
9788383716794
9788328163072
9788381065283
9788383104638
9788367054829
9788383384115
9786178253370
9788368742114
9788383381855
9788382025842
9788383291215
9788328171527
9788328736238
9781509827756
9788301245443
9788311186101
9788365717429
9781783441013
9781250165343
9788383884714
9788382752021
9788327165671
9788383877006
9788368370034
9788383573106
9788382657715
9788380755291
9788379156771
9788362194254
9781292088082
9788384170137
9788328168732
9788327160409
9788397263307
9788328167650
9788320059922
9788383521787
9788383673783
9781847497154
9788324086580
9788301226848
9780241532683
9788368144581
9786171513167
9788381083775
9788328174450
9781509850914
9788381253659
9788382031782
9788382993905
9788367288712
9788368265903
9788383521725
9788328115347
9788368692372
9788328392687
9788384060520
9788381233569
9788381476607
9788383352442
9788368204339
9788324066933
9788324068395
9788301223786
9788366229013
9788301236595
9788368217155
9788382664973
9788383016641
9788366863729
9788383874050
9788383224589
9788383712307
9788383297798
9788395235498
9788328153325
9788328163157
9788383380124
9788382748598
9788381718288
9788382663822
9788382743227
9788370209315
9788383960173
9788382134872
9788301215576
9788363156954
9788328921177
9781035406203
9788328157538
9786175232132
9788846835666
9788327127853
9788301201159
9788311170025
9786175484531
9788328736856
9788383215792
9788381247573
9788383381954
9788362965106
9788380874794
9788328932753
9788326837531
9788380800823
9781784707330
9788377760062
9788383884806
9788301238865
9788383531977
9788328729797
9788383911762
9788382104714
9788384180112
9788311177215
9788384182406
9788381692878
9788368576801
9788328064522
9788382653595
9788381812580
9788310137500
9788384490532
9788320061055
9788383223797
9789403215198
9788382023411
9788368204650
9788365773944
9788382314403
9788384180075
9788383296197
9788365650450
9788383158129
9788379325207
8590228032300
9788367674379
9788382953244
9788328177055
9788324090082
9786177395347
9788382411454
9788383194493
9789664481837
9788374899529
9788324068531
9788382026825
9786178318567
9788301245542
9788382034776
9788383090207
9788328730557
9780008339180
9788326844997
9788383910086
9788381398251
9788367757645
9780349442518
9788368218121
9788368468502
9788381814287
9788383577500
9781464223310
9788301238483
9788383198415
9788381433044
9788420676647
9781526680587
9788384410370
9788367513883
9788367834193
9788382624878
9788327673718
9788311179288
9781405507738
9788381445962
9788328162921
9788383017037
9788301240127
9788383380940
9788383523750
9788366325098
9788375534313
9788379985005
9788383300238
9788381884501
9781292083704
9788382028133
9781474605397
9788375174595
9788308085448
9788366555105
9788384172056
9788366500549
9788396264107
9788311182998
9788368542424
9788383885049
9788324046720
9788327162441
9788367178129
9788326838545
9788382026658
9781409353058
9788383876863
9788327164117
9788320619492
9788328726871
9789606930089
9788328171992
9788368608403
9786178248796
9788382745016
9788328086784
9781784874582
9788368135213
9788382101591
9788380623446
9788365400338
9788382662146
9788380328945
9788383356204
9788373910652
9788381728966
9788368338348
9788383870113
9789666799923
9788368560206
9780552149457
9788382740660
9788384023471
9782072860829
9788326843747
9788383882376
9788310137289
9788378357346
9788383218311
9788328921948
9788382134186
9788301194789
9788327738011
9788383602714
9788382728378
9788380879010
9788367555630
9788383194684
9780349117003
9788382729566
9788378866299
9788383307343
9788368063059
9788384257593
9788397152434
9788383522203
9788383719191
9780349119533
9781844286218
9788383108629
9780674979857
9788328385320
9788383500997
9788366178687
9788324090365
9788368226829
9788381974820
9788325348083
9788301223250
9788328175440
9788367834032
9788383016191
9788382411140
9788381144582
9788381413633
9788320053807
9788368742190
9788301244750
9788328734944
9788382995664
9788324096305
9781529978148
9781444952247
9788383503158
9788323792727
9788311174085
9788328173125
9788380794931
9788382652871
9788383719344
9788381354950
9788367616812
9788383677019
9788368591019
9788382952896
9788383960265
9788381500869
9788383217703
9788383625843
9788301220907
9788328929616
9788366969810
9786171286214
9788381397193
9788368053869
9788382996739
9788383224060
9788328929937
9788382652789
9788383908571
9788311178397
9788308088449
9791023502657
9788382031058
9788368317510
9788328928459
9781638583523
9788383295398
9788381918374
9788301230371
9788368542561
9788382027327
9788368180619
9788382138276
9788381069007
9788381410083
9781784871628
9788366325050
9788367212182
9788383715858
9788382951219
9788366573383
9788383618579
9786175230015
9788380364196
9788380876507
9788381447652
9788383382654
9788327165909
9788328737754
9781350200937
9786177329861
9788366969537
9788383217390
9788363156664
9788368576610
9788383612812
9788363842598
9788327165237
9788368069259
9788383585383
9788327746283
9788382525335
9788375766684
9788320055740
9788383228921
9788384270059
9788383625492
9782253259657
9788328920408
9788327170590
9788383192871
9782070320417
9788383013299
9788382744231
9788328914872
9781399633475
9781250123176
9788383577630
9788375172218
9788381433532
9788311179844
9788328713291
9788382304336
9788384025093
9788467773873
9788381717908
9788327663771
9788382083507
9781509844395
9788382727425
9788327167798
9788383507194
9788368589702
9788383573076
9788395799440
9788383108339
9788328733282
9788326836695
9788384258101
9788383822013
9788368262353
9788368352696
9788382529449
9780241638477
9788378865544
9788382896541
9788383521503
9788382082586
9780008328931
9788324068340
9788311173415
9788328715479
9788382729634
9788367545525
9788383907499
9788383185392
9788381724074
9788381026055
9788326845987
9788375249743
9788381884853
9788328901933
9788368228397
9788384182802
9788382109535
9772080055416
9788379630967
9788308073896
9788378980124
9788382744446
9788366004733
9788383216294
9788366325647
9788328111370
9781292015378
9788366325180
9788395717505
9788364645884
9788368367577
9788381516044
9788383881799
9780241619766
9788368383317
9788360963876
9788383601168
9788374277501
9788367665254
9788368740073
9788368542462
9786175483077
9788380087606
9788320047608
9781804990926
9788381444422
9788368610451
9788382469202
9788368121186
9788320065053
9788320060669
9788383800844
9788311185418
9788327687852
9781399743419
9788367327305
9788384025260
9788368267556
9788376729800
9788382312539
9788383912738
9788308085516
9788368005219
9788366753198
9788360685297
9780744586909
9788367016995
9788382496932
9788328166783
9780273735717
9788320065060
9782253160687
9780241961391
9788327661999
9788381446495
9788327107503
9788382133431
9788301226855
9788382622782
9788325344214
9788380328389
9788367558402
9781399736596
9788381501620
9788367178198
9788383850702
9788383614519
9781529446685
9788328721333
9788384410271
9788368541540
9788301229184
9788383357638
9780241424148
9788382722741
9788381688895
9781250390080
9788380498556
9781406379778
9788382108569
9788367341196
9788368283730
9788381816243
9788383750118
9788379718962
9788383380971
9788366177888
9788383522883
9788378868866
9788361582748
9788325341275
9788366651494
9788382655209
9788378876472
9788418173004
9788367685139
9788367665100
9788383437439
9788381514873
9788311183889
9786175230244
9788381440417
9788382744163
9788383710273
9788370209971
9788311179349
9788383221588
9788328162945
9788368090154
9788367054782
9788380085091
9788324067817
9788383016603
9788311175952
9788380879003
9788383610726
9788366736238
9788366555457
9788382725025
9788325334741
9788382527605
9788328734920
9788383625881
9788308085035
9788073534684
9788383962221
9788368419009
9788381802673
9788301226404
9788311178335
9788378663447
9788384174043
9788368053111
9788383671437
9788383610849
9788383355474
9788368367799
9788383291536
9788327661838
9788380748873
9788328736801
9788383913391
9788368560596
9788328737624
9788301243166
9788377797389
9788368135893
9788383108346
9788368370218
9788367793148
9788368560534
9788380748668
9788328905900
9788383673509
9788384250235
9788324096480
9788396656117
9788383523569
9788394525514
9788382723557
9788368045765
9788382525649
9788381506304
9788311173064
9781529355413
9788384290064
9788368352368
9788327167651
9788373929562
9788383220352
9788383857053
9788379673179
9788383804712
9788382222159
9788397389977
9788383190310
9781399624046
9788375176506
9788382224740
9788368217391
9788301216146
9788395181511
9788325345723
9788311184251
9788384382066
9788381066839
9788383612782
9788383432700
9788375166903
9788328731172
9788368541137
9788380835573
9788324090457
9788383209135
9788381502801
9781399611442
9788374370370
9788367498661
9788384180907
9788384350096
9788367793261
9788383193885
9786175483008
9781444707847
9788382951073
9788382034431
9788381889797
9788384186060
9788375765847
9788375780031
9786178248949
9788383851846
9788308069615
9788328901643
9788382497670
9788324090396
9788324410279
9788375652772
9788381882064
9788375799637
9788365170897
9788328735767
9788383215938
9788320063646
9788383195902
9788328728349
9788382997385
9788367069991
9788328174139
9788308088388
9788320063745
9788368191844
9788311168138
9781510109063
9781529100877
9788397152441
9788383850535
9788381919913
9788382724547
9788368541984
9788368214093
9788328167216
9788328153783
9788326832819
9788367685207
9788368402070
9788383624358
9788328730502
9788328058385
9788383522937
9788368265521
9788383911007
9788383505381
9788328175402
9788381433433
9788368302318
9788368560398
9788383522623
9788378640943
9788367135306
9781638589334
9788324066797
9788381882170
9788383354149
9788383503783
9788378878667
9788375652826
9788381353434
9788311173347
9782070438211
9788381814973
9788382999488
9788384302200
9788382899672
9788382743968
9788381727242
9788383187983
9788381713726
9788382994353
9788383523279
9788367513401
9788383572703
9788381884341
9788396916709
9788382081305
9788379648733
9780349439273
9788384183571
9788367604468
9788301235000
9788383352268
9788324098057
9788383380001
9788366707757
9788382028560
9788381918138
9781648279195
9788382745207
9788383962078
9788382411584
9788383195421
9788384064597
9782070300471
9788301243265
9788384029398
9788382032628
9788381716819
9788367323819
9788301223434
9788310138231
9786177688852
9788396051851
9788367817745
9788310139801
9788383820682
9788396352439
9788383713434
9788311173569
9788383710402
9788310144744
9788365970572
9788381718097
9788382403831
9788326840944
9788328336599
5906284293389
9780746055755
9781292339139
9788384061138
9788383014906
9788410399006
9782378803759
9788327126238
9783423026314
9788377798775
9788324075591
9788397275911
9788328719538
9788311174399
9788383713472
9788327168313
9788301231675
9788377762271
9788490628973
9788382993820
9788328157682
9788366650558
9788383618395
9788383108193
9788308085806
9788368541076
9788328164635
9788380878020
9788383434278
9788389268990
9788328904668
9788383524139
9788310142269
9788382028850
9788382662153
9788384258927
9788328165410
9788383908014
9788382740332
9788382995527
9781784872816
9788383206479
9788328168770
9788383610856
9788310143396
9788368541120
9781405975735
9788381326797
9788383216744
9781780227962
9788383016337
9788383352541
9788377885253
9788320064131
9788383436517
9788373272514
9788366219922
9788384440087
9788366814578
9788301242084
9788381726016
9788383500584
9780241582527
9788324403271
9788366949713
9786176796176
9788382032772
9788382314175
9781529061147
9788368592269
9788383424941
9788383017532
9788328930131
9788328916340
9788382749519
9788367295581
9788368592337
9788308088487
9781474958912
9788383291543
9788383017822
9788328126572
9788373272255
9788380576865
9788379647125
9788367216456
9781845065805
9788381728249
9788365650467
9788383522036
9788366335271
9780099741312
9788373271906
9788383193748
9788301217358
9788383742243
9786178286972
9782036024588
9788383010465
9788365601445
9788382729283
9788382659320
9788311185968
9788384170816
9788383294575
9788368350210
9788367406888
9788380626317
9789661545754
9788383211541
9788383804217
9788382168464
9788311183841
9788382023404
9786175231791
9788373273122
9788383576138
9788302111990
9788381910187
9788327107985
9788368295597
9788383380117
9788325347444
9788381062176
9788308081891
9788328727748
9788365401489
9788368610727
9788326841828
9788384240748
9781509826681
9781292267913
9788328729575
9781501329418
9788327169983
9788311181649
9788301230432
9788368021950
9788379325504
9780137144242
9788382661217
9788375174977
9788368576696
9788382749564
9788384411346
9780241992234
9788384020692
9788382952094
9788853626158
9788383352060
9788382724769
9788397018495
9788368471076
9788381689670
9788381504317
9788382656381
9788328165670
9786171296251
9788365520418
9788360963432
9781784872892
9788308081884
9788367891516
9788308086773
9788368218572
9780241563403
9788397246584
9788383873244
9782330155551
9788328739147
9788382317602
9788408294184
9788383295336
9788383678740
9788381191111
9788384257470
9788301243739
9788383357836
9788380328334
9788373997837
9788367237710
9788367931861
9788383500133
9788383220055
9788367604598
9786177279067
9780241366165
9788366750555
9788366005747
9780349433844
9788382524659
9788382953169
9788383573779
9788367805148
9788368383072
9788383570440
9788380573192
9788301221225
9788324065677
9788383428949
9788365480903
9788368228694
9788383610962
9788367343930
9788383011578
9788380496873
9788382525311
9788382495386
9788383741512
9788367639835
9788301246440
9782070793594
9788324088218
9788367996846
9788383800264
9788372723857
9788382997910
9788328090989
9788382306842
9788383383521
9788365902054
9781529347852
9788383678443
9788383520100
9788367406420
9788368383621
9780349012742
9788368591347
9788368295627
9788383356105
9788328921221
9788383524283
9788383223353
9788381860727
9788383879994
9781407132099
9788367075961
9788466356626
9788381445313
9788308069066
9788367262958
9788382314984
9782267032673
9788383710396
9788382664270
9788382663488
9788383575063
9788383506609
9788383196572
9788320043976
9788383824819
9788328910461
9788383877440
9781785308451
9788365401014
9788383615530
9788382408621
9798893731255
9788383612829
9788367512763
9788368516777
9788383623030
9788383911502
9788324077953
9788328147874
9788382401226
9788367545488
9788384029374
9788380984967
9788383382425
9788365808509
9788380499775
9788367891295
9788382993677
9788377799215
9788368610178
9788367710169
9788327717276
9788362779543
9788382660890
9781668021873
9788383713502
9788396465825
9788326842146
9788383355368
9788328924635
9788376606743
9788383960517
9788382407150
9788390138442
9788373928718
9781909621442
9788381449069
9788383612768
9788383215396
9788367891561
9788306035179
9788367219303
9788381883078
9788382495843
9788364384585
9788384160558
9788375795363
9788076882836
9788371677045
9788383192642
9788383380377
9788382310528
9788374897976
9788368240092
9788328171558
9780136498810
9788308081044
9788328157811
9788368263688
9788365168207
9788384182147
9788367616775
9788366252400
9788326827075
9788368402186
9788383199238
9788383610221
9788383911663
9788383715131
9788382528459
9788383751122
9788382651836
9788324094486
9788383801612
9788383436944
9788382743296
9788383296173
9788384252673
9789664483756
9788301214050
9788328740587
9788367353175
9788384252857
9788382661507
9788328171602
9788368005752
9788382410488
9788382658651
9788308086551
9788328162990
9788324088195
9788383678825
9788381505833
9780553825725
9788383185842
9788328161276
9788384185551
9788360963715
9788383357454
9788382991130
9788381412308
9788383626680
9788377314227
9788382401813
9788375176711
9788327168528
9788382314793
9788383191263
9788367948241
9788383109435
9788308085059
9788311183216
9788377314937
9788383719061
9788328735941
9788368218107
9788327687302
9788328358027
9788383297811
9781398516397
9788383102795
9788328905832
9788381728638
9780349701639
9788301146351
9788383581880
9788383641614
9788367925853
9788323546269
9788367215985
9788367790949
9788383010083
9788383383583
9788308084991
9781786540683
9788368591255
9788374899598
9781035057191
9788328362031
9788383678580
9788381418447
9788328910126
9788384381403
9780241619773
9788382663785
9788327126849
9788383821603
9788368263046
9781837991013
9788301247973
9788367324137
9786176796091
9781473663398
9788320062069
9788383354224
9788381505307
9788381722629
9788382495652
9788368121322
9782072958441
9788383800660
9788328072442
9788327718792
9788384270592
9782070447992
9788327661579
9788378749936
9788379158942
9788381012829
9788384022450
9788382528985
9788381352215
9788397351899
9781780748207
9788397560628
9788373999046
9780857525345
9788378868637
9788383182223
9788383107707
9788382524833
9788384490501
9788382028652
9788324410996
9788382102437
9788419654991
9788383718026
9788383103549
9789664484890
9788383880990
9788327106520
9788396595898
9788383821887
9788328174788
9786175482568
9788379647798
9788377730119
9786175482957
9788377440568
9788383188836
9788325339524
9788382312164
9788367327190
9788327713919
9788368610390
9788382743272
9788383520469
9788382661361
9788308083734
9788328091153
9788368542226
9788383616360
9788367338479
9788373394308
9788383307961
9788378867685
9788308086612
9788382409321
9788383824604
9788382134773
9788328175273
9788367757102
9788382226126
9788384270745
9788366482494
9788311170865
9788383616384
9788383804675
9788327292742
9788383358321
9788383103570
9788383850542
9786171514416
9788328909823
9788311173323
9788383199580
9788383434179
9788382496970
9788384171226
9781509857456
9788383357096
9788382663853
9781780898261
9788382743159
9788377761694
9788395378256
9788375179163
9788363156800
9788396646231
9788308068984
9786171515420
9788327479235
9788380388925
9788328165700
9788366371354
9788381353564
9788383907642
9788375658153
9788301241292
9788383223261
9788368087116
9788382992663
9788301236335
9788397351837
9788311179363
9788380386594
9788381916073
9788381861045
9788384185148
9788311167285
9782012455283
9788384184455
9788363526702
9780582368309
9788381886307
9788328169777
9788381149563
9788380328761
9788311185012
9788328937734
9788383191584
9788380385849
9788367084253
9788383481111
9781399705455
9788368591200
9780349019222
9788380088252
9788367805889
9788383613918
9788383906409
9788328730625
9788375656435
9786177820764
9788301208387
9788320054224
9780008638887
9788383015194
9780700626007
9788383716572
9788379940660
9788328919747
9788384291757
9788383484464
9788384181645
9788328157132
9788383294179
9788368639193
9788327730886
9788382895643
9788310142467
9788383615868
9788367604789
9788383912882
9788381918091
9788382526622
9788367515214
9788328098343
9788367402200
9788382496857
9788367341202
9788327127679
9788328729131
9788301205508
9788383911090
9788382527278
9781788179102
9786171290907
9788383910161
9788383300511
9788383014135
9788308084328
9788382525434
9788383880624
9788328105607
9788325347499
9786178318666
9780356518190
9788367247665
9788379126965
9788383573694
9788367974134
9788373928916
9788384024249
9788383502670
9788328909458
9786178076054
9788383623047
9788379326471
9788384380499
9788379949441
9780241618097
9788367178891
9788324098422
9780755379439
9788383614021
9788483235843
9788383617374
9788325348588
9788382806328
9788381414548
9788368204254
9788382309508
9788382664386
9781474968898
9788381816151
9780099276180
9788382525991
9788383883984
9788375174632
9788373272125
9788378876427
9788381502368
9788311181564
9788366234918
9788381811637
9788382411348
9788383522869
9782203001183
9788382526158
9788301243982
9788383354538
9788383213354
9788328160217
9780349436340
9788366969612
9788326838064
9788373929722
9788383213125
9788368419450
9788324067893
9780241359174
9788328916487
9788367308472
9788328909168
9788376725178
9788383876153
9788327673015
9788368262681
9788479016265
9780241819937
9788383671079
9781847925220
8005125173556
9788326842498
9788383105932
9788381884259
9788368240238
9788382722475
9780140505863
9788301228194
9788328904729
9788381883535
9788396249081
9788381473170
9788381918923
9788381141031
9788383217659
9788366997707
9788328164390
9788382729580
9788383217802
9788368302356
9788367323192
9788383016627
9788324087396
9786171517349
9788382032819
9788367551946
9788382744149
9788381919111
9788328726789
9788327164766
9788381714778
9788324030095
9788366136663
9788378878926
9788328935907
9788384185582
9788311176027
9788381886321
9788328166752
9788324069491
9788320046625
9788383380681
9788301225438
9788381327350
9788383576626
9788324087839
9781292148403
9788383626383
9780141339122
9781529116267
9788381354394
9788327717535
9788383196787
9786175480731
9786171297777
9788384410387
9788383013367
9781648279218
9788382655339
9788308085851
9788383820156
9788381886482
9788380340749
9786171276505
9788328097865
9781472246110
9788383213361
9782840967330
9788377918685
9788324058785
9788383740935
9788382313239
9788362795819
9788368132229
9788383019239
9788328929135
9788324054183
9788383430775
9788367793001
9788382998610
9788368295542
9788379327843
9788373928633
9788382651119
9788382990614
9788362521722
9788383299440
9788367710831
9788366338920
9788383905808
9788328167582
9788328171343
9788326836596
9788384380284
9788366243279
9788384241776
9781784871635
9788327163165
9788368262704
9788371342226
9788328140455
9788324077892
9788383380957
9788377294888
9788308086544
9788368267266
9788328903074
9788368205312
9788383433288
9788383011639
9788328175556
9788375659184
9788382032734
9788325345778
9788367710985
9788368350425
9788368228212
9788380388963
9788368383102
9788382109368
9788384380079
9786177329533
9788383353197
9780008722517
9788381885522
9788379824045
9788382953022
9788311173293
9788382133387
9788328917774
9788499082509
9788327661753
9786171511071
9788382933277
9788324099627
9788373929906
9788326824791
9788383212470
9788381414517
9788381885669
9788382342093
9788328920828
9788328171534
9788327171429
9788368479539
9788382729085
9788383574936
9788383355641
9788384290972
9781419760914
9788301205409
9788308088432
9788383010045
9788383678337
9786175482544
9781292372266
9788383011677
9788367996259
9788382020892
9788367288538
9788328163164
9788375176933
9788324097890
9783548261898
9788381412971
9786178441036
9788364505782
9788383352428
9788381860949
9788382743760
9788328735828
9788383433776
9788368175158
9780008792206
9788310140180
9788381885089
9788301244729
9781975360542
9788382309034
9788381502948
9788368371703
9788381884778
9788383601502
9788381549028
9788367071352
9788382307795
9788382159400
9788383900674
9781473692534
9788367195041
9788382748543
9788383215884
9788368263367
9788368180367
9788382223446
9781473211575
9788382604412
9788382725278
9788383574189
9788367742405
9788381814409
9788381813822
9788383825007
9788381144438
9780582854390
9788301235307
9788301234676
9788328088849
9788375163742
9788367195553
9781526666321
9788378866992
9780141188034
9788381910507
9788380087620
9788383386683
9780273743835
9788383622989
9788310110732
9788380621343
9788375107760
9788375175851
9788383180991
9788383679211
9788367558105
9788379649730
9788395138089
9771896418194
9788383913162
9788382307238
9788383627335
9788380596788
9788380498136
9788383380155
9788368180794
9788380497931
9788383825120
9788378875567
9788381884730
9788383870304
9788383827858
9788381689724
9788383305370
9788383717449
9788381883252
9781784756253
9788328164543
9788395243325
9781447229544
9788381714068
9788416748662
9788308081310
9788383913858
9788328901056
9788383802497
9788324042913
9788328173200
9788368350791
9781405930253
9789669152350
9788383155678
9788301225018
9788383103044
9788301241070
9788366501492
9788373272743
9788383912660
9788301218324
9788383182070
9788327126511
9788853632197
9781398518209
9788328157101
9788378868712
9788397018440
9783551557469
9788328917064
9788328151970
9788383503011
9788380744554
9788301242473
9788383523118
9788383713441
9788373929623
9788301226992
9788383624334
9788310109262
9788383218168
9788368005240
9788324068661
9788372723970
9781784871659
9781408728864
9788376491714
9786171299399
9788371462146
9788384030042
9788381724838
9788324084562
9788320048605
9788368541991
9788383600345
9788325345853
9788324099405
9788377760673
9788383874661
9788328730007
9786175482483
9788328918726
9788383671178
9788328169760
9788383619705
9788328095533
9788308076064
9788381439527
9788367016179
9788311175099
9788383851563
9788367327312
9788367022712
9788382743166
9788382524499
9788417757953
9788366243088
9788383091464
9788368317701
9788368175059
9788382028195
9788384174708
9788366416482
9788396880413
9788328927247
9788367834360
9788325336011
9788368331394
9780552576314
9788382150780
9788382582130
9788368338140
9788381726948
9788328166110
9788367685603
9781445439921
9788368262223
9788320062007
9788368576078
9788324086320
9788367135290
9788497937801
9788381504805
9788301237257
9788308084397
9788365717757
9788383674735
9788381473019
9788383821412
9788389822468
9788382138023
9788381719476
9788328162334
9788382525908
9788368560916
9788378878988
9788368479997
9780140367997
9788419654977
9788383670010
9788378877301
9788853632128
9788382744415
9788328151857
9788383981192
9788366969728
9788328145931
9788384029428
9788301244002
9788328735477
9788383523101
9788380745261
9788368069389
9788382136036
9788373271586
9788382411867
9789661545945
9788328175525
9788384390030
9788383902883
9788377760130
9788372505590
9788383290294
9788383018232
9782070437818
9788328727786
9788328905542
9788383589398
9788382752748
9788328721340
9788383673660
9788383011479
9788380384040
9788383587172
9788311182219
9783442492978
9788383292595
9788382626131
9782253078623
9788328169852
9788384254493
9788383191799
9788384174005
9788383293370
9788381816137
9782072875267
9788383856339
9788383191812
9788381327398
9788368479454
9788360318966
9788366409323
9788383910826
9788383713199
9788327165220
9788383820187
9780241543825
9788310140302
9788310141729
9788383752044
9788368352337
9788383350912
9788327158093
9788366967243
9788383678290
9788383900834
9788310141705
9788327166296
9788375176957
9788382952742
9788328090873
9788328347427
9788366057180
9788382083095
9788381083195
9788383151526
9788383625874
9788381399920
9788328152908
9788383196350
9788380599352
9788380340343
8008324093960
9788366839304
9788368263626
9788375797718
9788367867610
9788373272385
9788381506076
9788368180077
9788383199931
9788382409208
9788383436821
9781647227913
9788383308661
9788382729290
9781408885246
9788383196763
9781529010770
9788368541434
9788368317879
9781447295693
9788383990101
9788301198664
9788383014074
9788301231279
9781805226055
9788367551786
9788376865607
9788328097292
9788365086198
9788382722062
9788383524054
9788375781403
9788380594708
9788327127402
9788301215460
9788383878164
9788368370133
9786171513297
9788328733213
9789661064316
9788383625812
9788383382579
9788384020661
9788383436883
9788308088500
9782330019129
9788375177572
9788378878780
9788328169319
9788362993208
9788382229714
9788384251218
9788301233754
9788383289618
9788366661967
9788328909410
9788308083871
9788366749665
9788383307756
9788383585031
9788383714028
9788394678678
9788367450669
9788381516709
9788383621500
9788383910949
9788368541342
9788383912912
9788328915701
9783190385805
9788382523065
9788368610765
9788321348834
9788324241385
9788383628097
9781529978186
9788327166609
9788367668910
9788368069471
9788368295818
9788368144185
9788328163034
9788367793308
9781398527577
9788383911601
9788301212148
9788383740102
9783518243541
9788368240016
9788382312515
9788381447393
9788324099542
9788383216690
9788327166463
9788367237369
9788368395280
9788382314779
9788383521633
9788381883290
9788382136388
9788328164550
9788383672403
9780205988945
9788367195782
9788445013977
9788384027394
9788327160089
9788328918313
9788382105582
9786177688951
9788383574899
9788382026924
9788320057904
9788368352542
9788383218335
9788383615295
9788381725859
9788328065048
9788375390124
9786178257316
9788384020142
9788382250848
9788327660954
9788328178830
9788310140470
9788382629231
9788328920460
9788381811712
9782072764929
9788379324248
9788383297255
9788367616836
9788328364431
9788308084755
9788380757875
9788383381305
9788379649907
9788380870031
9788311176621
9788383615592
9788368516531
9788383573663
9788368218138
9788379647972
9788382411393
9788324086917
9789664484340
9788379323500
9788326838873
9781591148067
9788382623505
9788327717412
9788383573632
9788311174405
9788360963593
9788324067404
9788301223243
9788365222916
9788375172416
9788308086261
9788328165359
9788383877112
9781035046256
9788367925600
9788308076965
9788367793414
9788327662750
9788370148782
9788382130256
9788325339838
9788366654853
9788382034967
9788382101621
9788301240417
9788383217819
9788328076853
9788383714295
9788396995056
9788383305592
9788328924017
9788381503129
9783734113567
9791095184263
9788328153875
9788383880457
9781806491070
9788328733091
9788301173050
9788381717168
9788311168657
9782070498321
9788381170994
9788382997675
9788366482272
9788366134942
9788368542141
9788384440346
9788382746754
9788383880921
9788301231231
9781444952797
9788326844980
9788383961842
9788383803623
9788382031812
9780857502469
9788325348595
9788328092730
9780753827406
9788383354125
9781909621671
9788327108036
9788382893571
9788384025215
9788379325771
9788383382012
9788381919906
9788382582093
9788384258873
9788383882918
9788382933031
9788383910413
9781542025607
9788367426671
9788388612978
9789661545891
9788380747913
9780349428840
9788382749786
9788383193724
9788368382136
9788381354677
9788301218256
9781473211544
9788325346171
9788324055029
9788383382456
9788368205107
9780099288725
9788367071963
9788382029727
9788383382067
9788328929524
9788383508627
9788311175365
9781509888764
9783126064293
9788381811729
9780008526009
9788366012103
9788383521473
9788368205695
9788381068086
9786171514140
9781398516342
9788382251128
9780241312780
9788396349637
9788386562152
9788368381856
9788371344978
9788380576889
9788383576190
9788382659184
9788367616997
9788368473421
9788328356726
9788367727747
9788328162235
9788384175927
9788383913476
9788381861366
9788381810418
9788382663495
9788368069228
9780008376062
9788328926790
9788382743401
9788301229214
9788377798690
9788311174207
9788366512245
9788383109121
9788384028933
9788368053807
9788383910376
9788383301662
9788383192185
9788382528022
9788328170766
9781529386363
9781804955932
9788368351101
9788383181417
9782253098089
9788328159051
9788383751832
9788381440707
9788383872001
9788382727562
9788382660630
9788366140097
9788382724530
9788383216836
9788381915076
9788383961903
9788368121353
9788376428833
9788383803203
9788320617979
9788308042953
9788381500302
9788380797826
9788377798515
9788308088166
9788382604856
9788367502528
9788382520385
9788382997194
9788381354875
9786171506350
9782070452989
9788383871974
9788364311314
9788310141101
9788382072327
9788383186122
9788377738856
9788383981215
9786177688449
9788377406489
9788328730342
9788383574820
9788383574219
9788382604931
9780241447130
9781509827855
9788384173572
9788381419611
9788380572867
9781471412271
9788328165830
9781784876678
9788376729282
9788382132892
9788373272033
9788368262247
9788328730649
9788383612805
9788324054497
9788382892970
9788384290095
9788382628197
9788311185449
9788310140968
9788380380035
9788384271131
9788384061589
9788367639231
9788311179172
9788382658200
9780241597002
9786177395002
9788328907287
9788382654400
9788384272084
9788380328693
9788367353434
9788365168177
9788383579764
9788383912851
9788382723755
9788382752038
9788383015187
9788328733954
9781638585497
9788383600161
9788388612831
9788383181103
9788372723840
9788379153275
9780241396926
9788368610833
9788383011554
9788383678269
9788396278951
9788367219921
9788301246983
9788368205404
9780008659301
9788383600918
9788364853333
9788308085868
9788382408485
9788383016559
9788382136487
9788368240535
9786177960262
9788383304540
9788382744361
9788381685955
9788361710325
9788382082937
9788383433318
9788377854785
9788382413403
9788325342401
9788382407037
9788381684002
9788381721547
9788375177282
9788384185216
9788383297231
9788383913902
9788327170729
9788384256374
9788328149847
9788383351483
9788383679594
9788325345075
9788308088708
9788382134933
9788383214368
9788382529050
9788381442077
9788327716682
9788328171909
9781398515628
9788324098934
9788368021523
9788382661545
9788382998719
9788490323762
9788396124975
9788310139412
9788367815512
9788408267546
9788382899894
9788301232238
9782253936145
9788376600017
9788383381473
9788327731449
9788381013178
9788382071801
9788380656932
9788382136715
9780140620603
9788383874913
9789664485101
9780521290999
9788368549331
9788382134704
9788382529678
9788381502245
9788382659207
9788382898422
9788382029147
9788381433839
9781509826629
9788383352398
9788311185210
9788366839342
9788324071906
9788382722994
9782070364428
9788323712695
9788382251159
9788381503105
9788383107813
9788382751437
9788368240290
9788384490341
9788383713526
9788381436557
9788324067312
9788375174786
9780241463215
9788301244682
9788395443114
9788383828855
9788381438520
9788365836168
9788396247117
9788381860178
9788382525106
9788381500234
9788382665215
9788383522524
9788382997187
9788382134681
9788382991765
9788382727807
9788381716413
9788380316225
9788384025130
9788367237406
9788328165564
9788383574844
9788383617060
9788382892963
9788377293799
9780205219469
9788326813740
9788368267303
9788380385955
9788367555210
9788382154993
9788368217698
9788367164788
9788381085656
9788381724210
9788383572598
9788363803667
9788383824697
9788328174122
9788328730205
9788327161963
9780349428833
9788361574101
9788301238766
9788326844706
9788328730434
9788367513340
9788383189291
9782373951189
9788382029598
9788328923010
9788328915107
9788367891103
9788328078567
9781250844651
9788326845017
9788382665116
9788383912288
9788382806250
9788383383101
9788381505239
9788383579672
9788379154715
9788377072561
9788366644809
9788328922990
9788382529203
9788383382661
9788368242355
9780241620229
9788381396783
9788383610191
9788381035118
9788382993899
9780007215997
9788368352801
9788382133752
9788380596047
9788382527728
9788381352932
9788328149830
9788377409725
9788373771024
9788383623016
9788383436708
9788367135160
9788328915305
9788328736641
9788381353304
9788383622538
9788326844089
9788375658514
9788328060449
9788382134919
9788368367447
9788383671383
9781406644265
9788382724967
9788383885247
9780723272984
9788327126757
9788377058718
9788366778870
9788375781397
9788310144560
9788382441079
9788383297781
9788383437323
9788367793032
9788327127532
9788368189650
9788384302224
9781509828036
9788368132496
9788320036183
9788383013404
9781784876685
9788382725063
9786171517356
9788368611113
9788383910338
9788396795281
9788327738103
9788383879420
9788328919181
9788380383715
9780552775342
9788375799491
9788324089383
9780141373829
9788383107820
9788381436632
9788381689052
9788382747058
9781784877514
9788384185131
9788381813242
9788396547590
9788311164895
9788384029565
9788379718047
9788368758467
9788328911451
9788384180990
9788395860706
9788378457565
9786175484234
9788382993011
9788368189155
9788370208264
9788367530767
9788383288574
9788301224981
9783518383582
9788328162884
9788384172834
9788383909202
9788328904255
9788382031874
9788368205145
9788378737964
9788382661156
9788367710428
9788383576756
9788308084113
9788381036771
9788383624853
9788328932579
9788383523422
9788382083446
9788396498809
9788362903689
9788382028645
9788324064281
9788368240122
9788379127832
9788310139221
9788368091090
9788383990163
9788379006199
9788381886857
9788308085776
9788381102872
9788328726192
9788365271808
9780241425145
9781408869147
9788381886161
9788378868101
9788327686244
9788381353779
9788381500456
9788382316995
9780241373422
9788301242831
9788373772830
9788308086292
9788383199627
9788311167223
9788328905467
9788328174979
9780008530020
9788383629551
9788382020489
9788382313727
9788383298443
9788328161689
9788381883245
9788382524956
9788383672106
9788383531557
9788328175532
9788368068948
9788381729581
9788381911580
9788380874589
9788367247351
9781909621640
9788301179571
9788383962481
9788323340386
9788382804515
9781910695821
9788383384863
9788367510776
9788383858029
9780241417133
9788380746428
9788381352956
9788384252185
9788368223293
9788370209988
9782266114585
9788383913728
9788326825422
9788367069670
9788383800066
9788382744705
9788381505819
9786178606718
9788373271890
9788375172843
9788368084269
9781526657909
9788383900919
9788383912585
5902983490975
9788382952209
9788395423963
9788327669995
9788367237307
9788324067398
9788368044737
9788381756105
9788366749573
9788368069303
9788382073225
9788381419734
9788382743586
9780747578956
9788368401004
9788382153811
9788384173923
9788308086995
9788377760291
9788328710788
9788383914176
9788383875026
9786171516663
9788367323185
9788382410051
9786175483091
9789661545686
9788324411863
9788378955801
9788382409819
9788360685266
9781509882366
9788368121544
9788370149628
9788375174984
9788328918412
9788370206895
9788382410846
9788301186081
9788360521663
9788363841607
9788368132588
9788383800271
9788367500289
9788374899918
9788384270035
9788375799279
9788381959469
9780241686713
9781788955997
9788383523132
9788323353386
9788327165084
9788327127792
9788383356495
9788383384160
9788311183926
9788327672469
9788383350462
9788383600352
9788327170705
9788328151437
9788328163195
9788375533040
9788383711140
9788384030240
9788383577692
9788301193225
9788368005271
9788308068571
9788382026290
9788368371970
9786175851951
9788383903231
9788364505973
9786177973026
9788383214412
9788328920316
9788383158327
9788381354431
9780356514284
9788383875781
9788382950472
9788324099955
9788382070057
9788380800359
9788324068364
9788308081747
9780241573747
9788362795864
9788382158557
9788324095094
9788384023341
9788368227826
9788381032841
9788382075878
9788377440896
9788383433691
9788328175358
9781909621923
9786177969074
9788308083130
9788382863833
9788396898838
9788383523255
9788328734593
9780241997062
9780241209615
9788381066075
9781398535732
9788383882642
9788382654981
9788328900547
9788368053234
9788328910492
9781781688045
9780593329733
9788382405798
9788382747102
9788368608373
9788383611358
9788384171974
9788308074909
9788383382739
9788328907232
9788383619026
9788383196138
9788308088142
9788383811710
9788382138535
9788383432953
9788382108927
9788368352979
9788383358383
9788308083215
9788381435161
9788367974820
9788328167827
9788368549089
9786171299740
9788378878803
9788381724807
9788310136442
9788366750180
9781804940204
9788328173002
9788368263541
9788368542066
9789606930652
9788301232306
9788365717689
9788368541410
9788308080832
9788368240023
9788384390399
9781292149240
9788373929005
9780007527557
9788366555532
9788383909387
9788327167262
9788327127815
9788379982226
9788381885720
9788382167627
9788324410422
9788367925563
9781405362887
9781529028485
9788381354226
9788328933187
9788384172865
9788383572352
9788383572727
9788383611426
9788368370003
9788383713816
9788382996661
9788367212960
9788383871882
9788367558006
9788381688628
9788366671430
9788383717142
9788308081051
9788381473972
9788368381672
9788383520919
9788366729995
9788328926332
9788382653410
9788379712335
9788384411216
9780099542179
9788327168283
9788368258561
9788383424965
9788368758443
9788382527391
9788382899474
9788308084502
9788320037135
9788367054447
9788328904569
9788382072280
9788383434339
9788327686749
9788383576152
9788308085745
9788381448444
9788382891164
9788324067794
9788381713245
9788366070523
9788382651799
9782070362400
9789669788078
9786178253592
9788383912547
9788377293973
9788384270134
9788381712071
9788326500183
9780241736524
9788383192123
9788383623139
9788301247331
9788365875952
9788370209483
9788368479812
9788383801872
9788328724334
9788381545556
9788327168436
9788377402559
9788383583662
9788382897807
9788383292557
9788380745346
9788368692457
9788384061626
9788366977617
9788381723312
9788328340909
9788364645860
9788368647242
9788320058994
9788383018669
9786178280338
9788383875811
9788381144629
9788366234741
9788396688903
9788381394734
9788366866058
9788383354200
9788382893120
9788383214429
9788382932317
9788377441275
9788375689846
9788328727328
9788328398986
9788383294209
9788382661101
9781419759499
9788328097216
9780008581633
9788382033847
9788366762725
9788327663740
9788368223750
9788381757638
9788366939639
9788379156689
9788384272008
9788366912380
9788328157491
9788328740822
9788364134333
9788383193298
9788383384405
9786180525212
9788368144796
9788384023457
9788301247683
9788383913773
9788372986948
9788383383880
9788382316483
9788328933422
9788324077632
9788375651645
9788383624464
9788367461320
9788381396196
9788367502115
9788382314427
9788383600444
9780241636404
9788383875606
9788382664409
9781804955956
9788382032505
9788383613420
9788366481152
9788383107653
9788395138058
9788383961323
9788382807653
9788382662740
9788381886055
9788301228637
9788383713847
9788328923799
9788383823225
9788383609751
9788397176812
9781787465442
9788324693580
9788310141682
9780552175050
9788329120524
9788383750576
9788382658156
9788301149581
9788325341251
9788375657753
9788382745290
9788396743046
9780241015469
9788382727401
9788378867869
9788324092468
9788324096565
9788380748309
9780349429472
9788383209715
9788383185507
9788368592184
9788364859151
9788324500802
9788383711898
9788381325820
9788324086047
9788324089635
9788382653861
9788311153448
9788382524048
9788383182971
9788383820446
9788301225612
9788383713380
9781292334646
9788381722087
9788383520520
9788379719358
9788383217710
9781509857449
9788383381756
9786171516342
9788328171701
9788379127511
9788383670270
9788320046632
9788328166851
9788382166132
9788311174924
9788328390294
9788325346355
9788382032475
9788366134935
9788368059397
9788368265217
9788324067725
9788365283979
9788383621487
9788311183247
9788366753655
9788367817028
9788367353267
9788381399371
9788328728561
9788383436395
9788383296166
9788384257579
9788375173895
9788381725453
9788383670164
9788383523651
9788328902695
9788324088812
9788328165274
9788382656398
9786171505049
9788377760697
9788328900875
9788325342210
9788382028829
9788366712461
9788367164481
9780241643273
9781775097983
9788366912038
9788328917972
9788367178389
9788368121100
9788386293841
9788383670140
9780552172912
9788370209698
9788325342425
9788384270202
9788383622996
9788368725858
9788383218908
9788375658422
9788383880976
9783311150039
9788367023221
9788383913094
9788384026694
9783518473306
9788367237604
9788327730879
9788383573120
9780241573716
9788846831347
9788383503318
9788368267990
9780141377698
9788381295772
9780008792077
9788378878797
9788382138375
9788383883908
9788368059786
9788328166622
9788364039126
9788328087835
9788380387256
9788383820088
9789664480489
9788382341010
9781408855706
9788383293257
9788383908878
9788310136985
9788383583228
9788383298375
9786175483596
9788323770909
9788381354233
9788311184329
9788366644779
9788367845328
9788382405163
9788382134445
9788379155798
9786175480892
9788366939707
9788328167926
9788377760055
9788367023023
9788367690553
9788360963609
9788383500126
9786176796442
9788384172667
9788378868750
9788366866744
9788383531540
9788383302331
9781804190869
9788396847836
9788367759465
9788366969049
9788383434308
9788327670151
9788382493108
9788382310702
9780811214049
9788328931497
9788364278440
9788308086711
9788382408553
9788383484082
9788366425347
9788384411995
9788368158830
9788377294345
9788383883939
9788382084351
9786175480724
9788384259924
9788383717890
9788381716796
9788375179927
9788383532998
9788371347702
9780141393377
9788382033045
9788320066555
9788308075814
9788379324996
9788383353968
9788310135407
9788301236625
9788384026809
9788327169976
9788328929302
9788383381183
9788328072626
9788327739780
9788383575469
9782370210371
9788383351117
9788383504315
9788367176750
9781138833142
9788382749588
9788367164962
9788323350705
9788380328648
9781835010938
9788382893441
9788325346256
9788367237123
9788381354189
9788382998382
9788384184042
9788368181340
9788378359838
9788301200176
9788381812498
9788383305721
9788328737679
9788367742818
9788383611365
9786171508705
9788368419511
9788384276457
9788311166868
9788328731509
9788365650801
9781800815063
9788367195430
9781292013640
9788383225685
9788380575226
9788382527339
9788324025091
9788383428963
9788382932751
9781292186399
9788310138736
9788383294513
9788379127955
9788382027792
9788368542059
9788328164208
9788308086438
9788328084926
9788379125814
9788382749076
9788381169660
9788328153905
9788301242466
9788367178211
9788383621418
9788311152151
9781526685186
9788328738737
9780582276024
9788327661012
9781648279201
9788301146269
9788381503662
9788383909592
9789403215204
9788379156665
9780141371610
9788389019875
9788368542134
9788383355245
9788367604147
9788383210070
9780008627355
9788384183526
9788301219390
9788366005365
9788327717771
9788328178489
9788328156494
9788327714701
9788383600772
9788383803920
9788328152755
9788368059229
9788367790567
9788383671239
9788382951677
9781405931090
9788383297095
9788363156985
9788383627816
9780435327699
9788383382166
9788328919617
9786171292727
9788367515436
9786177940714
9788381918572
9788327747129
9780008435738
9788364488665
9788326838675
9788383199887
9780008611910
9788383212357
9788383307497
9788381413619
9788367308410
9788383805023
9788383602172
9788383961866
9788383209098
9788380315105
9788328171442
9786177940592
9788382742169
9788325344825
9788383294964
9788380749054
9788328737785
9788382893175
9788328731981
9788366555945
9788382727135
9788383575490
9788383384344
9788328166660
9788383853208
9786178253806
9788328903739
9788301167523
9788320038163
9788324095766
9781786090232
9786178253967
9788368367638
9788383586212
9788368204490
9788301243876
9788383305561
9788383802138
9788367784672
9788367195652
9781529970494
9781408832523
9788377401880
9788368516661
9788368021516
9788393789603
9788383878218
9788377403587
9788328927933
9788381724821
8008324086962
9788367326469
9788383523408
9788368317794
9788366318236
9788383192192
9788328174146
9788383187907
9788383351803
9788361635802
9780582488502
9788324063833
9788382899245
9788380497214
9788301217655
9788381430043
9788328169364
9788383382449
9788383208985
9788846832245
9788381448475
9788367343343
9788308085967
9788382104011
9788301245719
9788382724950
9788382728644
9788383601014
9788383382241
9788382340112
9788311180611
9788383859378
9788380748460
9788325344016
9788324063765
9788382752656
9788324067299
9788368217124
9788301233105
9788365803931
9788325343033
9788383741963
9782070734917
9781608870080
9788327716569
9786171513938
9780241552292
9788328902640
9788395400001
9788327106742
9788328919235
9788328901070
9788382655902
9788326840319
9788384276709
9788377760970
9788383216058
9788374277495
9788383014944
9788383018164
9788324092444
9788383821450
9788383092768
9788373929807
9788324077243
9788383352466
9788396578600
9788301141783
9788328177185
9788368121445
9788383572420
9788364565854
9788384183090
9788328388901
9780571349371
9788381918596
9788380747685
9788382158458
9788380877542
9788368217193
9788898433247
9781786858078
9788383284583
9788383870281
9788368479768
9781035412846
9788368560282
9788382998405
9788382311723
9788308085165
9788328338418
9788382581850
9782070417209
9788384061060
9788320054378
9788383354828
9788383913483
9788368352870
9780349145617
9788328931756
9788383302362
9788384291290
9788377407561
9781473224490
9788381912006
9788383198323
9788383906676
9788328935389
9781835408780
9788383713649
9788380386044
9786175484999
9788301229894
9788327696526
9781646117031
9788375798845
9788382520569
9788368204346
9788301222215
9788382721454
9788423345892
9788382409215
9781529048803
9788377799963
9788328735262
9788382749007
9788396353191
9788367742740
9788383578392
9788383358024
9788382494679
9788308085790
9788380873339
9780241816271
9786175483329
9788368371031
9788381438315
9786171289253
9788383437316
9788325340759
9788384259917
9788368158229
9780099284178
9788321351155
9788382654479
9788381755870
9788383182964
9788382077711
9788368742039
9788380578852
9788383820019
9788382993974
9781292003085
9788384412183
9788365586629
9788327169921
9788370206987
9788327658074
9788382809381
9788379122219
9788383303482
9788368295054
9788367817585
9788382527650
9788383103105
9788383710464
9788382404258
9788383010724
9788382316209
9788324089888
9788328916494
9788483236826
9788327730916
9788395921667
9788383962504
9788382869521
9788383290775
9788383904832
9788381501057
9788308081976
9788328918160
9788366436985
9788327658654
9788377762530
9788383713885
9781785046209
9788384180983
9788381916929
9788366320864
9788383010243
9788328303843
9788321347967
9788311178151
9788396438171
9781509824892
9788384021613
9788370206628
9788365168245
9788382107647
9788382745412
9788367797177
9788396703422
9788367353540
9788382404630
9781974725328
9788328931817
9788326829512
9788381505369
9788382032444
9788381549721
9788367996181
9788383435213
9788367195959
9788382626995
9788368262360
9788383017020
9788381681575
9788324077564
9788301225186
9788383602486
9788377761281
9788382312805
9788368283006
9788327658548
9788320056044
9788382520644
9788385145899
9788381352680
9781784874612
9788328175204
9788383910925
9788308074527
9780241316757
9786171502802
9788326845819
9788383640907
9788395844324
9788384064276
9788368370751
9788383960395
9788383524252
9788368608434
9788381447539
9788382309447
9788383190266
9788368560558
9788310137395
9788396667113
9788383741260
9788308081433
9781909621930
9788308084465
9788367674546
9788383906195
9788367121460
9788328392670
9788381448949
9788367054041
9788383013411
9788383523002
9788377294642
9780349439280
9788372723963
9788328174559
9788382657845
9788384381847
9788383621180
9788367742597
9788382621259
9788381723503
9788381754989
9788301200367
9788384350430
9788378292227
9788328064225
9788325341190
9788328722941
9788381399692
9788370208998
9788367498265
9788384302361
9788382743951
9788383355450
9788380795501
9788301239510
9788382933628
9788382581676
9788383579818
9788374899383
9788324410095
9788381721042
9788382070385
9788328153615
9786177914043
9788367759496
9788381352437
9786178115296
9788383751375
9786176798712
9788381398237
9788328736214
9788367759694
9788328927926
9788368549577
9788383876771
9788383401409
9788325337100
9788383826899
9788383911618
9781638585503
9788382410914
9788383209036
9788328165229
9782017103035
9788308084212
9788381727426
9788382728118
9780135581353
9788328154230
9788325348991
9789664480939
9788368158755
9788382623741
9788380578753
9780241666210
9788328169593
9786177940905
9788382728620
9788368302325
9781909621657
9788381757843
9788308084458
9788384291719
9788368302622
9788383355238
9788325347130
9788375178838
9788326841897
9788383875637
9788380872226
9788381500807
9781529954296
9788380597136
9788383194622
9788383877976
9788383584898
9788370147150
9788327159168
9788384381601
9788383870830
9788397205635
9788368021820
9788382150933
9788311177260
9788367075626
9788382131994
9788368189391
9788367338936
9788383015705
9788383614427
9788383095837
9788383109428
9788380872714
9788383431963
9788375781410
9788383380599
9788368265606
9788328173392
9788383355481
9788383353852
9788366969322
9788383217949
9788387498887
9788383713755
9788381419475
9788327660220
9788367093378
9788324094172
9786171512863
9788382492903
9788328171251
9788383108513
9788384030455
9788367604772
9780140292626
9788382650938
9788382406054
9781803701301
9788366005150
9788383911823
9788320618174
9788383154893
9786178318116
9780224097482
9788383506593
9788389239211
9788328924932
9788368383089
9788382653601
9788382528916
9788311176614
9788383912158
9788382581430
9781909621756
9788368473483
9788383018249
9788367510370
9788381911689
9788311181076
9788328170889
9788367551250
9788328723191
9788381353571
9788380382350
9788366575882
9788328926929
9781546013914
9788381513159
9788384172858
9788377762783
9788375792355
9788383850757
9781782271635
9788382621129
9788383308746
9788368591293
9788301197490
9788381471671
9788381439985
9788397152427
9788324063321
9788327166456
9788381449748
9786175480458
9781501307362
9788382080728
9788310142474
9788368607048
9788382083927
9788382896909
9788383616988
9786175480946
9788383354576
9788383876016
9788383381565
9788301244217
9788380575837
9788383883069
9788382405835
9788368576399
9780241419809
9788368516135
9788377314920
9788367784856
9788384291504
9788370207694
9786171508767
9780753541647
9788364565939
9788382899955
9788384291450
9786171290822
9788320055870
9788376606811
9788326839276
9788328909717
9788383912073
9788328926974
9788368063295
9788382895674
9788383573168
9788383196794
9788382727838
9788367157025
9780008507268
9788368647181
9788367674423
9788326843686
9786171514454
9788381725187
9788382499131
9780205470129
9781804943434
9788381883467
9788382750317
9788382722147
9788382408645
9788367512718
9788383104980
9788382032413
9788382802337
9788383712376
9788327165275
9780500651384
9788366603745
9788367515337
9786171508736
9788382750287
9788384025222
9788382082609
9788324057375
9788375657265
9788367288330
9788380598126
9788383603544
9788383522197
9780241573785
9786171516557
9788367510301
9788375175875
9786175853917
9788301241629
9780141373782
9788381885164
9788383900483
9788383820613
9780241976098
9788384180396
9781803363257
9788366195103
9788363546939
9788328915503
9788375656794
9788320048759
9788324045228
9788383960371
9788328169166
9788375171785
9788384410332
9788367237529
9788324127511
9788386293865
9788383878515
9788382410839
9788382664324
9788311175716
9788367616638
9788396527721
9788383381619
9788328168794
9788383577760
9788397224353
9788383713410
9788381413718
9781783444694
9788383910512
9788328103962
9788384173992
9788382029376
9788367891547
9788326841477
9788383522159
9788381757362
9788366949409
9780099750512
9789667047542
9788301248550
9788383521077
9788301241797
9788383820224
9788375531602
9788377406922
9788328909755
9788368068931
9788373928657
9788394684976
9788310137081
9788383382258
9788383522920
9788328169272
9788383602776
9788327672803
9788368541205
9788382316841
9788301228941
9788383019758
9788382032482
9788328901827
9788383884486
9788383217826
9788367071697
9788382662306
8590228044068
9788381438087
9788320047226
9788381433808
9788308086827
9788383572604
9788375179521
9788382033212
9788367948067
9788383857893
9788381166171
9788380622234
9788310144201
9788382930924
9788301226084
9780563522966
9788328166646
9788366969940
9788377762806
9788383811420
9788328171541
9788328712416
9788382654967
9788368180237
9788375619546
9788327671448
9788383522708
9788383625782
9781785032462
9788395352348
9788382034394
9788383307060
9788301232023
9788383014470
9788375178609
9788308083765
9788382727166
9788375172287
9780008537746
9788320055139
9788384275436
9788382082067
9788366586949
9788366866553
9788328920606
9781398725201
9788368549171
9788383200972
9788383192635
9788384022429
9788381884044
9788301248543
9788328908277
9788328178120
9788367237017
9788381447706
9788301247652
9788383355672
9788383303208
9788373394230
9780241344538
9788382726619
9788384160121
9788383750606
9788382033281
9788383587936
9788368381436
9788327106582
9780099526650
9788496136731
9789664484128
9788383600192
9788328903852
9788367288347
9788381814096
9781405910637
9788381689700
9788383157900
9781471589560
9788368295238
9788383619774
9788368364354
9788328905290
9780751540475
9788383292137
9788383211251
9788368144758
9788383710556
9788328924758
9788382312980
9788382309201
9780008748494
9788382227505
9788327738844
9788328170827
9788328171695
9788308074749
9788382725070
9788301222321
9788383207339
9788327155764
9788328900776
9788368005707
9788383623474
9788311167520
9788384183601
9788382164893
9788367859356
9788383181509
9788382655193
9788383717999
9788301248062
9788370148225
9781784871673
9786175484937
9788368541069
9788383500409
9788366577428
9788311175778
9788382521405
9788381814942
9781529151787
9788382410440
9788327715456
9786177688296
9788382750409
9782210754751
9781035005352
9788383432793
9781783440894
9788397205628
9788382034219
9788381770095
9788308085264
9788368144543
9788383183107
9788368181111
9788381436489
9788373929388
9786176791041
9788382073515
9788368576344
9788367338363
9788368053258
9788368647297
9788328738126
9788380385207
9788397572416
9788367715447
9788382225853
9788367674386
9788383574127
9786171507838
9788383350783
9788324096633
9788383194943
9788380598225
9788383436333
9788383878317
9788301238254
9788384240168
9788324099634
9788397548947
9786171514249
9788384276464
9788377760840
9788324401642
9788383502564
9788383740546
9788383716879
9788368121360
9781787303133
9788383719351
9780141339665
9780672326141
9788383613758
9788380756915
9788366501065
9788380759817
9788382582284
9788328927841
9788380838840
9781804942413
9780135800911
9788383740331
9788367665131
8008324082346
9788301236588
9788380386556
9788382727814
9788375651508
9788367805711
9781405298605
9788383676166
9782070384587
9781444720716
9788367822022
9780141187884
9788367931878
9788381814966
9788383383064
9788383380896
9788311173477
9788311168916
9788382025873
9788383904696
9788328165618
9788375793956
9788383627366
9788328064799
9780349437019
9788384028209
9788367195317
9788382314861
9788368158915
9788373394315
9788383382326
9788373927995
9788383851761
9788308085769
9788328166103
9788383302904
9788381448505
9786171514195
9788301243883
9788383603223
9788395858543
9788380598508
9782012101340
9788328174443
9788383355948
9788368121995
9781529425314
9788327662552
9788383520315
9781408723791
9788308062432
9788382933604
9788384270622
9788365684851
9788367520546
9788327670403
9788380745650
9788383219196
9788381419468
9788383214320
9786178012021
9788383821696
9788383600697
9788383523491
9788383850672
9788328171794
9788381327299
9788366070974
9788301242725
9788328170698
9788383850474
9788382498370
9783846601594
9788308065549
9788381398688
9788378066996
9788381350143
9788383217932
9788378985662
9788384300763
9781847493415
9788368158892
9788382032291
9788328912496
9788383380667
9788383380650
9788381889957
9788380089846
9788383213446
9788379156368
9788382993622
9788325336189
9781784705817
9788379324002
9788383714264
9788370146030
9788382025774
9788366057487
9788326826337
9788328711662
9780571365470
9788383623481
9788328907638
9788383674070
9788301248888
9788328922068
9788383198170
9780141362984
9788384380987
9788382952438
9788301210854
9788382222203
9788383714479
9788379718832
9788328902183
9780135381212
9788383292762
9788375799736
9788383509938
9788384020654
9788368367102
9788381354806
9788384301180
9788381445344
9788367710206
9788327167941
9788383873831
9786176798408
9788383195414
9788328925755
9788311184923
9788311170346
9788324093670
9788368370287
9781474936811
9788389632777
9788374013673
9788324226986
9788381415668
9788383870816
9788381418362
9780099505648
9788366481589
9788327107879
9781638583011
9788382991406
9788328737730
9788328066397
9788381814621
9788308083499
9788382034806
9788382662139
9788363842116
9788367816991
9788381758253
9788366178816
9788383621395
9788383870014
9788381352659
9788382028621
9788382310375
9788324095483
9788328912809
9788383715445
9788382071061
9788320053104
9788383672434
9788328915350
9780007902248
9786175232019
9788382862768
9781399743952
9788367215671
9788367816397
9788383303437
9788383215990
9788381880084
9788383295718
9788301236915
9788383678948
9788383437521
9788366338890
9788301236755
9788308081426
9788384172063
9788325345051
9788360229460
9788324060405
9788383381336
9788324098996
9788384253953
9788383800516
9788384022368
9788367974851
9788382655155
9788383804286
9788383381527
9788366356627
9780007438792
9780241370780
9782070380985
9788380599949
9788368381139
9788382998795
9788382664287
9788382133929
9788367075923
9788366451292
9788383853147
9788383106144
9788328918191
9788325341770
9788382898279
9781399755672
9781408855683
9788367247566
9788383627519
9788382749199
9788381726801
9788368560589
9788382158540
9788381414180
9788368240467
9788386293827
9788382581669
9788375655506
9788367323246
9788383713946
9788368402155
9788368541809
9788375177954
9788383618296
9788328178434
9788301223106
9788382654554
9788383171760
9788368541113
9788382650976
9780349433448
9788328170551
9788328167780
9788383575070
9781292098364
9788362233533
9788327417282
9788383870755
9788324077625
9781399736695
9788381919029
9788383908960
9788328728684
9781445182667
9788383962207
9788324067992
9788382743777
9780349433103
9788381815284
9788383355269
9788367823227
9788367515641
9788301244200
9788382082869
9788310143631
9788382952872
9788382663846
9788381716154
9788383201009
9788311164253
9788368217537
9788301242091
9788328153790
9788383383804
9788382071986
9788368674170
9781617292958
9788380872820
9788381354158
9788382104370
9788382290660
9788367075787
9788326840449
9788383521893
9788324095667
9788378875338
9788383875330
9781529029581
9788381414852
3010000013044
9788368240580
9788382727142
9788368383034
9788382748994
9788368132564
9788366057913
9788381591034
9788382664263
9781638581567
9788368227673
9788310141026
9788328151802
9788382742138
9788328930384
9788383875354
9788311163362
9788328903234
9788328726864
9781474991803
9788326845956
9788382083378
9788301222390
9788324089475
9788383902746
9788308085134
9788380386204
9788301246266
9788367515870
9788308086124
9788380757578
9780321934154
9781836182559
9781405932578
9788328915251
9788328914063
9788382665024
9788375942484
9788365717658
9788324069286
9788370208684
9788381684774
9788368280098
9788383802169
9788396918017
9788328728394
9788365230416
9788328166875
9788384440377
9788383804880
9788371849213
9788367341981
9788301243067
9788384258668
9788328171145
9788327746672
9788383713878
9788308081808
9788382411744
9788381578905
9788417757489
9788368541427
9788381394116
9788384380802
9788380153868
9788367875974
9788367034128
9788383624716
9788381506458
9788383907246
9788366005730
9789666799909
9788381725149
9788324238491
9788368158014
9788382304312
9788367195492
9788382992632
9788383712215
9788320053326
9788367121644
9788301245979
9788382743180
9788368317947
9788373929753
9788372988935
9788327127228
9780140053975
9788329100823
9788375792775
9788382083606
9788383570648
9788311180048
9788384380017
9788383621562
9788383622507
9788382660722
9788382313468
9781292419640
9788324088324
9788383820750
9788324075164
9788381352000
9788381689656
9788327680624
9788366416611
9788382133424
9788324068425
9781648279225
9788375657197
9788383357027
9788301238049
9788328719149
9788328721692
9788374090049
9788384270370
9788383192666
9788368370317
9788367793445
9781529151817
9781409599142
9788301206246
9788383522463
9788383601120
9788325344979
9788367515931
9788383015231
9788383154220
9788327169693
9788362842070
9788320046069
9788328379367
9788384381182
9788328931732
9788301231521
9788381860208
9788383303680
9788467052985
9788383586366
9788308086018
9788384380178
9788368371444
9788384256404
9788365155665
9788382408508
9788323755722
9788367498838
9788377761670
9788367338882
9788383585482
9788382951226
9788368611601
9788383713168
9788384271919
9781409570400
9788375764116
9781638585527
9786171515413
9788383384795
9788383825366
9788381884051
9788382724905
9788366310933
9788328054226
9788383222059
9788383589541
9788375171631
9788373271739
9788381811989
9788328173255
9788370207472
9788383019734
9788383295770
9788326827204
9788328164697
9788368135138
9788328176010
9788328733701
9788381754255
9788381723381
9788328732759
9788382722451
9788383820057
9788383017501
9788383524092
9788383678252
9788384160244
9788380383838
9788384380901
9788383216188
9788382727548
9788384240373
9788383589664
9788375780666
9786171501713
9788367178037
9788383533261
9788383740478
9788327673411
9788328909809
9788381012492
9788368562002
9781847496331
9788328916142
9788381354561
9788382952698
9781444006162
9788382723052
9788384185629
9788368005547
9788382223255
9788381955683
9788382025606
9788383874234
9788383298962
9788383107752
9788382809442
9788301164256
9788328063587
9788368265897
9780552778374
9788383676685
9788308084342
9788383298382
9788324089154
9788380322592
9788368068986
9788377918869
9781444968927
9788383903477
9788381417440
9788373773608
9788382662818
9788328157910
9788382729818
9788383910291
9788382664300
9788367710886
9788328905009
9780755399444
9788380749191
9788381688741
9780241486122
9788327105134
9788375175349
9788311177130
9788326827259
9788381755580
9788382031454
9788328915534
9788381714082
9788367668545
9788308065396
9788383960715
9788375178647
9780133540208
9788383108292
9788382403510
9788384380925
9788381351973
9780593063972
9788382998788
9788383913230
9788301246495
9788383521466
9788368227536
9788327163868
9788368370959
9788301213466
9780349439525
9788368121407
9788366013940
9788381435819
9788377440803
9788395423970
9788381353977
9788325342227
9788328903791
9781529153323
9788368607086
9788368283204
9788328921139
9788301184131
9788382413229
9788383884233
9788383870120
9788382725179
9788381505185
9788327731142
9788367996334
9788381726122
9788383873671
9788383910277
9781408845646
9788367949347
9788328162600
9788311181311
9783548234106
9788383903415
9782200636265
9788324064977
9788383382340
9788308083611
9788367793902
9788366555983
9788328913493
9788324057771
9788380329720
9788383671574
9788320062823
9788328910164
9788308088531
9788381758338
9788328926004
9788383294155
9788383577524
9788381919456
9788367338615
9786178318024
9788384020081
9788328155022
9788328167735
9788382655728
9788384061473
9788383523705
9788368541977
9788368218008
9788368479430
9788368542349
9788324089802
9788383302249
9788383900568
9788383577654
9788379855902
9788324096046
9788379158157
9788383906041
9788382083866
9788328736924
9788381354042
9788367262262
9788367759441
9788383106038
9788383854441
9781399622752
9788324069149
9781398700390
9780735698956
9788382083910
9788366329874
9788328163096
9781805075622
9788367323062
9788383107349
9781037202414
9788368069396
9788384183199
9788379124268
9788383910802
9788383850375
9788381755825
9788394725457
9788324095742
9788328174207
9785867121594
9788364311321
9788366085602
9788383903903
9788324095452
9788367742429
9786178093082
9788328051416
9788328917736
9788375081695
9788324238620
9788301144470
9788381353878
9788325341572
9788301235093
9788383186986
9788367353397
9788308049396
9788396649294
9788367925679
9788469668320
9788368204896
9788301245993
9786177688784
9788383600758
9782070408832
9788328083394
9788367616577
9788324089352
9788368380484
9788382226416
9788326838613
9788379326303
9788383676845
9788383573281
9788383292502
9788381883542
9788383751764
978837014712920
9788382991956
9788397690417
9788381885836
9788384253687
9788328065529
9788366234109
9788327106230
9788379327881
9788383960869
9788381320726
9788367931953
9788368265248
9786177940745
9788328174672
9788383291550
9788466377478
9788382310832
9788383524009
9788389157751
9788383301341
9783836583169
9788375172706
9788383503738
9788328916791
9781783441976
9788328089082
9788383856353
9782253149057
9788376489650
9788383108421
9788383875989
9788368158137
9781529115543
9788382726022
9788328720862
9788377468029
9788383293684
9780552177429
9788382524819
9788395797347
9781464257827
9788328337176
9788370208561
9788368109771
9788301160593
9788383305530
9788383822815
9788380158641
9788371342509
9788383010533
9788328168657
9788384256442
9788381813310
9782070141814
9788379719075
9788383381176
9788382138351
9788382729078
9780241524244
9788364391767
9788380798113
9788383616933
9788383800622
9780552579162
9788383383972
9788383914169
9788367616874
9788384291320
9788381447584
9788383351179
9788383380254
9788379300631
9788382070958
9788383713212
9788327670335
9788377296608
9788360963845
9788383294926
9788368364965
9788370209452
9788368549355
9788383910178
9788370209353
9788327417251
9788328908970
9788371838118
9788380576308
9788382743661
9788382722192
9788381693257
9786171506480
9788382032963
9788382220278
9788367341783
9788324069453
9788384410622
9788384251164
9786176798736
5904811062507
9788360685358
9788382034363
9788365506986
9786176798439
9788326441868
9786171512245
9788384171448
9788311174993
9788383211770
9788381725163
9780241597026
9788383670591
9781617295775
9788380342675
9788382604405
9788381755832
9788383613925
9788367515085
9788368262407
9788363156626
9788328337718
9788381813570
9788368189377
9788381914154
9788382898644
9788366232334
9788382028492
9788383306872
9788328096158
9788325344078
9781035432660
9788384270677
9788383380186
9788368144130
9788368045420
9788384490457
9788383107318
9788368227567
9788327169150
9788328124387
9788381506700
9788382027839
9788327738622
9788383383491
9788308088951
9788382081138
9781974762019
9788324095421
9788367054140
9788327170798
9788370208035
9788384300695
9788382665222
9788383193687
9788327498250
9788328174771
9788375799408
9780241342435
9788367216173
9788383853383
9788367974424
9788396438140
9788383018386
9788382658477
9788382657609
9788381916288
9788368692495
9788310143204
9788301231576
9788381162142
9788383852966
9780241723067
9788382313413
9788301233945
9788368109092
9788384254165
9788391667750
9780063269088
9788381958318
9788383903316
9788377408506
9788328909960
9788383802343
9788381323222
9788382224566
9788383574868
9788383350790
9788328060296
9788383380919
9788383851006
9788383617022
9788311181403
9788328135420
9788383522104
9788324099023
9788377294611
9788370208400
9788320046472
9788383852089
9781785150913
9788377408742
9788367805469
9788328170230
9780241333112
9780133966152
9788327670434
9788383855547
9788381915458
9788327106452
9788375799156
9788383874524
9788320062595
9788384023242
9788383356570
9788311179257
9788383108445
9788384253014
9788383355399
9788381755320
9788328911673
9781804992425
9788327739742
9788328727496
9788383215365
9788383380704
9788367925525
9788379127641
9788383884202
9788382403763
9788327165299
9788382311341
9788377402504
9788381727679
9788383307091
9788368338218
9788382995923
9781784750756
9788384021538
9788367805896
9788381353908
9788328910058
9788382740103
9788380086494
9788380599611
9788308080788
9788383717944
9788327668844
9788383291499
9788301236328
9788308083635
9788367502191
9788328169180
9788383018126
9788381415682
9788379123360
9788368045956
9788383881331
9788328912502
9788394525521
9788383106571
9788373272453
9789669153128
9788381721035
9788367212441
9788381325103
9788380384095
9781399716994
9788368591323
9788382314816
9788368436709
9788382314878
9782253012696
9788327168443
9780099558026
9788310138460
9788328146426
9788380576858
9788383307527
9788395550034
9788367195874
9788382809435
9788382527315
9788311172258
9788380694316
9788380747043
9788328739055
9786177940424
9788383150055
9788384020104
9788375799552
9788383523736
9788301239350
9788382310870
9788379660346
9788076881075
9786175230145
9788382134735
9788383913117
9788375481150
9788328907904
9788375178746
9788382411010
9788383811406
9788370208936
9788320050868
9788327162236
9788368242560
9788327106940
9786177388752
9788383383156
9788328914889
9788301247720
9788382523713
9788375799576
9788382310658
9788367093392
9788384182420
9788311179158
9788382167856
9788383876429
9788328170636
9788396656148
9788381754262
9788327106179
9788368053579
9788368302615
9788328903371
9788377771761
9780241994269
9788325347451
9788377762714
9782072999994
9780136824152
9788383901442
9788328155749
9788382582239
9788378458975
9780316587440
9788367996457
9788327746320
9788361844457
9788381448710
9780136746911
9788325344085
9788383822983
9788324099214
9788301249472
9788364565908
9788370206451
9788311182479
9788383522432
9788382520309
9788366134676
9788382306712
9788368045048
9788381395076
9788328158733
9788301248901
9788383713496
9788328720534
9788327169211
9788328170544
9788381506175
9788324098095
9788367450805
9788383713175
9788368473360
9788383876146
9788368589443
9788383678696
9788380495012
9788328175600
9788382951998
9788382410402
9788328046306
9788381919043
9788383297644
9788381727884
9788374899727
9788362577781
9788308084700
9788327168566
9788301236120
9788368542073
9788308086179
9788367288057
9781849392853
9788379673353
9788377730973
9788382996647
9788327696540
9783832165161
9788327106759
9788382721379
9788381506090
9788381435000
9788383291291
9788368331455
9788380327108
9788382661538
9780241656839
9788383354484
9788368295757
9788383616209
9788381889810
9788383588414
9788375760781
9788379713929
9788382498103
9788383619873
9780892818693
9788382753004
9788382304343
9788368608465
9788367845670
9788368381429
9788382996005
9788328737211
5907762000710
9788368479577
9788383610924
9788308084885
9788381416917
9788301247010
9788377469132
9788366416307
9788383220109
9788382724318
9788382521382
9788380498723
9788381352871
9788368227376
9788383383231
9788367178013
9788324098910
9781408749616
9788375175622
9788375655735
9788382406344
9788383911014
9788367323055
9788382664294
9788382651867
9788478644865
9788375653694
9780241982976
9788383430850
9788383575483
9781408869154
9788381444415
9788301200138
9788384171332
9788384174609
9788328902701
9788366178557
9788383877952
9788301229672
9788301233440
9788362779727
9788367195409
9781784874568
9788384185575
9780349440750
9788382652833
9788366890794
9788325339500
9788382075182
9788381084376
9788383577708
9781405936026
9780007555345
9788381861427
9788381719452
9788384160480
9788383108742
9788381411714
9788328910874
9788382727593
9788382312874
9788365944597
9788394138677
9788328095755
9788382023947
9788324069019
9780141398006
9788379126958
9780241619742
9788324095971
9788382138092
9788377761243
9788383961958
9788365401762
9788367353212
9788384021460
9788363803674
9788383155661
9788367793339
9788384440247
9788328170438
9788383521305
9789664484333
9788367996495
9788370148799
9788384020012
9788383430126
9788328164420
9788381399883
9788382529708
9788383913834
9788308052822
9781784705237
9788301213282
9789669788061
9788328927698
9788382995732
9780552575973
9788383741635
9788383625607
9788328163010
9788378655770
9786179502651
9788386293797
9788386293742
9786171516380
9788328929401
9780273785224
9788382107654
9788362309092
9788328092563
9788373273252
9788384240724
9780007466719
9788382893472
9788328909885
9788328164970
9788381351898
9788382742145
9788382405071
9788381326445
9788368283099
9788379935161
9788383218038
9788368262872
9788301190873
9788380875647
9788367237499
9788383215983
9788328168039
9788301223441
9788382806137
9788383622521
9788379998739
9782382460153
9788326828355
9788367793476
9781836042433
9788368053104
9788366329188
9788365351548
8590228053053
9788383523644
9788383357607
9788365773609
9788326838699
9788383877037
9780553819205
9788383209159
9788310144614
9786171291461
9788328913288
9788311173781
9786177395200
9788383619842
9788379324415
9788328730618
9788382034295
9788383521978
9788368674149
9788382658491
9788367690119
9781405297714
9788466351935
9788372505026
9788383195476
9788383530451
9788327127501
9788384020098
9788381502634
9788382893380
9781846590016
9788382225914
9788327746733
9788328092655
9788328900394
9781784700140
9788375150780
9788383640525
9788377760789
9788311182301
9780723299073
9781526654755
9788382582109
9788308088036
9788328723757
9788382309461
9788382952858
9788382083828
9788362903771
9788327166227
9781398527638
9788376725055
9788382581300
9788308083789
9788383216119
9789664442883
9788366511910
9788328909144
9788383108254
9788382317237
9788382078930
9782710384274
9788397062900
9788383357164
9788326843549
9788383822228
9788382081503
9788383503165
9788383713250
9788328900882
9788381885645
9788328153127
9788368217667
9788381684118
9788368370058
9788326840128
9788368562415
9788367323048
9788328909762
9788368692419
9788382933116
9788367845779
9788366778061
9788367925570
9788382745450
9788383611129
9788384270158
9788367426374
9788382749120
9780241352441
9786171514478
9788365964045
9788380576315
9788383910093
9788368599183
9788383199436
9788381812597
9788382998733
9788377797624
9788320620368
9788310144515
9788382075946
9788384390535
9788368516104
9788324068302
9788325345310
9786171507111
9788375175912
9788379125852
9788328914261
9788368283761
9788367816267
9788381295611
9788383015811
9788367075442
9788383875941
9788382727623
9788328153844
9788378879138
9788373929821
9788383522647
9788382137842
9788327165305
9788383909271
9788368180138
9788373271616
9781408725795
9788375171822
9788383309439
9788311170810
9788368364705
9788328735576
9788367690911
9788324068258
9788381068956
9788327671639
9788368135404
9788377736265
9788328164437
9788301171681
9788367075480
9788383098234
9788383960685
9788328721746
9788383710143
9788328720220
9788328915596
9788383678573
9788382950816
9788328934986
9781515359296
9788365717016
9788368132113
9788383901596
9788383108223
9780135224960
9788384024300
9788396795267
9788375780598
9788382657142
9788382953749
9788383216157
9788365650856
9788308085486
9788328914537
9788383676135
9788383908595
9786177395255
9788383900940
9781803704913
9788383017525
9786175853832
9788368265064
9788383284736
9788383871936
9788324094332
9781398723603
9788320064452
9788368586251
9788301232092
9788370208479
9788383521442
9788368263374
9788367512695
9788367974677
9788383106113
9788381446334
9788383106090
9788328388079
9788328099586
9788367784337
9788383981031
9788382496413
9788368227390
9788379159437
9788378454595
9788381723626
9780241372357
9788383676883
9788383356518
9788366416901
9788382073263
9788383019963
9788367996587
9788327167477
9788327695895
9788326844713
9788368382518
9786171507968
9788375176261
9788381066792
9781616207465
9788383587271
9780241628560
9788383150864
9788367845038
9788383523699
9788380598782
9788367353281
9780099543572
9788383522593
9788382605075
9788367212670
9788328922679
9788396348982
9788368364439
9780241770511
9788308086285
9788328912144
9788381813563
9788383716916
9788383019970
9788368302561
9788383218113
9788311166547
9788383303895
9788301230159
9788384021897
9788311170117
9788364045660
9788383622163
9788383384054
9788328173026
9788383640440
9788324060436
9788382664874
9788324064366
9788381812139
9788383531915
9788308084816
9782746823075
9788382795080
9788382581980
9788366136649
9788383717975
9788301240363
9788368059175
9788368240412
9788382342147
9788381754286
9788328931381
9788368263916
9788368258707
9788328917484
9788383380162
9788367665261
9788368223743
9788327430014
9788383297200
9788325348571
9788396458230
9788379642601
9788327687463
9780241618455
9788368217582
9788368364569
9788380624993
9788384380055
9788368265071
9788384272060
9788383104928
9788370209964
9788383878621
9788383883977
9788320062748
9788375658507
9788383190273
9780061189135
9788301236175
9788380746329
9788368592252
9788368610260
9788368350227
9788466371230
9788365373717
9788383199184
9788328730687
9788367784610
9788381592314
9786177940943
9788384240236
9788368576092
9788308088944
9788382082074
9788324069439
9789664482407
9788383751382
9788326842269
9780131479418
9788382725544
9788367845724
9788383570334
9788328722439
9788368181241
9788373929241
9788397454309
9780205795499
9788328920996
9788301232634
9788395604546
9780099513421
9788325582371
9788324087112
9788311175983
9788368542004
9788383621494
9788383108766
9786175854051
9788324099689
9788381811965
9788381757102
9788383853833
9788382999457
9788382809367
9788383183756
9788378451006
9788320064445
9788328045958
9780099590088
9788328913431
9788311176034
9788328904088
9788368295498
9786171517431
9788384171721
9788368258943
9788375172744
9788383193694
9788381885935
9788361187141
9788311180642
9788328714007
9788383189789
9788382720945
9788381060981
9788384030103
9788383290355
9782253238027
9782070440788
9788380652682
9788328732933
9788384024287
9788384182123
9788383522241
9789661545952
9788382529982
9788328739222
9788383352343
9788383588605
9788310140500
9788324052042
9788375798340
9785040964123
9788310141118
9788382024074
9781638582533
9788382313185
9788320061178
9788383589824
9786171508101
9786175481936
9788367859059
9788326836015
9788384171967
9788328928053
9786175230435
9788368591033
9788368228342
9788368383027
9788383383606
9788383223421
9780137589739
9788381327091
9788397128170
9788308084601
9788384183731
9788382251647
9788381860185
9788383611938
9788311185005
9788328923188
9788367925815
9788381810401
9782090341508
9788367551625
9788381693493
9788367176873
9788381353526
9788384390573
9788368577174
9788381393232
9786171512733
9788301208080
9788397263352
9788396524805
9788383589572
9788397474208
9788310138811
9788382029697
9788380081666
9788308083994
9788382029314
9788382628067
9788370208929
9788383854434
9788380590274
9788382723847
9788311185104
9788326842467
9788384180426
9788328114173
9788373270282
9788368045086
9788311170339
9788378878919
9788368473001
9788382075441
9788384061800
9788367949033
9788375175806
9788380574397
9788365964199
9788383610689
9788368383829
9788373272736
9788383962849
9788301223816
9788383198446
9788368191325
9788328925489
9788381543316
9788383679396
9788381724029
9788382801781
9788325342449
9788394774622
9788382317688
9788327168382
9780141331461
9788381811255
9788368370157
9788375155617
9788381353915
9788381447843
9788382022575
9788368516548
9788328915145
9788383011653
9788362779376
9782253118619
9788368021967
9788383804156
9788379716098
9788380380929
9788383191683
9788328932814
9788383601182
9788382131550
9788366384507
9788383383736
9788381354080
9788383292618
9782728929931
9788370207540
9788368479911
9788380877115
9788328165595
9788383014463
9788381543651
9788379124381
9788381811279
9788370208608
9788382991918
9788301244019
9788368383119
9788384251386
9788383611440
9788328177123
9786175484203
9786175232507
9788384025239
9788382307832
9788420610849
9788382526905
9788301199906
9788328732155
9788310143716
9788377770986
9788366650541
9788328912083
9788379124039
9781474997805
9788381143882
9788368218732
9788382403749
9788383291222
9788383432618
9788367813549
9788384440285
9788383618586
9788368516074
9788383962436
9788384174210
9788310138620
9788380386679
9788383627359
9788383180298
9788367426244
9788382726442
9788381108614
9788366085800
9786178093051
9788366749450
9788383884059
9788376747491
9788383910963
9788380796508
9788301237172
9788380328532
9788383873183
9780061950728
9788368350302
9788367341400
9788380081222
9788328390683
9788384021576
9788383625416
9788383350448
9788328172197
9788364278266
9788382747171
9788368263589
9788367121934
9788328702868
9788375178982
9788368692884
9781529012118
9782017052630
9788384175941
9788383383705
9788383382678
9788381419628
9788328173132
9788311177116
9788308084250
9788397553231
9788381069748
9788328734173
9788383383996
9788383980836
9788368265880
9788324087099
9788366201415
8590228052025
9788383380858
9788326837968
9788383751412
9788381506298
9781617295744
9788327166739
9780224099349
9788383382883
9788382747140
9788383880174
9788301221973
9788328178885
9781849393874
9788382653588
9788378749202
9788384173701
9788382308921
9788382995671
9788383299457
9788366630734
9788328727106
9788380594531
9788383717111
9788367996280
9788382411881
9788384382387
9788384180501
9781408736661
9788324068623
9788328908611
9788382951417
9788325344993
9788383215754
9786177940448
9788381419000
9788382993059
9780008537722
9788381106252
9788380748071
9788382721737
9788383713861
9788384026724
9788327658555
9788383353739
9788366573130
9788324094912
9788382526400
9788383109237
9780099933205
9780241654613
9788375798807
9788383522050
9788383018423
9788382746716
9788301236182
9788366613997
9788365970312
9788383500966
9788383828138
9788328734562
9788383641492
9788384440322
9788367665247
9788324061709
9788327166647
9788328737167
9788382107739
9788382409291
9788379125111
9788382413298
9788324051656
9783730600498
9788368479379
9788382523607
9788364311284
9788383741222
9788377056509
9788381326896
9788328737129
9788382410877
9788382033038
9788383305820
9789669153531
9788320062830
9781911750093
9788324099108
9788381505772
9789662792300
9788368043266
9782253160885
9788383750453
9788383583273
9788379325221
9788368516272
9788383306537
9788383013688
9788328914360
9788382933000
9788311164864
9788366778276
9788382032345
9788382750850
9788381354974
9788328926318
9788328906228
9788384240670
9788328724785
9780553371314
9786171514256
9781350933408
9788368560763
9788383191102
9788381757454
9788383719146
9788301231262
9788384021521
9788383602004
9788325339531
9788381507011
9788327107596
9788368242331
9788381715010
9788379323388
9788368063288
9788383905969
9788327686350
9788383523149
9788381718981
9788383913209
9788328387164
9788383292038
9788366116634
9788383884141
9788382723526
9788382410037
9788381446693
9788380579712
9788383352589
9788384081549
9788383522975
9788301192549
9788381449700
9786171511385
9781785788352
9780786965687
9788396644091
9788323755678
9788383714455
9788383017402
9788301236854
9788367262644
9788328162419
9788383853406
9780838466773
9788383436937
9788382526226
9788378450696
9788328739031
9788382933093
9788382403497
9788382251630
9788365614261
9788382510515
9788367334891
9788382861945
9788381812047
9781510105256
9788382724332
9788384253212
9788381352789
9788382663563
9788380498204
9780140283105
9788367948104
9788327162090
9788328094826
9781784708283
9788379128037
9788327168252
9788383584379
9786171514447
9788324411764
9788382623611
9788383209845
9788328722422
9788383104652
9788383900360
9788328910522
9788384173763
9783423262446
9781509835164
9788846829016
9788301244033
9788327163097
9788324084371
9788382159868
9788326812262
9788327170330
9788325339852
9788328164369
9788368132397
9788328390652
9780241391730
9788383351582
9780321767530
9788384240137
9788383013053
9788383740461
9788375799118
9788410399013
9788383381657
9788328721319
9788367889292
9788382950526
9788368053067
9788383531359
9788379649570
9788365400857
9788383428833
9788382724578
9788381753265
9788368189407
9788381729154
9788384256367
9788383981130
9788384060162
9788368516678
9788382410754
9788381445337
9788396693082
9780007541935
9788368227697
9788382309126
9788367551564
9788320055702
9788397275942
9788382490022
9788328909090
9788382656992
9788383570341
8590228036704
9788383679570
9788382899610
9788382742213
9780273719588
9788382081749
9788320060171
9788328077669
9788368267563
9788383109329
9788368295313
9788383357645
9788383104362
9788368592085
9780718183882
9788383911793
9788383718071
9780134685892
9788328125735
9788383520575
9780141387604
9788383811734
9780241372777
9788382497199
9783311150978
9780349441641
9788328930964
9788381728027
9788328174818
9783311100751
9788368226638
9788382952186
9788328162693
9788384300756
9788328931770
9788383180779
9788328119130
9788327128034
9788324231416
9788382749670
9788382411171
9788383827520
9788325341787
9788324584895
9788325335779
9788367237543
9788328918146
9788301234645
9788383502625
9788384270547
9788328015326
9788384030066
9782070782369
9788320055108
9788328069039
9788383880433
9788383190860
9780349436357
9786177969050
9788367757140
9788310141316
9788382104981
9788382997200
9788328922143
9786178115975
9788365717788
9788324076048
9788301230005
9780008663339
9780241476178
9788368068719
9788383579429
9788325339104
9788382411423
9788381727716
9788380382022
9788382722161
9788383629568
9788301183523
9788367512442
9788367216005
9788366846579
9788367338509
9788383382036
9788380571945
9788366611320
9788376867274
9788382953794
9788381883580
9788381688925
9788368576672
9788397965614
9788366429024
9788381327220
9788389859860
9781398515697
9781494335700
9788327663634
9788383913216
9788384380444
9788383211329
9788324098774
9781409313236
9781784160999
9788384180969
9780198332565
9788324095889
9788383577685
9788384171776
9786171512092
9788383292120
9788328092556
9788381685641
9781409341260
9786176792468
9788368381054
9788381066884
9788367545242
9788397047860
9788380497085
9788383741840
9788366736214
9788382134377
9788326841842
9788383018942
9788375026849
9788328177284
9788308080603
9788368240214
9788328135390
9788383185170
9788383612300
9788327715869
9788327125965
9788383611808
9788368205008
9788328902947
9788383380605
9786175852453
9788327126924
9788327746849
9788397002739
9788366285484
9788328925106
9788328928749
9788392256144
9781526617187
9788381353212
9788382082357
9788380498242
9788384390054
9788378868354
9788382132663
9788328737082
9788308088647
9788381719070
9788382310443
9788382800647
9788384185155
9788366219960
9788327291660
9788383435244
9781474922753
9788328393745
9788310139177
9788366068353
9788328157774
9788384460276
9788308086308
9788326837999
9788368541953
9788382652246
9788379156894
9788360963548
9788327164599
9782072878497
9788328925762
9788324065059
9788382528886
9780702328909
9788380624184
9788383900179
9788382529159
9788383870724
9788379154074
9788382138344
9788367500326
9788367758284
9788328723900
9788383710167
9788383820071
9788381880121
9788381729932
9788324095001
9780241330234
9788328076563
9788381503068
9788384170519
9788384174685
9788327670793
9788328165540
9789661091152
9786171286498
9788328733619
9788366501263
9788383912318
9788328734265
9788368800104
9788368045260
9788383589428
9788328162570
9788328727090
9788383214818
9788327658753
9788396823953
9788383383835
9781399712910
9788367727105
9788382662023
9788381474993
9788324092116
9788368263084
9788320053562
9788381503310
9788366335509
9788368471472
9788382723786
9788368576573
9788383098678
9788368267846
9788301248260
9788383742052
9788384412329
9788311181779
9788327106704
9788328735750
9788375657234
9788382135770
9788382139716
9788327687470
9788383382302
9788383505473
9788383103198
9788368144697
9788382072402
9788381812023
9786178076153
9788381504591
9788383912400
9788328135369
9788383878188
9788381507028
9780747596615
9788383618357
9782010056406
9788301237059
9788382133134
9788328735620
9788380874466
9788383293356
9788380878716
9788382749632
9788382581171
9788380986916
9788308081921
9788383297071
9788328075870
9788327739612
9780008402785
9788328164130
9788383199504
9788362199754
9788327106476
9780141392462
9788328165267
9788311184244
9788383913629
9788383523187
9788375176551
9788376491851
9788375153514
9788328171268
9788327166265
9788328930711
9788308083833
9788368576450
9788378749240
9788382809510
9781784871758
9788377761861
9780007385171
9788308085257
9788366839915
9788383193274
9788328917309
9788370208707
9780241583180
9788382740219
9788379325238
9788367291941
9788368144819
9788368674071
9788383218861
9788383587806
9788383155814
9788373929579
9783126740081
9788301241995
9788328173354
9788328087750
9788383803357
9781408372678
9788382662825
9788384024317
9788326839924
9781408359075
9788361897927
9788308084922
9788328158870
9786171517325
9788328738034
9788301232214
9788377291405
9788381919494
9788328900417
9788380745544
9788382744989
9788308085240
9788383216324
9780593078174
9781787460027
9788308076811
9788328737327
9788383210025
9788377799079
9788324068012
9788383152837
9788327167149
9788381163613
9788384182437
9788382748529
9781804947418
9788383851310
9788368402179
9788383108209
9788328135383
9788383299587
9788377409060
9780008659288
9788380387546
9788395274367
9781909621688
9788410257184
9788311167599
9788383380582
9789661061001
9788382626988
9788368069129
9788383303055
9781419760877
9788367834728
9788383903224
9788326825514
9788375657975
9788383679181
9788380340374
9786178452186
9788366325913
9788368158304
9788382307139
9788384410608
9788380748705
9788368267013
9788328174221
9788383853130
9788382024579
9788381398275
9788367323734
9781529435030
9788384184462
9788328145405
9788368227291
9788366661851
9788324024773
9788383014517
9788382343922
9788383382586
9781784875763
9788384064047
9788301214708
9788382250855
9788365846815
9788382728675
9788383912592
9788374279048
9788381398282
9788383876030
9781974736270
9788383579528
9788363842673
9788328927759
9788366729308
9788378879053
9788365531162
9788383213422
9788368350111
9788375766462
9788382108651
9788301240295
9788383822877
9788381884112
9788382660678
9788383096636
9788383212012
9788382154115
9788381918732
9781909621701
9788367925211
9783453082304
9788395383946
9788382891447
9788383804545
9780857525161
9788383382333
9788366753983
9788381556538
9788383152806
9788383381800
9788382665390
9788380385986
9781118964965
9788383019215
9781409142836
9788382033724
9788311175822
9788363892630
9788328911017
9786176798323
9788381354455
9788366117730
9788382491432
9788368647204
9788397152472
9788368468212
9788368395617
9788324042685
9788382318104
9788383714424
9788383294544
9788380088412
9788367121569
9788383294131
9788328736351
9788397128101
9788383671963
9780575081277
9788383383125
9788367353410
9788367551090
9788381685313
9788380572539
9788383520285
9788368240672
9788323354444
9788367515412
9788397273337
9781509841769
9788311174283
9788363803704
9788383710105
9788382028768
9788368263411
9788328915237
9781474998826
9788308084861
9788328061460
9788328735972
9788382029505
9788324034277
9788310141934
9788383194677
9788383875248
9788367093507
9788328915527
9788383627182
9788368265828
9788328174337
9788328164987
9781399702461
9788383380537
9788383670119
9788368005868
9788381692977
9788367889308
9788301240158
9788383107059
9788383355597
9788382136692
9788324090167
9788379450640
9788368464016
9783126751254
9780273750055
9788368589641
9788328737204
9788383613376
9788383601458
9788381327329
9788388435850
9788381324731
9798888433126
9788366429017
9788367817912
9788379156399
9788383741376
9788328933255
9788383850719
9788382316957
9781526659125
9788368419702
9788366328587
9781444720730
9788383209777
9788383883892
9788327167972
9788311167322
9788383855479
9781647227937
9788328735026
9781529053432
9788382581379
9788308088494
9788383961965
8005125505159
9788323747703
9788324094035
9788383382395
9788383383354
9788382308587
9788380324305
9788368436549
9782266255479
9788381148979
9788384258248
9788308083543
9788324237456
9788380342255
9788320048636
9788328171084
9788382528954
9788383627298
9788364634024
9788383623559
9788365168160
9788382995756
9788365803870
9788383186993
9788384270417
9788368180473
9788328096820
9788380748606
9780141357836
9788308083048
9788301225117
9788382629460
9788383521718
9788380082458
9788381725064
9788381911962
9788367793360
9788368101423
9788368121483
9788380363731
9788384172551
9788383198200
9788383294223
9788362779819
9781399633833
9786177989201
9788383435039
9788383615509
9781472567352
9788382497663
9788381353861
9788328378810
9788383293271
9788397560642
9788311174177
9788301147365
9788328345157
9788383870106
9788328153240
9788367195270
9781398525689
9782253079651
9788383577821
9788382729016
9788368053500
9788301232672
9788366964204
9788366085817
9788384440094
9788308044056
9788381880114
9788383503349
9788383854175
9788383381022
9788383350967
9789664484456
9788382891140
9788368479973
9788383879079
9788328911215
9781408891384
9780130399380
9788382520491
9788394094102
9788328149700
9788383433516
9788328921955
9788327672599
9788381720977
9788383532127
9788384270684
9788301219376
9788373929340
9788328737457
9788382807684
9788383713243
9788383742236
9788382081114
9788383719306
9788383601281
9788382727579
9788375174878
9788382032185
9788308086230
9788368121254
9788328157507
9788366839847
9788383192611
9788379648641
9788368263213
9788328916937
9788382624847
9788382931778
9788383912202
9780241638576
9781399725095
9788382225822
9781292349398
9788301241445
9788382745238
9788384185636
9786175480014
9783707906905
9788327169174
9788383913827
9788383628936
9788377760024
9788387329297
9788301154738
9788383613444
9788379322848
9788383215242
9788383353050
9780552773164
9788382656411
9788382895612
9788368479027
9788383211305
9788382034554
9786176795261
9789664484647
9788328926677
9788311179486
9781474988827
9788375177299
9788383717883
9788383196060
9788383877051
9788328726130
9788320048018
9788383827148
9782013238946
9788383962894
9788382138856
9788311174986
9788325337070
9788308083673
9788324402052
9788301234973
9788382991598
9788383194745
9788381811286
9788327663627
9788368367829
9788328720909
9788368240528
9788381685764
9788328083042
9780670922819
9781844224326
9788383523293
9788327164797
9788383215853
9788383960180
9788328717138
9788301237530
9788368419719
9788384256473
9788308085080
9788384258125
9788383910420
9788328930414
9788382953756
9788368560442
9788379126439
9788328092624
9786178253004
9788368068894
9788377294864
4820245450363
9788373277755
9788383216034
9786171516533
9788383301280
9788382891157
9781529047974
9788367674317
9788368639056
9788381917261
9788466677318
9786178253073
9788328724624
9788374277792
9788382745160
9788381687089
9788382529487
9788328917255
9788381723602
9788382749014
9788325313449
9788366178823
9788328923690
9788324056620
9788365077295
9788382413472
9788381449632
9788382083873
9788311178045
9788383961101
9786178318963
9780007523221
9788381445023
9788367551724
9788383107042
9788328729063
9788379645640
9788328105621
9781474933438
9788308083581
9788383878539
9788383885186
9788408241324
9788301232986
9788366310667
9788328735347
9788381324922
9788327126474
9780141360089
9788366085534
9788328909649
9788381974905
9788324068838
9788380759893
9788368240177
9788383105222
9786171516328
9788374374743
9788383913520
9788308085202
9781409581796
9788373927926
9788382654431
9788397548923
9788311183223
9788368045383
9788383209104
9788401027970
9788328173385
9798888434840
9788308086070
9781405858502
9780571372669
9788382029895
9788382623772
9788383713489
9788308084052
9788383611372
9788366866867
9788328171411
9788383183626
9788383960012
9788382626155
9788367815321
9788383678795
9788380089457
9788397671607
9788373271913
9788367742917
9788328171770
9788383435893
9788323337065
9788384300701
9788301231989
9788368562972
9788383913735
9788384029619
9788378749271
9788381915632
9788378747284
9788328914322
9788328118393
9788311183483
9788383188065
9788383577784
9788382251456
9788367948050
9788382139013
9788381918879
9788383195971
9788380747951
9788325343743
9788324088782
9788381689694
9798893731248
9788383101224
9788377762622
9788382749083
9788328111424
9788381506618
9788383911335
9788384253694
9788301233778
9788382656077
9786171293786
9788311170872
9788383351841
9780241437469
9788383877426
9788377761205
9781529912074
9788328737501
9788396898876
9788382224115
9788327163943
9788381573078
9788382526776
9788382653625
9786171296220
9788375175868
9788383673981
9788308084618
9788383875309
9788383909011
9788378745471
9788383011660
9788366195646
9788383582252
9788383357256
9788384173831
9788392491798
9781838930509
9781781257654
9780330461009
9788327167385
9788367343954
9788381814164
9788381505925
9788383990361
9788308086650
9788383384818
9780241583135
9788371348556
9788373271647
9788367093064
9781784741457
9788383912233
9786177940936
9788382109511
9788378868125
9788328720114
9788383384061
9788375063813
9788375615821
9788384301616
9788368350722
9788320060133
9788381447935
9788368262308
9788393002771
9788383884424
9788308088623
9788324065394
9788379325009
9788383712390
9788381654807
9788379153657
9788382134117
9788301244163
9788367845465
9788366397477
9781911630227
9781402285813
9788383436012
9788382748727
9788367069441
9782072936494
9788365897879
9788383012742
9788328096806
9788328900301
9788367845304
9788328934887
9788384273784
9788366969063
9788382408515
9788366219946
9788396644084
9788366462243
9788383859385
9788386737888
9788368800043
9781909621619
9788328728363
9788381693660
9788324092666
9788377292709
9788324068067
9786171514263
9781399702485
9788384410257
9788368217995
9788381411783
9788383383224
9788367295574
9788383873459
9781471136726
9788382727128
9788380496927
9788367715812
9788383850443
9788324405022
9788328155886
9781804990674
komplet_lektury_klasy_4_6
9788367295710
9788384252161
9788328127845
9788383584423
9788382034936
9788382135763
9788382308426
9786177395798
9788380533448
9788383914008
9788397273382
9788383990286
9788328391598
9788326838774
9788383577791
9788367558181
9788327658524
9788383874654
9788368267099
9788378866374
9788025324769
9788328930476
9788382932973
9788363965310
9788328919068
9788381914864
9788375105698
9788382623307
9788384301623
9788328727199
9788383189338
9788384061596
9788380081277
9788381354493
9788383353906
9788368592092
9788370158132
9788375179897
9788389933775
9788328933064
9788381326346
9788311176157
9788383962016
9788383522944
9781529177206
9788383212982
9788368191516
9788324054466
9780136784159
9788382136791
9788395948107
9788380597822
9786171514034
9788379157976
9788327169792
9788382082395
9788380385221
9788382135107
9788380575950
9788384180891
9788383627311
9788373272101
9788368265378
9788382657593
9788370209100
9781784871734
9788324055791
9788383717067
9788383297804
9788328932005
9788301234195
9788370208042
9788383713281
9788368516227
9788383611983
9788368549621
9788360689660
9788367758499
9781786331441
9788328730854
9788381723756
9788308088722
9788396249005
9788383824703
9788382749861
9788383876788
9788381816267
9788301159009
9788383353296
9788308080801
9788368382082
9788382492408
9788328729278
9788383206608
9788326838866
9788382721041
9788368535273
9781292023106
9788381654845
9788383184210
9788301231132
9788383014647
9788384023495
9788382663938
9788366736375
9788382495232
9788301203634
9788384411544
9788328900684
9788382102376
9788382315882
9788381412049
9788383383569
9788383907116
9788328735200
9788308080122
9788325345846
9788382951455
9788328166226
9788380597211
9788301216177
9788383354903
9788368191349
9788367502306
9781292134604
9788320620191
9788383196145
9788382033618
9788328072541
9788383670539
9788382999846
9788383431468
9788383199481
9788368302493
9788383223490
9788367323475
9788383353999
9780349433820
9788381727334
9788382029734
9780241597286
9788324094271
9788311183513
9788383500607
9788301223090
9788384180167
9788382236958
9788381816144
9788383502915
9788378866664
9788384061572
9788383016610
9788383710426
9788382528961
9788383182513
9788384382653
9788325344252
9788381353700
9788368295696
9788366482500
9788363944247
9789664485194
9788382993004
9788368059250
9781292041926
9788383826912
9788324096657
9788853620279
9788382581904
9788383213248
9788382108989
9788320040777
9788396578686
9788367805254
9788328166516
9788365520388
9788382727715
9788367867795
9788381816779
9788381083164
9780134523033
9788375764239
9788382402377
9788368535044
9788380870475
9788368240481
9788368611373
9788368364996
9788327107121
9788383801261
9788380384538
9788383521701
9786175480809
9788383579788
9788371346163
9788382897876
9788367974561
9788310140388
9788383103228
9788328146556
9788328912021
9780857056429
9788373272811
9788383223018
9788383294520
9788397874008
9788382314199
9788382073614
9788328174498
9788380575813
9788379157068
9788365614407
9788383612645
9788381438339
9788320054422
9788381952880
9788328175105
9788383210018
9788366750982
9788328734074
9788382220704
9788324099184
9788383719375
9788383013763
9781784751159
9780241601587
9788327670649
9788383521527
9788383291314
9788383213002
9788381919258
9788384270554
9788383306599
9788368283259
9788383740829
9788368331370
9788383616940
9788383380476
9788366291027
9788379325528
9788380158894
9788382083637
9788328914339
9788375659078
9788311178960
9788370207717
9788328171817
9781398527614
9788381354257
9780393345551
9788327662491
9781405281317
9788311171589
9788368516296
9780356529172
9788308083062
9788383435060
9788328924253
9788328386495
9786176797173
9788367335348
9788383355573
9788370209568
9788367665094
9781800752917
9788383185408
9780063050228
9788323520610
9788328083769
9788301167516
9788308084021
9788383640839
9788367859318
9788383623061
9788383434209
9788381412278
9788368608311
9788362884308
9788328919242
9786171514393
9788366005853
9788383881973
9788383383781
9788382070248
9788381503815
9788383196985
9788367604475
9788366328648
9788327746467
9788328922389
9788324089949
9788384250839
9788367071666
9788381506946
9788382407167
9788383358086
9788383211534
9788383875347
9788381432351
9788383881850
9788302174599
9788379322572
9788383355719
9788327106803
9788382408683
9788301245436
9788367150156
9780448458724
9788374899567
9788366178229
9788381728706
9788324038732
9788383015224
9788383821665
9788323353461
9780198328889
9788382084009
9788383803265
9788368402148
9788381601559
9788328739284
9788380577053
9788383717005
9788383092485
9788383353807
9788383292441
9788383851853
9788383911670
9788327126412
9788381715027
9788367710923
9798891606098
9788375797381
9788324099092
9788328164703
9788382130201
9788383218267
9788378864639
9788383821238
9788383855592
9788387994648
9788382028218
9788367996082
9788328155824
9788368223996
9788310142139
9788381013185
9788383381961
9788383295510
9788397874022
9788367426596
9788366057920
9788387957476
9786177940332
9788383193649
9788383627328
9788375796025
9788377885161
9788367663205
9788383381367
9788382309591
9788384180020
9788382721720
9786171513389
9788382104462
9788394282851
9788381326803
9788366501188
9788381415705
9788368021295
9788383910581
9788380328174
9781784707583
9781846046308
9788377072820
9788382890327
9788328175341
9786170955821
9798893731392
9788380159907
9788393002702
9788328908574
9788397271029
9788381813532
9788383217925
9788381884693
9788368158458
9788380599840
9788383574196
9788328912717
9788370208462
9788383297842
9788376491271
9788364384950
9788366939295
9788395409691
9788324064410
9788328733589
9788368479614
9781292001500
9788328174467
9788367137942
9788382308310
9788367805162
9788324411955
9788324067879
9788311175723
9788368367621
9788383019987
9788374899680
9788368144871
9788368181166
9788383210421
9788382994346
9781338839821
9788301231415
9788361008163
9788328724235
9788378453697
9788383109091
9788364311253
9788368158151
9788368158731
9788383521992
9788381167291
9788367674638
9788382951059
9788379122097
9788383354231
9788320054866
9788383912196
9788367530309
9789662909944
9788382664935
9788382028508
978837014836201
9788301213893
9788301229399
9788367805728
9788383855486
9788368382525
9788382304305
9788368589610
9788383874449
9788328151727
9788383875163
9788308085882
9788368240337
9788381270021
9786175230824
9788328908451
9786171274532
9788308046555
9786177960026
9788383354217
9788365650955
9788368059489
9788370208493
9788328915640
9788383013077
9788383620084
9788384174012
9788328917453
9788374899932
9788328169333
9788301242268
9788382223422
9788324060412
9788395084348
9788327168818
9780137012602
9780241664834
9788374898164
9788382137811
9781836182160
9788328728646
9788380573178
9788326706806
9788383626451
9788368350814
9788301243678
9788382659917
9788383420226
9788328377721
9788381325110
9788383572697
9788364384134
9781853261145
9788320065930
9780593076187
9788367515542
9788381440561
9786176798569
9788383183541
9788368189629
9788397401785
9788381505031
9788379124541
9788382306194
9786175484289
9788383961712
9788301243449
9788853616043
9788383801056
9788367793186
9788367121392
9788328162891
9781784877491
9788383980614
9786175482438
9788367710800
9788383180564
9788382890303
9788383522814
9788383885452
9788368228441
9788368217483
9788328155770
9781292243801
9788382317473
9788383155081
9788368240399
9788381714532
9788383802060
9788381504959
9782072921469
9788383301693
9788373928046
9788383911588
9788381144377
9788383603537
9788375175318
9788383718033
9788383821542
9788327686688
9788308084663
9788368479140
9788383382685
9788370008659
9788383576060
9781848360648
9788382582147
9788308085660
9788383193656
9788384027165
9788384301265
9788382997927
9788382660869
9781335005946
9788311176041
9788381716574
9788383602332
9788367216333
9788328727601
9788383884691
9786171513990
9788383751399
9780136823360
9788367674232
9788382034271
9788381503235
9788382410990
9788375175516
9788328165335
9788383801773
9788326842870
9788367324397
9788328118454
9788310141255
9788383911373
9788370206932
9788326839399
9788328904583
9788328731837
9788324098989
9788368541830
9788382581201
9788383574233
9788328168534
9788366285026
9786175483626
9788383911519
9788377315149
9788380384248
9788397121898
9788408282587
9788375659382
9788383824628
9788383980188
9788381439626
9788383222363
9781785945168
9788383435497
9788375534443
9788383019376
9788365979384
9788382744538
9788366997431
9788378876502
9788383211848
9788381910941
9788383355702
9788382411911
9788380871182
9788379713240
9788383381886
9781472262493
9788326829352
9788375179972
9788381724081
9788383627496
9788397152410
9788328086005
9788381725507
9780268106850
9788383104355
9788371348617
9788367845342
9788381354332
9788383583587
9788328347762
9788301243647
9788384252741
9788320060393
9788382138849
9788301225148
9788327695673
9788367710510
9788368069334
9788383715728
9788368383355
9788383302713
9788377407820
9788383225296
9788366707016
9788328390973
9788382808728
9788380381162
9788375175264
9788328170148
9788383677620
9781784703936
9788395860751
9788375161656
9788383214474
9782253067900
9788384252949
9782070416806
9788383354569
9788381886086
9788363156879
9788381326810
9782290212196
9781909621558
9788375798500
9788381885782
9788381327121
9788368302509
9788383523286
9788383628851
9788384064764
9788382723502
9788375534511
9788383615950
9788382028706
9788383903613
9788367520003
9788301240110
9788373998957
9788382998252
9788383104126
9780435906986
9788381354585
9788384300220
9788328726697
9788382626117
9788384250600
9788367195898
9788365902160
9788327686763
9788383295695
9788379647088
9788383981062
9788305136235
9788328153899
9788325348564
9788367247009
9783126740104
9788327169822
9788368352405
9781399736671
9788383600024
9782864976165
9788382529869
9786171502673
9788328168893
9788383019529
9788365928009
9788310141361
9788384023266
9788382409499
9788328911833
9788382409949
9788383719979
9788326837890
9788368226928
9788384060407
9788365650528
9788301227791
9788381145961
9788328171404
9788388667336
9783453323131
9788394774677
9788383354637
9786176793922
9788383573762
9788383600635
9788380745117
9788311173354
9788367931595
9788375799644
9788382311877
9788301240257
9788368302585
9788368144673
9786171504981
9788327167828
9788328735910
9788383713373
9788368218930
9788311184213
9788383580951
9788325343590
9788383671567
9788324067886
9788381087438
9788366263970
9788365650948
9788325334406
9788383962184
9788367949088
9788382802887
9788395844300
9788377855836
9788381755948
9788327716859
9788383383927
9788368045635
9788382495645
9788383196893
9788368419788
9788381728614
9786171515376
9781464247644
9788366981041
9788361180043
9788379324347
9788368383560
9788076881198
9788381062442
9788381354011
9788324095575
9788375616989
9788381914246
9788368218824
9788383828435
9788381815475
9788368087277
9788324077588
9788328925304
9781974723423
9788367217729
9788320061550
9788375652949
9788367237574
9788382084016
9788328724884
9781781090268
9788380596825
9788383500638
9788301184667
9788383505459
9788374898898
9788308083277
9788397447400
9788384027332
9788382034042
9788383611082
9788418173028
9788367071345
9788383800042
9788383300962
9788383910055
9788328923447
9788367996822
9788382721355
9788366555853
9788382343182
9780141375601
9789664480038
9788365680693
9788367510097
9788308083604
9788328734760
9788383520797
9788384029558
9788381915724
9788366195837
9788383573144
9786175850831
9788301227005
9788383872438
9788382135619
9788324088843
9788310144607
9788382529142
9789669152824
9788382743203
9788382134803
9788327167934
9788328162778
9788379159161
9788379714254
9788368258844
9788380656956
9788383627533
9788375178111
9788365780966
9788368371543
9788378451181
9786178441197
9788384185568
9788383520926
9788328728837
9788382750379
9788383524078
9788375534238
9788383914084
9788383229188
9788383713465
9788327687968
9788395799495
9788383618968
9788383623115
9788383572437
9788325335731
9788384173893
9788381506793
9781785151378
9781473211568
9786171515406
9788382408676
9788381717397
9788381716109
9788384174241
9788383912844
9788383619934
9788301247027
9788308073223
9788383300856
9788381600729
9788383589916
9798855419757
9788381393645
9788381889896
9788327738608
9788301242565
9788368191677
9788367513227
9788384029060
9786171508743
9788328391826
9788373272163
9788383870847
9788328732025
9788368742084
9788327710284
9788320041125
9788366969957
9788311183155
9788368059113
9788383522296
9788370205232
9788383520759
9788382311051
9788328179226
9788328355576
9788383857640
9780008625627
9788367402682
9788383601892
9788382729375
9788327747228
9788364791000
9788320049626
9788383908243
9788374980258
9788368109566
9781509826667
9788370209599
9788383960500
9788382804478
9788383011899
9788379648740
9788383351506
9788328900448
9788381756877
9788376869155
9788308083987
9788328177291
9788396703453
9788328072923
9788379325191
9788397047846
9786171511224
9786171286085
9788301146276
9788383192482
9783866470569
9788379157082
9788383719016
9788382523225
9788328169234
9788301230173
9788381815147
9788383350219
9788383908175
9788394871215
9781407506289
9788328926127
9788328157545
9788367690263
9788383673943
9788383205977
9788382808186
9788310137333
9788383505282
9788382664966
9788301180638
9788367710749
9788301211851
9788396079343
9788325346478
9788308080054
9788380656925
9788383353265
9788383573137
9788326843365
9788368144789
9788383218137
9788368283808
9788384170311
9789664483664
9788311185913
9788383640082
9788382316193
9780008731229
9788328178304
9788383618043
9788380656758
9788383199603
9788328175020
9788328923119
9788381354219
9788397067189
9788328927889
9788365341778
9786177329328
9788389896698
9788383672236
9788367054980
9788310138651
9788328116085
9788383584942
9788328731417
9788364660894
9788384200032
9788308085752
9788328740600
9786175230442
9788384275078
9788327166562
9788382991161
9788382524611
9788374430661
9788320055245
9788076882782
9786175484982
9781399633802
9788383297132
9788383589459
9788361704355
9788382525267
9788394774646
9788383183749
9788379645749
9788326838224
9788381919661
9788328719040
9780268102661
9788383714738
9788328936133
9788382665420
9788384029510
9788382220339
9788383196879
9788328930940
9788368262698
9788381753395
9788382526448
9788383910482
9788381724944
9781909621510
9788382664805
9788370209711
9781804941430
9786175482674
9788328162662
9788301173197
9788311184237
9788367178273
9788373772991
9788301247096
9788380755321
9788328732582
9788383216232
9788360685518
9788368228199
9788324069743
9788384390542
9788381413787
9788383227382
9788384410363
9788368204865
9788383572581
9788327166517
9788328921870
9788308088364
9788383018645
9788368218992
9788328917477
9788382524703
9788383912264
9788368591408
9788383505787
9788328931633
9788375176797
9785170951499
9788389401281
9788384412176
9788381504669
9788853632067
9788382313574
9786176799351
9788301234157
9788382581331
9788320049558
9788367341547
9788383621425
9788382655582
9788366939332
9788374377430
9788366873971
9788383678047
9788367665070
9788383182421
9788367247191
9788383106618
9788381918121
9788367406659
9788383521336
9788382745184
9788382749687
9788381812603
9788382749496
9788375532234
9788328902374
9788383820866
9788301230524
9788367551236
9788383521879
9788382726947
9788368364361
9789669788016
9788368610116
9788368367393
9788383223537
9788328324145
9788366939196
9788381418706
9788368069341
9788383900247
9788328084575
9788368674132
9788383380353
9788381860093
9788328165366
9788379124244
9781728297064
9788328733237
9788383913179
9788328923102
9788382727784
9788367757881
9788383521121
9788382624854
9788382744187
9788383352510
9788328097308
9788383190068
9788327106599
9788382951967
9788383356099
9781035005468
9780008611927
9788383437187
9788382744613
9788375657258
9788379157853
9788498483819
9788324069309
9788383990200
9788368262278
9788381439459
9788368560152
9783518390894
9788366949584
9788382862072
9788326829291
9788367288613
9788381861472
9788328736139
9788326843013
9788301181222
9788301238407
9788328727427
9788368516180
9788383504025
9786178093013
9788328916500
9788368479645
9788382137644
9788367195256
9788328914582
9788308083239
9788382953619
9788383627267
9788383309255
9788367216111
9788384173671
9788379327775
9788368479874
9788382629392
9788381728607
9788382135701
9788382952940
9788366147829
9788416517275
9788384173886
9788375176018
9788382073232
9788382342345
9788379324484
9788383884226
9788366356924
9788308088715
9788381501668
9788383531861
9788365411372
9788301245429
9788408163459
9781835010976
9788380382954
9788375748581
9788380322882
9788388773518
9788375340020
9788384184578
9788383740737
9789664484982
9788384030448
9788328734500
9788383960975
9788328729841
9788383091426
9788370208578
9788368283501
9788381691963
9788368045253
9788328729988
9780789759016
9788367498203
9788308083383
9788383352251
9788368742237
9788383820897
9788375799170
9788367948258
9788375798753
9788380329171
9788379649471
9788324075706
9788301147792
9788380494312
9788366057494
9788381255653
9788310138293
9781035038220
9788382581782
9788366753969
9788368265736
9788382661224
9788379159215
9788383105192
9788383626475
9781009212366
9788380748552
9781804955895
9788382581515
9788308074145
9788381755528
9788328918115
9788308083840
9788380327214
9788324095612
9788383381091
9788383218175
9788383751009
9788381886260
9781844083893
9788301152611
9788380599505
9788382723236
9788311173798
9788320064742
9788324134199
9788368371826
9788320045628
9788382995114
9788383962702
9788361012627
9788383010090
9788384380307
9788327161970
9788328153608
9771897079417
9788383350042
9788379127634
9788368758450
9788381416900
9788382316117
9788324067800
9788383107189
9788381723008
9788384024157
9788379124190
9788328736573
9788368283037
9788301228378
9788383803531
9788384180495
9788368383393
9788383618340
9786178012663
9788384024201
9788367237314
9788363842390
9788382953183
9788327168702
9788383579849
9788368473124
9788308086605
9788301210830
9788383295664
9788382528879
9788377760284
9788310144126
9788308080825
9788382743074
9788372149688
9781474994682
9788379649693
9788383601427
9781509848140
9788382033014
9788328739901
9788381717991
9788301231880
9781526635235
9786171511460
9788368560312
9788328928275
9788308086698
9788384350447
9788381351379
9788301146177
9788380577329
9788310140999
9788382997477
9788367793940
9789664482261
9788367335102
9788384173596
9788382082616
9788380085268
9788383383507
9788383712864
9788301227579
9782406141341
9788383380865
9788368053920
9788381687966
9788383521749
9788379648580
9788382581058
9781473233799
9788326845918
9788367805902
9788327169907
9788377799680
9788379999088
9788380159921
9788383603568
9788368536690
9788384185162
9788366195530
9788324061068
9788308086803
9788367022316
9788380578944
9786175483084
9788365401090
9781335002693
9788308086032
9788382139297
9788382629576
9788366404632
9788310143105
9788383293417
9788383195452
9788365168269
9788327163226
9788383384306
9780349437682
9788383350776
9788370209339
9788383671895
9788301226152
9788383198309
9788383981208
9780755500093
9788367996020
9786177688289
9788383740812
9788308084564
9788324090006
9788326840159
9788381439961
9788381684538
9788373998315
9781836189503
9788383576855
9788370207670
9788366939219
9788383531267
9788324094899
9788396353160
9788328093140
9782253086444
9788363156794
9788328086739
9788301210823
9788373929029
9788366586994
9788382165265
9786175230077
9788368364798
9788396146274
9788382076967
9788384258170
9788380745070
9788383601373
9788382750805
9788382134384
9788311185647
9788383306520
9788301213077
9788380089624
9788308068175
9788382314380
9788328366275
9788382725049
9786175230572
9788383356525
9788366178885
9788379325474
9788381448116
9788375798975
9788383960692
9788380655683
9788328912526
9788366729049
9788324411191
9788383913513
9788328906983
9788383912684
9786175850251
9788383880259
9788323761419
9788382990973
9788383199986
9789669152213
9781408372128
9788368367706
9788366178359
9788382659757
9788384290989
9788383626468
9788368367201
9788328901322
9788383523576
9788367639361
9788324047260
9788381506939
9788324063598
9788383600383
9786171291034
9788383190891
9788382139747
9788310143327
9788328393660
9788383625836
9788368091274
9788366328433
9788384270714
9788380385412
9788365646057
9788367793551
9788383383675
9788384240700
9788382899870
9788382138030
9788381500562
9788384382301
9788328126718
9788325345785
9788383520544
9788383524108
9788380598676
9788383307152
9788382309980
9788384350164
9788366650565
9788383571003
9788381444385
9781398525740
9788383673691
9788368228663
9781398723665
9788368240283
9788382749472
9788382604948
9781292116891
9788383801087
9788383621050
9788382308365
9788383215402
9788368402131
9788327165572
9788328090248
9788324068890
9788327127990
9788367925594
9788383710471
9788301228736
9788327126351
9788381444903
9788328171176
9788328932432
9788383716015
9788328730670
9788373925328
9788383197432
9788380655805
9788499519876
9781909621824
9788380386006
9788383628608
9788308050774
9781399743488
9788384171790
9788328922099
9788381514972
9788368317985
9788328728530
9788382652666
9788366650244
9788328162266
9788382932737
9788368716023
9788325345754
9788367326407
9788382413502
9788380598669
9788381513661
9788327167484
9788383182704
9788328162938
9788327166753
9788328174474
9788383912448
9788328164666
9788327714879
9788368352993
9788370206901
9788301242558
9788368381146
9788327163530
9780141374666
9788310139047
9783451705236
9780134446783
9780241662274
9788383625485
9788368084368
9788324411634
9788328166097
9788383712338
9788383677385
9788383294193
9788368227789
9788380593299
9780136824411
9788328158931
9788301232993
9788368227550
9786178437992
9788368716030
9788382725995
9780349438016
9788325343729
9788328911437
9788380747210
9788382342550
9788367341875
9788383220765
9780273714132
9788368383379
9788383104744
9788368053029
9788367875950
9788382524727
9788383353326
9788378878957
9788308083390
9783730604779
9788384251652
9786175481448
9788384291252
9788367135139
9788324073979
9788382723861
9788379645916
9788368069495
9788382109078
9788328904101
9788383716749
9788328162167
9781787632929
9788381445900
9788327126436
9788381032155
9781292220925
9782070412686
9788382136418
9788366219717
9788367822060
9788380384552
9788383676913
9782210756670
9788382223033
9788327106056
9788382083316
9788379154326
9788365400536
9788384382394
9788373271531
9788365502261
9788365717801
9788383610207
9788383437125
9788381958363
9788382227925
9788328174047
9788380498297
9786171292925
9788328922839
9788383383712
9788366005945
9788383505107
9788383520971
9788375173697
9788373272712
9788375177770
9788324099009
9786171515390
9788381884280
9788382581959
9788383909486
9788383741550
9788367121880
9788368121605
9788324064243
9788383962238
9788381395441
9788326833052
9788324403776
9788382410280
9788380598621
9788383308876
9788383183664
9788324240173
9788328169142
9788374899628
9788367639286
9788382024906
9788328072909
9788310143198
9788383609898
9788383224046
9788328190290
9788301220617
9788382153767
9788328165489
9788383188041
9788328736603
9788367555364
9788301239497
9788366356542
9788328912915
9788376099866
9780241620038
9788367093934
9788327127341
9788324405107
9788327164124
9788382136975
9788328737464
9788328910942
9788383961071
9788301178307
9788383908724
9788384250174
9788367971003
9788311173286
9788381501613
9788379125913
9788384029411
9788311167469
9788320065091
9788383619507
9788368536683
9788367925914
9788368005578
9788410048942
9788383584263
9789661069564
9780349436326
9788328170797
9788383294612
9788368562316
9780241225936
9788370209865
9788324099979
9788383290164
9788320060591
9788311184701
9788325347048
9788382953947
9781913183578
9788382524147
9788383292588
9788320051339
9788327494993
9788383909400
9780141369723
9788301238414
9788383574097
9786178093006
9780321966469
9788418173110
9788383185187
9788375481198
9788365891563
9788367931984
9788383871806
9788328076396
9788328919075
9780241454145
9788384024270
9781787461017
9788383719153
9788310140296
9788381813969
9786175481233
9781786075642
9788301245610
9788383190280
9788368204889
9788367054720
9788368258998
9788381393218
9788370209810
9788365717191
9788326836442
9788367343619
9781035402830
9788301181659
9788397575332
9788373394223
9781804993002
9788324066162
9788384174593
9788326842634
9788383211688
9788383209111
9788382998160
9788381914819
9788327164049
9788368367492
9788368053753
9788367323840
9789664481301
9788374898683
9788383670041
9788383640754
9788383871547
9788382623734
9780241480793
9788381029391
9788383852959
9788378875031
9786177329809
9788381504256
9788382893922
9788301213459
9788382740318
9788384183540
9788383571683
9786175481820
9788368204841
9788383875385
9788323775188
9788383740966
9788308086193
9788328154254
9788368263930
9788328726079
9781784742065
9788301213244
9788320053852
9788383800233
9788384411889
9788366234932
9788383611761
9780349429496
9788328396012
9780273745693
9788377293041
9788383013718
9788368516319
9788375179392
9788383618067
9788383226873
9788383679587
9788368753103
9788383574165
9781529110579
9788383671024
9788384081341
9788383383309
9781405927673
9788383017655
9788383351810
9788382994322
9786176790822
9788383612287
9788384301203
9788382529753
9788382073089
9788328920309
9788381504447
9788328731295
9788382894301
9788383981024
9788324048359
9788324069484
9788382023695
9786175481363
9788301241315
9788382581867
9788365400017
9788328166370
9788382501971
9788383824239
9788379647569
9788384023365
9788380383753
9788383303864
9788384412305
9788367513043
9788328730410
9788308088098
9788368262711
9788327166104
9788301192587
9788326843143
9788368053548
9788380590748
9788381394635
9788308081877
9788308081907
9786178253028
9780349436371
9788367710077
9788383671659
9788368471007
9788397152465
9788383215167
9788383381398
9788382522754
9788383355412
9788394950576
9788381726924
9780008687632
9788381448376
9788395799457
9788383871790
9788383104478
9788328918962
9788382137026
9781529954265
9788365650979
9788383578187
9788365170378
9788310140258
9788383854144
9788381449717
9781804993040
9788381444484
9788383104133
9788311173613
9788370147006
9788311186095
9788382311044
9788328732339
9788327165039
9788325344863
9783442494811
9786171515482
9788328930919
9781474622578
9788383616926
9788328388451
9788328719057
9788382034974
9788320064605
9788301246402
9788324066810
9788308084243
9788324083602
9788324095841
9789664481790
9788383714691
9788373929920
9788382310184
9788366650503
9788328900080
9788382303407
9788327661760
9788324237470
9788395423987
9788383670249
9788328163140
9788381507684
9788366320840
9788378868330
9788366571549
9788383196206
9788382899689
9788382224160
9788382405088
9788383621432
9782253107477
9788382136432
9789661545723
9788367426695
9789664484722
9789664484197
9788383533407
9788380089563
9788383617046
9788371757372
9788324092383
9788383225029
9788376722009
9780241573761
9788328168930
9788382663778
9788383910635
9788381788359
9788368561036
9788382749823
9788378878841
9788383911885
9788382402018
9788383911830
9788328921801
9788367996860
9788328929517
9788382165685
9788381514590
9788381725170
9788381354073
9788382729337
9788383014067
9788382083187
9782253161271
9788366839946
9788379124220
9788323770923
9788382662658
9788383627137
9788373929043
9788384382943
9788366526242
9788383625409
9788379324286
9788328913202
9788384252598
9781685797751
9788383150826
9782330171568
9788368576634
9788328178915
9788327663610
9788328167803
9782747058247
9788321120287
9788324009305
9788311183049
9788308086643
9788384270080
9788327170132
9788328162617
9788328167728
9788382314632
9788329101011
9788367834216
9788383909868
9798893736311
9788368063042
9788383672175
9788383625928
9788381919074
9788383679204
9788366328983
9788368068825
9788381712309
9788395084324
9788383227290
9788383194547
9788383095172
9788328927919
9788382027150
9788384027264
9786175852385
9788384412312
9788370209766
9781846558306
9788383013091
9788384440391
9788311172043
9788324065363
9780241979198
9788310144799
9788381885331
9788328178359
9788367237284
9788376607399
9788383304816
9788383902630
9788370209438
9788327746405
9788382726039
9788379648634
9780415832434
9788383436456
9788301232047
8590228053459
9788328166141
9788383447766
5903949410297
9788383913087
9788397190108
9788324069835
9788381914666
9788368549195
9788382724738
9780241630822
9788326845246
9788320065862
9788382950236
9781409539506
9781847497451
9788375172812
9788384029640
9788384172704
9788367949453
9788373271685
9788383524115
9788368295733
9788383522401
9788368599176
9788375089325
9788328738973
9788301245603
9788368479669
9788383882024
9788327746054
9788366762343
9788328171596
9788382154986
9788320061185
9788383821801
9788394774608
9788380747579
9788375179316
9788308086155
9788383614823
9788382151800
9780349146379
9788367335126
9788383878478
9788383820521
9788383306582
9788382862553
9788383678702
9788383290720
9788328175518
9788383911137
9788382309027
9789403215150
9781804993026
9788310139016
9788382932393
9789403225234
9788368610130
9788310143389
9788328165212
9788483235324
9788361008057
9788301237011
9788379323401
9788383383248
9788383010762
9788375088830
9788308076118
9788846832252
9788383962658
9788380876200
9788368800005
9788310138354
9788383877839
9788382529661
9788382306736
9788377636862
9788310142740
9788384063026
9788383884738
9788328151833
9788379649952
9780552170321
9788377762479
9788367093484
9788383228662
9788382744521
9788366573376
9781405934602
9788377885109
9780008694142
9788308084793
9788365400147
9788328393769
9788382083255
9788497785884
9788381889926
9788382134032
9788368380019
9788325345860
9788301214753
9788378879275
9788382070804
9788384023464
9788383900636
9788383286419
9788328138643
9788368639278
9788382655711
9788373774674
9788328739796
9788383912530
9782253077497
9788383010212
9788375172980
9781564787200
9788368367850
9788301232283
9788383751634
9780241733639
9788382664904
9789661091398
9788328094741
9788379325733
9788379673032
9788381504454
9788382528183
9788383913636
9788325341831
9788380578425
9788320062175
9788381354554
9788394956103
9788368240115
9788383354842
9788382724523
9788384253656
9788382627077
9788383151175
9788382581997
9788301234461
9788367338967
9788383298481
9781408722718
9788328726901
9788328061552
9788384273609
9788367075763
9788381966986
9788383904245
9788367805087
9788383740270
9788379716999
9788367323918
9788383811673
9788367604895
9788383195759
9788383290478
9788370206376
9788379124237
9786178318062
9788383522371
9788325346096
9788367121552
9789664482933
9789606930409
9788384182116
9788367900195
9788328161603
9788380746725
9788363803551
9788381726573
9786171514300
9788383623542
9788328734036
9788383211602
9788383852928
9788382317244
9788381034449
9788375176087
9788383804170
9788382951639
9788301241940
9788382526554
9788328928718
9788396649270
9788383300726
9788328715844
9788383851662
9788383354477
9788311183827
9788383573243
9788311177567
9788383629490
9788365471109
9788326733697
9788366425064
9780063000582
9788365796868
9788383612393
9788301242824
9788381446310
9788367043991
9788324068494
9788382723854
9788301236908
9788367219907
9788383713984
9788383876948
9780241346433
9788366022188
9788380746688
9788383713335
9788370207038
9788383905105
9788366570115
9788326840340
9788375617757
9788383677408
9788382950441
9780099477686
9788381067126
9788375510768
9789661042734
9788383351902
9786178452063
9788367247085
9788382997842
9788382628135
9788382529388
9788384253649
9788381713344
9788384180884
9788397401723
9788383307282
9788327647474
9788381578264
9788370209513
9788396124913
9789664480458
9788324069033
9788367510561
9788367639583
9788301182212
9788366789371
9788377131633
9788328730656
9788381505574
9788381860116
9788381719032
9788379325467
9788381816021
9788382301922
9788384027035
9788366329027
9788367823180
9788384026618
9788328906112
9788328903029
9788383014180
9781035031542
9788384251591
9781526682611
9788383575582
9788379325283
9788383290690
9788383218342
9788328150997
9780994348517
9788381101431
9788368180480
9788367102575
9788301236892
9788382497182
9788382933505
9788382582024
9788381351461
9788382026368
9788383904955
9788395757433
9788381880169
9788368302547
9788382033878
9788396124951
9788383610863
9788320066043
9786175231296
9788380384323
9788383521848
9788308085226
9788380593145
9780008507992
9788394678630
9788381770361
9788381501286
9788301241322
9788383505510
9788382032550
9788383380087
9788327661913
9789664485231
9788383523323
9788360577165
9788383532967
9788383430140
9780241619797
9788379126286
9788382749465
9788380746596
9788366436381
9788380384811
9788328142572
9788384184448
9788301181048
9788368262889
9788382806212
9788384021453
9788382028744
9788328922563
9788328735521
9788383436951
9788311175242
9781405291750
9788383870090
9788382305142
9788328392960
9788383602264
9788378867098
9788328388253
9780134540566
9788324089550
9788383204338
9788382624823
9788327168009
9781408727614
9788383383903
9781529386554
9788368180305
9788382032284
9788382313772
9788383857657
9788383521947
9780241445419
9780008283896
9789664480472
9788383220772
9788328902015
9788377056639
9788380576803
9788325346980
9788326825712
9788326839801
9788383576169
9788328729421
9788328165762
9788366285415
9788379156641
9788379127825
9788383588247
9788383104898
9788327739889
9788360215616
9781529001327
9788328928343
9788328911499
9788381919395
9788368227703
9788320060645
9788383612225
9788381757928
9788301148966
9788382581881
9788383878126
9788383823850
9788382991796
9788381756990
9788366481466
9788382828252
9788383521961
9788366729506
9788328903715
9788898433162
9788367093453
9788328933965
9788366252172
9788382521054
9788324094929
9788366749269
9788383014050
9788324068517
9788327107480
9788367545303
9788381506045
9788328145894
9788378879497
9781408869130
9788380759176
9788310138392
9788380082373
9788383204406
9788383912462
9788382659627
9788326843587
9788383507231
9788381689007
9788367759823
9788368180435
9788327738431
9788373272378
9781471197406
9788324086658
9788301247379
9788383960418
9788382663037
9788380574328
9788383108735
9788381886437
9788379712755
9781035040988
9788328115729
9780552175524
9788394774653
9788373929586
9781529151190
9788368262216
9788328158719
9788383872032
9780141981086
9788383880525
9788324095513
9788328731318
9788367974301
9788382165272
9781847498571
9788328167308
9788381714112
9788377851715
9788383670034
9782290258040
9788368536294
9788381430357
9788327747044
9788324403103
9788328906693
9788301198589
9788382135695
9788311185173
9788328153943
9788382582253
9780008710262
9788366747449
9788375798852
9788381813006
9786175480755
9788383570402
9788382028034
9788368591446
9788326812750
9780008413439
9788367805438
9788382581355
9789661545938
9782017131762
9788381504683
9788327688101
9788328175594
9788383617749
9788327746511
9788382655681
9781784161019
9788370209308
9788324073306
9788384381571
9788382139686
9788383434926
9788328174276
9788497592420
9788383504278
9788383570976
9788383217666
9788382076974
9782070456741
9788320045659
9788381723961
9788383615714
9788328738188
9788368053883
9788382076998
9788326840241
9788384410653
9788383193632
9780008687069
9781529048377
9788380598539
9788326839122
9788382581744
9788368181128
9788308089088
9788324090532
9788383019895
9788395799402
9788383228396
9788383351377
9788383613727
9788383015415
9788383619958
9788383900087
9788383016542
9788328928985
9788326841934
9788377762295
9781784875756
9788384020708
9788328174115
9788383851785
9788382996838
9788382136104
9788327163400
9788328905948
9788382028591
9788384390993
9788382224368
9788408214649
9788367343688
9788383295268
9788327106605
9788384022375
9788381884969
9788367813495
9788382411362
9788396972415
9781035402182
9781526611215
9788308068052
9780552548625
9788367093132
9788383615318
9789661059930
9788381723589
9788382658781
9788397436916
9786178452179
9788382220209
9788311183186
9783570316559
9788382251418
9788367217088
9788366939202
9788328088047
9788367891639
9788381069250
9788397162808
9788380745506
9788383909226
9788382652925
9788368263978
9786171508958
9788381919999
9781784876616
9788377883518
9788382343199
9788382750522
9788383015248
9788383880563
9788367135153
9788382407051
9788381815680
9788368364712
9781509816255
9788328156654
9788328074651
9788301182694
9788324088287
9788377888261
9788383290751
9788382745443
9788382747010
9788368516555
9788375178081
9788367665049
9788380916937
9788382743562
9781444776157
9788383589565
9780241657263
9788383213439
9788384181638
9788326836060
9788381352628
9788401032769
9788361744863
9788383293325
9788382898774
9788368371307
9788328177024
9781529940220
9788382998320
9788301247157
9788328916753
9788365122711
9788383290447
9788301236199
9788310138958
9788382491425
9788383309101
9788367551526
9788373271920
9788383436852
9788383625423
9788382136449
9788301236342
9788301212650
9788367790918
9788327747266
9788383627731
9788378873099
9788382750980
9788368109207
9788367793988
9788383299037
9788382034257
9781419782664
9788328922921
9788384028186
9788382130430
9788381418508
9788368610758
9783779962052
9786175480939
9791094613047
8590228054371
9788324404896
9788383181974
9788367875929
9788383199658
9781529019032
9788301239152
9788383354156
9788381917773
9788386581726
9788396914729
9788367215909
9788383352039
9781529324563
9788382740158
9788301208868
9788383013114
9788384180181
9788311178496
9781408869161
9788326842627
9788327169433
9788382311228
9788328910034
9788377138083
9781473663510
9788383577814
9788383090603
9788368218480
9788396079312
9788383189079
9788326839856
9788311172791
9788326828553
9788368227406
9780008554385
9786178280772
9788328131903
9788381886116
9788383578194
9788383640679
9788328171077
9788375657241
9788380593466
9788368541045
9788382749656
9788382407433
9788381410687
9788327663528
9788326840289
9788383990309
9788383614472
9781787467866
9788383617442
9788326829161
9788367295765
9788380328891
9788382650211
9788466374637
9788328908253
9788328733886
9788383014043
9788311185333
9788383298436
9786171516465
9788384173725
9788382659047
9781784700249
9788383211831
9788308074268
9788383961125
9788382740097
9788382527667
9788381919944
9788377771754
9781786633071
9788384173251
9781405937832
9788383718019
9788328358003
9781509825370
9788381443036
9788383018195
9788310141262
9788328162723
9788386293858
9788364045462
9780751566659
9788384350232
9788366462588
9788367178396
9788383382494
9788328918290
9788383717876
9781526323088
9788396660152
9788383383576
9788382528923
9788367805384
9788368331608
9788320061499
9782710383666
9788327127464
9788367974912
9788308084380
9788327165596
9788311173842
9788381437165
9788367288422
9788367555869
9788383912806
9780008620486
9788383521800
9788379647231
9788380319608
9788382031188
9788384173602
9788381884556
9788324045280
9788368610215
9788382744972
9788301242114
9780141373072
9788379542703
9788324094103
9788383911922
9788373271951
9788328910089
9788382529784
9781847494849
9788382581027
9788324099177
9781800818026
9789720049667
9788328918061
978837014488303
9788301240523
9788301223489
9788382800500
9788324404353
9788327687630
9788380382534
9788383573083
9788367353526
9788382720099
9788328728127
9788383575506
9788324068401
9788328900202
9788368059809
9788384030387
9788367845830
9788395378201
9788368549386
9788383874388
9788381693066
9788381685184
9788328727489
9788365520425
9788397195035
9788383353548
9788383904207
9788367815062
9788382496987
9788301247492
9788381711586
9788327293978
9788373270220
9788328736061
9788383616728
9788383716961
9780134450094
9788367758277
9788381327640
9788383218373
9788366815056
9788383570211
9788382529968
9788383189321
9788367715195
9781408749623
9788326842320
9786175230237
9788328152670
9788384170465
9788384185544
9788383853413
9788383907284
9788383616902
9788328072947
9788367817523
9788328165823
9788328929227
9788301245481
9788365499868
9788368542257
9786175481677
9788383615394
9788327164285
9788383190525
9788382498387
9788389535511
9788367054508
9788381444477
9788383587400
9788367834544
9788383521329
9788383299020
9788368371413
9788301238780
9788381501293
9788383626390
9788383586205
9788381353465
9781784874605
9788301236045
9788368295085
9788383821979
9788383350424
9788368610079
9788382028874
9788383523989
9788368295016
9788327686657
9788326845253
9788308086490
9788381691604
9788301231156
9783829703062
9786171513105
9788310139351
9788311182547
9788367327169
9780141324920
9788381758017
9788383615837
9788384030622
9788395913808
9788383679549
9788381449762
9788301244736
9788433973856
9788328351653
9788381066327
9788381724333
9788366501218
9788382309133
9788383354712
9788368586244
9788384182079
9788383573113
9788382250657
9788389472694
9788383640792
9788381446631
9788367742566
9788327670410
9788382628227
9788324099016
9788383577470
9788324096077
9782070301966
9788382314786
9788384063002
9788328929005
9788381327305
9788368191233
9788379980222
9788853615855
9788368608281
9788373272484
9788381882668
9788328170322
9786175231227
9788383383286
9788381353441
9786175853726
9788383611921
9788846832108
9788380593381
9788372723864
9788368367454
9788320056730
9771731632426
9788324087921
9788324098224
9788382662160
9781409172741
9788368044096
9788383587592
9788328151758
9788382891027
9788366890299
9788383679563
9788366356412
9788383219004
9788383018676
9788380624719
9788383218878
9788383290935
9788382078954
9788362908189
9788383990392
9788366409330
9781474953160
9788327670731
9788382751444
9788384258316
9788383505794
9788301249113
9788382750416
9788366503724
9788383189307
9788383202372
9788368068672
9780141328034
9788328920323
9788382740363
9786171511668
9788383297224
9788328908772
9781784874599
9788327747693
9788379325030
9788383508122
9788362779840
9788328928893
9788301233419
9788320045093
9788328169814
9788378867586
9788367334822
9788328178502
9788383719139
9781399715492
9788368364262
9788367793865
9788382150797
9788383824833
9788383960166
9780241950456
4820245450035
9788367247054
9788383910864
9786175482681
9788328078536
9788368262032
9788311181977
5036905058162
9788328908734
9788383678245
9780241991633
9780552560894
9788371984648
9788365442895
9788328169104
9788383879703
9788379612185
9788384180068
9788381108553
9788383623436
9788308083178
9788327670816
9788382663532
9788366969919
9788367343695
9788383615257
9788383801896
9788383960708
9788383824895
9788368549713
9788324089765
9788328916012
9788308041949
9788383384146
9788383019208
9788381886772
9789664484241
9788383522265
9781804958728
9788328163201
9788381502757
9781909621718
9788381255639
9788380499621
9788308088555
9781405849425
9782072850820
9788382952377
9788367343374
9788308075258
9788383211220
9788327738639
9788366750463
9788328906181
9782070369089
9788327167323
9788368158816
9789669153647
9788380916777
9788301242657
9788375176674
9788301173814
9788382660074
9788328917088
9788301215484
9788383508207
9788325344122
9788310136756
9788366939547
9788383576749
9788308073568
9788327127365
9788381353724
9788382107333
9788368610376
9788328129818
9786175483442
9789664480410
9788382898293
9788383909240
9788310139429
9788301248871
9788327126788
9788328904385
9788381684781
9788383435831
9786171293014
9788367034579
9788301242671
9781529933611
9788383717135
9788301241087
9788384350263
9788328732728
9788328905993
9788382150957
9788397205642
9781474990042
9788328092679
9780008239893
9788366619104
9788368262001
9788383617015
9788368473308
9788367816120
9788320053890
9788383383828
9788368263497
9788327167125
9788301225001
9788384257357
9788382725551
9788381919807
9788367759670
9788366061781
9786177395767
9788368045499
9788383880754
9788328099227
9788329101806
9788380746275
9788370207489
9788381886550
9788301246228
9788328729186
9788382727395
9788379935499
9788328131705
9788328731066
9788383010182
9788382998009
9781399616409
9788372782922
9788383588773
9788367845717
9788383990248
9788383821726
9780349441313
9788383093697
9788383355108
9788383190051
9783352009976
9788322451519
9788375532777
9788381693394
9788382745191
9788397324336
9788381279192
9788367075909
9788328914803
9788308055939
9788382527940
9788383617978
9788383617008
9788324085125
9788382953473
9788311181038
9782408023805
9788384023327
9788381433228
9788367665292
9788382896565
9788383961477
9788383015682
9780241983416
9788324098958
9788375175097
9788381447805
9788379156375
9788370209476
9788383356501
9788327166210
9788366661530
9788380576711
9788320059182
9788373997844
9788382657562
9788380539457
9788382654585
9788328070080
9788320035742
9788308088135
9788324069897
9788324093304
9788368228755
9788383640365
9788381433709
9788381353540
9788382654516
9788311174115
9788383217833
9788328729872
9788324067701
9788383195490
9788383383477
9788320044041
9788326840104
9788374899260
9788301241285
9788380747487
9788381393225
9786175230169
9788395860720
9788383533445
9780435232870
9788366347465
9788308085912
9788326841118
9788301239756
9786175482032
9788324099597
9788328727991
9788382134353
9788382932553
9788381286961
9788383520254
9788367805391
9788301190309
9788383190877
9788382306491
9788367195690
9788366729551
9788379324897
9788381323321
9788383909769
9788383602288
9788382341850
9788381716758
9788382107029
9781784161002
9788320066128
9788364030529
9788375657999
9788382652369
9788383352077
9788324096718
9788379327874
9781841151656
9788379834334
9788328908987
9788383190518
9788366242227
9788311171923
9788326840524
9788383306544
9788382720082
9786177688111
9788382727111
9788383436678
9788367402088
9788383217918
9788367816250
9788366762350
9788383961330
9788327169372
9788328167971
9788383674506
9788382134063
9788301235772
9788384183854
9788383096742
9788328902992
9788381147156
9781292264134
9788382953787
9788311179721
9788397554641
9788382652895
9788368560329
9788377407547
9780134657882
9788373272408
9788380328662
9788378458586
9788375799255
9788382991123
9788327167637
9788311176201
9788370209636
9788366863910
9788368226331
9788384183625
9788383572666
9786177940998
9788383107417
9788383502922
9788328391437
9788397059290
9788367150279
9788383382784
9788367545945
9788382794786
9781408893456
9788361280071
9788383579863
9788383913490
9788383223674
9788394950521
9788328737051
9788383294100
9788377408902
9788328178847
9788382932843
9788383671871
9780008710583
9788311182943
9788367513784
9788301239527
9788383622170
9788382033205
9782253937579
9788382745313
9788382663068
9788384410394
9788383296159
9788383678436
9788327168481
9788324584260
9788383913896
9788382225891
9788384381144
9788383903880
9788382728361
9788381810289
9788327107633
9788328727502
9788380653115
9788383303840
9788366325166
9780241586426
9788311165007
9788368069310
9788377798836
9788382413304
9788367555654
9788383910352
9788380797833
9788301240684
9781447294832
9788384186053
9788366147775
9788381813839
9788379649969
9788368087215
9781784701925
9788328733312
9788310142122
9788324066698
9788328167117
9788375799651
9788381788045
9788383961491
9789664484524
9788368059632
9788366644984
9788367323482
9788383296388
9788366866836
9788381500463
9788328169531
9788328730861
9780008389666
9788383980676
9788368217216
9788372723789
9780134134086
9780241614686
9788328906174
9788377407196
9788383103389
9788384173084
9788383981048
9788366500617
9786177914050
9786175482025
9788366416635
9788301222888
9788381390125
9788328921702
9788380384194
9788382991895
9788381325998
9788382132694
9788382250015
9788383216706
9788384030431
9788383503691
9788380757141
9788383015828
9788387373818
9788383962719
9788324089741
9788383380421
9788328391536
9788382135183
9788324092758
9788383181684
9788368109047
9788367323833
9788324056279
9788327168269
9788311160477
9788381910767
9788324051830
9788368364187
9788328172173
9788383913445
9788381687812
9788327680259
9788378866312
9788327126733
9788367334792
9788368265620
9788383909332
9788329100069
9788367137751
9788383961675
9788384060216
9788328933118
9788383750293
9788327127488
9788373273573
9788381713238
9788328174511
9788368227048
9788367343718
9788383297194
9789669153517
9781847493729
9788383751702
9788301233013
9788375176216
9788383295800
9788301169268
9788328910140
9788384174166
9788301181253
9788382581591
9788383183770
9788383874678
9788368045772
9788367247658
9788380877887
9788324054411
9788320612226
9788381686679
9788367341035
9788328907928
9788379645480
9788301221911
9788381069298
9788384183786
9780141197609
9788324059256
9788382107920
9788328373495
9788379127375
9788365808134
9788301247607
9788327169891
9788328934382
9788383382623
9788328723184
9788326838781
9781474998239
9788382132151
9788373272521
9780241678893
9788383300757
9788383214719
9788366969773
9788366712195
9788383741932
9788384410349
9788310127006
9788384160282
9788378868675
9788383574141
9788381915489
9788383641034
9788381881852
9788308088630
9788382026207
9788366257313
9788383357348
9788328165427
9788382522419
9788373392960
9788324056804
9788367805353
9788301204716
9788301181123
9788383679273
9780241573709
9788368005837
9788382497168
9788382740592
9788383751788
9788382314052
9788380871076
9788326839504
9788326837913
9780241453162
9788383741154
9788381727792
9788327661746
9788368473049
9788383912837
9788381417426
9788383215730
9788328162433
9788382032673
9788383617961
9788368005974
9786177563623
9798893735574
9788367793421
9788383628905
9788383990460
9788383603179
9788328162181
9786171507081
9780751585551
9780007420261
9782818901625
9788381685771
9788383714400
9788368381245
9788368204605
9788379127030
9788367759595
9788381886109
9788396649225
9788375657302
9788383293479
9788381325622
9788381433341
9788384160206
9788366969926
9788383811574
9788328900561
9788311175730
9788327659569
9788381393065
9788370209001
9788365808028
9788383904641
9788382529937
9788383621333
9788328935884
9788384030783
9788397554627
9788328157262
9788384026816
9788367262835
9788383961873
9788368692242
9788367178204
9788367805551
9788382411591
9788381352963
9788383352749
9788380656970
9788381109192
9788389157775
9788383299655
9788383520902
9788308086186
9788383306605
9788328168299
9788382340341
9788381686198
9788483235638
9788381447300
9788367867467
9788375179132
9788381811347
9788367558495
9788328925748
9788301242787
9781405050500
9788328083486
9788367071956
9788382661118
9788324083671
9788383878232
9788381812788
9788328175051
9786176797364
9788324056941
9788310144867
9788328912922
9788327670724
9788383870731
9788383674063
9788327670533
9781399713269
9788381815703
9788382663945
9788853616029
9788384180129
9788328907379
9788379325795
9788381411707
9788380383944
9788301214531
9788383612294
9788368109542
9788379660278
9788381160520
9788384258644
9788328094796
9788382753011
9788389774668
9788326844492
9788301180645
9788367805346
9788383014500
9788384173824
9788382620382
9788383960548
9781409522911
9788383820354
9781648279188
9788367323383
9781408855669
9788328921436
9788898433179
9788324057504
9788364526763
9788383678139
9788324094622
9783453438187
9788382032659
9788324068821
9788383616247
9788328155657
9788382995749
9788301242596
9788367793834
9788379647378
9788383990187
9788327128256
9780321606396
9788368180596
9788368302301
9788383227306
9782253082286
9788324411788
9781911600909
9788384270653
9788328731707
9788368516289
9788380088566
9788382898323
9788324090099
9788383876313
9788308085936
9781474917902
9788368205602
9788382740400
9788366022911
9788368265989
9788384410639
9788383108568
9788382154672
9781849497268
9788382953978
9788381919951
9788368069938
9788383199139
9788328089402
9788383298993
9788384172698
9781398519732
9788384027127
9788383187556
9788383151564
9780672337284
9788383676289
9788328731431
9788383382845
9788311173989
9788383615332
9788383873237
9780241350386
9788328902800
9788394525507
9788367974226
9788366285262
9788373274075
9788367512725
9788396888877
9780007350902
9788375796537
9788382317107
9788383904344
9788327747273
9782253006329
9788328169463
9788381505437
9788380082410
9788324087082
9788328912069
9780241995341
9788328338401
9788382316285
9788324069224
9788301243418
9788383355610
9788367512855
9788328190122
9788382750102
9788326843488
9788328390959
9788328919013
9788308084984
9788383905914
9788382133776
9788320044430
9788381690072
9788327662798
9781408845677
9788301233464
9788328900196
9780008288884
9780241619803
9788423348947
9781398719484
9788381726733
9788324411290
9788367710060
9788382084207
9788301220556
9788382745085
9788367247542
9788383292458
9788360826928
9786178318635
9788327168368
9788381505840
9788368121452
9788380838871
9788383911441
9788368226423
9788382154962
9788377000205
9788380576155
9788368516586
9788384270660
9788368639094
9788381718110
9788382491500
9788367665155
9788301241032
9789606930072
9788395799464
9788382893564
9788382031843
9788383210100
9788375534436
9788328387188
9788328171275
9788310144096
9781786487407
9788373273887
9788382525243
9788381352239
9788366335875
9788367685368
9788380384590
9788367793568
9788382313093
9788368479041
9788382159547
9788379647842
9788367859967
9781419749476
9788367054768
9788328175389
9788368692822
9788383572680
9788301222161
9788384182109
9788327746436
9788327661807
9788308084724
9788375799521
9788370206734
9786175484821
9788324090389
9788382999433
9788329100953
9786177973040
9788381810449
9788382083620
9788328729704
9780141360065
9788382032093
9788308075692
9788383105581
9788381354660
9788360963791
9788367054584
9788383380070
9788384031315
9788324099566
9788384185186
9780744064902
9788383911809
9788320063721
9780141502397
9788368240658
9788382728095
9788368059328
9788383017396
9788367093125
9788382581164
9788328165243
9780007902415
9788383109022
9788301246570
9781529103595
9788366762138
9788383575537
9788384065266
9788367426886
9788383016993
9788368381665
9788367262408
9788328732636
9788327166074
9788383587370
9786171513648
9788382033953
9788381726115
9788383825076
9788383189895
9788383712253
9788310137814
9788377409077
9788383193779
9788383107967
9788383435398
9788328162068
9788327699466
9780099589877
9788381518369
9788367891271
9788383190303
9782070467914
9788382072297
9788328906211
9788375175950
9788382664898
9788383913384
9788382722079
9788370147358
9788301237707
9788328907164
9788386293780
9788383010267
9788383717074
9788328724440
9788380744202
9788383191829
9788384254509
9788379935000
9788384270691
9788368144574
9788328161764
9788382134407
9788301243456
9788311184657
9788311185135
9788382529173
9788381728447
9788328739208
9788383352879
9788367338639
9788382998368
9788383912615
9788375656886
9788383187914
9788368059540
9788327661876
9788383383187
9788379761357
9788382408638
9788324068586
9789667047641
9781529115765
9788383879451
9788383384320
9788328728721
9788382311587
9788368536539
9788368371765
9788367996006
9788383881225
9788381712774
9788328725911
9788374372763
9788395399985
9788383436975
9788328729995
9788395895920
9780241389317
9788383750170
9788328912229
9788383107783
9788376238302
9788308076910
9788384410523
9788368068337
9788383570280
9788383011295
9780134211282
9788366136656
9788310144232
9788328727571
9788382313406
9788328920569
5907700085007
9788301151195
9788383874944
9788382490107
9781444951400
9788311185654
9788365400802
9788383677682
9788368536331
9788381354592
9780241567227
9788366966192
9788368608496
9788383182247
9788328172159
9788381438063
9788366505223
9788383574073
9788366967304
9788383801223
9788374207256
9781472268600
9788368044027
9788383870137
9780008710538
9788301238544
9788381502498
9788328901018
9788383353241
9788328399204
9786171508088
9788383106465
9788325343286
9788365928139
9788328731592
9788395752063
9788383195094
9788383822112
9788381504966
9788368204872
9788381860338
9788382492682
9788375179446
9788373929630
9788381813815
9780141186764
9788328135994
9786171298217
9788328913394
9788367925945
9781784874636
9788382520828
9788383381770
9788326832475
9781292243832
9780134506784
9788328726307
9788381398138
9788381327480
9788381886529
9788367075305
9788383824758
9788380876606
9788381438278
9788379325764
9788382083477
9788384291009
9788382029185
9788383960999
9788383195940
9788366866072
9788383500973
9788383188058
9788311174092
9788360963425
9788381297172
9788383879437
9788301236496
9788311173439
9788383820422
9780349439303
9788377580288
9788382740455
9788328734548
9788327670373
9788378879411
9781526624574
9788382400595
9782369142195
9788327719577
9788324069118
9781784165031
9788395752001
9788308069578
9788328173118
9788324066384
9788383380452
9788367323017
9788310138590
9788382581874
9788382135671
9788383875392
9788301248635
9788328923294
9786178280611
9788382743906
9780241967447
9788328733053
9788395860775
9788383292649
9788383430003
9788368381252
9788384290712
9788382343960
9788311175259
9788382108682
9788328151529
9786176799559
9786171516519
9788380746534
9788368370072
9788382413571
9788375659313
9788301232566
9788375177237
9788382998016
9788311186620
9788373272200
9788381434102
9788324094196
9788366949126
9788383877914
9788383304946
9788382231489
9788368265347
9788311184275
9788383980522
9786171517486
9788382623437
9788368068818
9788381914161
5905527480203
9788368591477
9788379127542
9788384180372
9788328914025
9788367388214
9788380747661
9798765103067
9788383191478
9786171514317
9788381727785
9788368419061
9788382951691
5905741033254
9788384410301
9788380329881
9788301213374
9788378866398
9788382220230
9788384026717
9788382728132
9788326839207
9788382582307
9788382581195
9788368189469
9788328312845
9781974741229
9788375174700
9788328094574
9788380595996
9788382026894
9788383217888
9788381511513
9788367295857
9788382993028
9788381410076
9788383960913
9788368370621
9788326824968
9788368382051
9788301189389
9788381506168
9788384023419
9788382343946
9788382659030
9788381352420
9788383019901
9788308054871
9788308086582
9788382581683
9788394652852
9788328076334
9788380499980
9788367219648
9788382581966
9788308081914
9788367759274
9788383186719
9788328174078
9788367931328
9798893731408
9788328735897
9788366657335
9788324092734
9780321348104
9780140282665
9788383290713
9788382108897
9788308086001
9788367996792
9788328162730
9788328090934
9781801314923
9788368419689
9788375534481
9788380089228
9788301233006
9788368135602
9788375656749
9788368302240
9788368045178
9788368367164
9788308086902
9788320063325
9788301238957
9788328175365
9788383352480
9788368419078
9788381681438
9788368189643
9788381109901
9788379126309
9788328162525
9788397553262
9788383670690
9788383524153
9783442206520
9788383520230
9788496252356
9788383010458
9788327669957
9788328164413
9788327670366
9780321820808
9788368381405
9788382309645
9788382411201
9788367322997
9788308074008
9788327126832
9781728205489
9788382133998
9788384022351
9788301229993
9782072958830
9788327168610
9788383304878
9788381354196
9788382663204
9788366753402
9788382529081
9788383960739
9788381437981
9782070441150
9788324088485
9788384029404
9788366796041
9788368473186
9780008541958
9781399705417
9788378453253
9788381352284
9788361880042
9788301245818
9788368005332
9788324098941
9781292259390
9788380873469
9788367512886
9788397237001
9788381505635
9780099581499
9788381816007
9788329120586
9788375173819
9788327127334
9788328175457
9788382315424
9788367996143
9788375799347
9788370209582
9788310144645
9788378868316
9788370205171
9788364347962
9788383503325
9788368383010
9788382995121
9781835010952
9788367817653
9788383715292
9788324136483
9788375179804
9788382083323
9788368382495
9788328907133
9788327127396
9788383290980
9788383717982
9788383294148
9788368242010
9788368069105
9788383614359
9781399724821
9788366866157
9788301228453
9788383881966
9788383301259
9788328164352
9788381507004
9788383213057
9788382403824
9788382317367
9788301221140
9788383676180
9788328175112
9788383295329
9788382026597
9788382722390
9788382135145
9788328087736
9788327738615
9788381354356
9788383520292
9788396656193
9788301242404
9788383613789
9788382523553
9788328075191
9788382655704
9788324070046
9788491898894
9781405924795
9788381884518
9781909621954
9788383710136
9788381506885
9788328087842
9788328091146
9788324061587
9788382133455
9788370209377
9781474991506
9788328164079
9788301222864
9788367093149
9788368283884
9788327126702
9788382727975
9788383380636
9788383382876
9788368560848
9788383907291
9788327167767
9788367324625
9788384063033
9788328169111
9788368121643
9788394854157
9788381354639
9788382744620
9788368725865
9788382662757
9788378868002
9788380874008
9788366866737
9788383913803
9781529157147
9788382932997
9781509827824
9788301229566
9788367338189
9788364505263
9788308074312
9788384250471
9788367875905
9788368283518
9788328734050
9788383715438
9788368043518
9788368562781
9788383570426
9788328917811
9788383622149
9788382315646
9788360685648
9786177688630
9788380381018
9788381410915
9788308062258
9788368217674
9788328164895
9788384252864
9788382083309
9788328727175
9788370146146
9781529112252
9788383627342
9788383910543
8590228052001
9788396146298
9788382343397
9788382806236
9788383640327
9788381913270
9788381816069
9788382071481
9788383881867
9788368262049
9788367639224
9788308083802
9788368591354
9788383851884
9788381418874
978837014712919
9788365601780
9788301229924
9788368381412
9781805074342
9788301236847
9788383356020
9788328900103
9788381500319
9788383628929
9780241619780
9788301231828
9788328171220
9788380590212
9788365807236
9788324083084
9780374537173
9788394774684
9780340952153
9788383751092
9788382403480
9788367216869
9788301222130
9788382411560
9788383106069
9780718189556
9788383904795
9788380088320
9788383876870
9782070469239
9788381321235
9788383912967
9788378879794
9788383826691
9788381919265
9788324099986
9788367034210
9788383740638
9788362779956
9788383670898
9786171507821
9788382725568
9788381724524
9780008752057
9788367075855
9788368059243
9788328911543
9788381447546
9788380879119
9786178253950
9788395938450
9788326823862
9788368053005
9788380630703
9788383629995
9788383182049
9788383215891
9788328162099
9788381578356
9788381753425
9788383610122
9788382656091
9788381911450
9788328738751
9788383194516
9788362842032
9788366178830
9788383678061
9788368033212
9788311183179
9788381353397
9788326842849
9788382410808
9788383197296
9788363156404
9788367353403
9788383610566
9788384028261
9788378356424
9788368021851
9788367084598
9788366630161
9786176799382
9788368068047
9788379673261
9788383189055
9788368205077
9788375169454
9788328913349
9788380499782
9788367931922
9788367308298
9788381107266
9788384252666
9788388435577
9788324092161
9788328905313
9788328920347
9786178280741
9788301228620
9788395261886
9788366219984
9788383878591
9788375173802
9788383193663
9788381507226
9788382409505
9788381577076
9788367515160
9788380746985
9788367891127
9788382080834
9788365796820
9789669153005
9781529400489
9788382749854
9788383627618
9788366520448
9788383383422
9788383621074
9788383199337
9788383296326
9788326840807
9788383188324
9788383225289
9788310139092
9788383302775
9781787304475
9788367071994
9788327125248
9788328905405
9788368611991
9786177329045
9788383800882
9788384025277
9788328167407
9788328169548
9788368468076
9788383382944
9781842706077
9788367338370
9788368059212
9788324400140
9788301241582
9788382410679
9788378878810
9788326842054
9788383295701
9788466379366
9789666799671
9788365891259
9788375659122
4820245450295
9788384275115
9788328728011
9788381434843
9788366570191
9788383524221
9788368317695
9788381919982
9788383108056
9788368226355
9781840918830
9782035951083
9788301178512
9788368589788
9788383570372
9788383532882
9788324066261
9788367343947
9788367674300
9788383523354
9788383908618
9788311175709
9788383574158
9788308074657
9788383615059
9786177537969
9788381719063
9788327746696
9788382952919
9788365717665
9788327126429
9788383611198
9780368270383
9788382581102
9788379673117
9788328175891
9788301228507
9788382132557
9780099528128
9788326843594
9788382520422
9781786330536
9788383576206
9788328732889
9786175230206
9788365444059
9788301224882
9788301240875
9788328738232
9788308073988
9788382407068
9788384174029
9786177682287
9788382952070
9788328731271
9788383903392
9788327126535
9781838990176
9788378454694
9788365168214
9788364039133
9788370208530
9788368144147
9788328723894
9788381729802
9788308088029
9788328929500
9788367071109
9788383801247
9788384250907
9788382033335
9788327163936
9788367353243
9788367500456
9781399744423
9781446309612
9788383196480
9788301241063
9788383750972
9788381756112
9788382527629
9788327170712
9781786140913
9788363830366
9788377761144
9788365661517
9788379327836
9786177329786
9788381505321
9788367925891
9788380384972
9788383821870
9788328153981
9788378868392
9788328166684
9780136624097
9788384391075
9788311185692
9788383520933
9788327496485
9788366500655
9788328905481
9788384259641
9788383356549
9788383678306
9788324095858
9788383293660
9788384180150
9788383298542
9788381886734
9788383905631
9788368536652
9788383672496
9788367075886
9788383520940
9788382315899
9788368692280
9781804953693
9788383913780
9788381505123
9788379647811
9788326840081
9783764531805
9781399628976
9788367353274
9788380329201
9788382724561
9788388840661
9788327662781
9788383575605
9788382525915
9788384063897
9786178277604
9788368132717
9786175853870
9788367548021
9788384022481
9788328161665
9788383507248
9788380387850
9788328175624
9788384024225
9788383215747
9788381719056
9788396049964
9771731632433
9788383158150
9788378867357
9788378865124
9788326813535
9788328170193
9788381884389
9788367510103
9781529081473
9788367859363
9788368043549
9788311178434
9788383380513
9788326825002
9788308081259
9788381353595
9788368158366
9788366526181
9788381393867
9788377885789
9788382070880
9788384031094
9788368044881
9788383676272
9788383750262
9788327163776
9788383524238
9788390437255
9788380387331
9788324401154
9788301163495
9788382891591
9788382025521
9788367502542
9786177989164
9788368562071
9788368364255
9788379128105
9788382400243
9788383856896
9788301226022
9781804951743
9788366416369
9788301211042
9788361171379
9788382314700
9788375178807
9788383960944
9788301222895
9786178076030
9788376866598
9788384171264
9789664480687
9788308042724
9788382071191
9780062859020
9788327107527
9788368240030
9788384241530
9788383751528
9788383710181
9788381506113
9788382342017
9788327746702
9788382652758
9788381504775
9788382802900
9788328174368
9788383825878
9781909621565
9788367022729
9788384172124
9788366644526
9788383385013
9788383384351
9788383383644
9788382629880
9781399714211
9788367845700
9780008222338
9788380596559
9788383356747
9781848420502
9788383671918
9788383907222
9788381913331
9788397401761
9788311167087
9788301177614
9780349436685
9780099526995
9788382993486
9788367406710
9788381501736
9788328730151
9788382996487
9788327670892
9786175484739
9788383523514
9788362194148
9788375178166
9788382167108
9788375178296
9781292725567
9788326841521
9788381860048
9788382749908
9788383016672
9788382655643
9788301187545
9788383016306
9788328167643
9788383800103
9788383875125
9788383850566
9788370207212
9788324066803
9782818976791
9788383616759
9788380748729
9781909621497
9788325343569
9788367742733
9788370209926
9788368045598
9788311166615
9788368610420
9788383904566
9788383017211
9788383432977
9781786817501
9788383522173
9788377799390
9788375172881
9788327127211
9788380576834
9788328736016
9788383351520
9788367335331
9788366501324
9782882506962
9788381443852
9788368189049
9788384440414
9788308084779
9780136767145
9788383523880
9788384021484
9788382083064
9788384350331
9788368331448
9781638585534
9788384062371
9788301231477
9788382309621
9788382134261
9783126740012
9788381918749
9788381726146
9788382891102
9788383435527
9788383717043
9788367974325
9788383206530
9788328161214
9788328397606
9788382752601
9788328169265
9788384186107
9788384021682
9788383615004
9788383355382
9788076881181
9788383353890
9788384490518
9783734112980
9788383910468
9788383508795
9788328900615
9788381501019
9788380329430
9788324088751
9788311170148
9788368302554
9788382071658
9788383186542
9788368240054
9788368338317
9788328174085
9788373926745
9788383911892
9788328085862
9786171516403
9788367178235
9788377294383
9788311182936
9788328904675
9781444761726
9788383380131
9788328196384
9788301225995
9788368419320
9788365717412
9788410080461
9788368542370
9788324092154
9788368258530
9788301222154
9788308081242
9788383627601
9788383213149
9788328066175
9788368692334
9781800060548
9788382899290
9788324065684
9788328912380
9788383903194
9788308088180
9788363537135
9788383878171
9788375176223
9781035421060
9780136824299
9788383211923
9788383505299
9788368109160
9788381717984
9788383713342
9781471196836
9788320046502
9788368295672
9788383719917
9788383600499
9788383382029
9788324069477
9788383107073
9788367974639
9788370209704
9788326840357
9788383715889
9788383382104
9788384440193
9788367402248
9788362779864
9788328136649
9788379642335
9788326842726
9788380597020
9788368262230
9788380384231
9788327731869
9788383611839
9780007489480
9780241954287
9788383619361
9788328733268
9788310142689
9788328153813
9788383870007
9788301233167
9788367759649
9788311186477
9788383911786
9788382072303
9788380744516
9788383357010
9789667047399
9786177940950
9788383296180
9788368371512
9788383103280
9788383871639
9788328151888
9788382317169
9788383356969
9788384176764
9788365499820
9788368191264
9788383354972
9788325346768
9788320062588
9788328912281
9788383210711
9788381756945
9788383610610
9788383741659
9788382581935
9788382721676
9788368350982
9788328735927
9781529347869
9788301223137
9788383585499
9788383624457
9788382033915
9788367859509
9788383960029
9788373774438
9780281091256
9788383617039
9788308065402
9788328182004
9788383196459
9788320041767
9788368725919
9788382313635
9788378868811
9788382749731
9788367949422
9788367323390
9788383622033
9788380800267
9788372723697
9788382402452
9788308086162
9788327171016
9788368516098
9788383227139
9788327163561
9788366729216
9788382723519
9788383010274
9788367343350
9788320064728
9788368383218
9788308086469
9788380876705
9788379327713
9788384200063
9788311173606
9788383520025
9788368069211
9788311173774
9788326839153
9788382137996
9781803702698
9788365341952
9788384182789
9781804990582
9788360169070
9788383151106
9788384302279
9788384275030
9788383303512
9788382032895
9788382627497
9788383214702
9788324062867
9788382307375
9788384302217
9788382651966
9788374899369
9788367121613
9788381448024
9788382952360
9788328930957
9788328337480
9788327680679
9788377409145
9788381555692
9788366371026
9788374899956
9788383434667
9788367816427
9788367948333
9788382528350
9788383884721
9788382809343
9788367790932
9788368352511
9782073001962
9788365400284
9788383672427
9788310141545
9788381142649
9788383613703
9788381446297
9788846835680
9788383960067
9788382808889
9788380598522
9788367195232
9788382107272
9788370209261
9788301236359
9788328918566
9788381721653
9788328094505
9786176799443
9788367845601
9788382522310
9788367815826
9788368204186
9788382226089
9788383207216
9788327169068
9788381710916
9788383183671
9788383109190
9788383717401
9788368240498
9788367500425
9780136660422
9788328166073
9788381719506
9788382744477
9788324088232
9788383505909
9788384020128
9788381436618
9788365891778
9788328174177
9788383800837
9788383710501
9788382745245
9788382893168
9786171512870
9788308086933
9788301245559
9788301211776
9781474997867
9788383306414
9788377799741
9788383574813
9788328166714
9788328165557
9788383583730
9788325344351
9788367093309
9788375179170
9788328929357
9786175481202
8018190053661
9788301226008
9781784872786
9788365650849
9788377406380
9788382311532
9788383380414
9788383500201
9788368262544
9788383358147
9788383500874
9788384302255
9788381750622
9783423283403
9788381813303
9788394352820
9788382529364
9788311183131
9788323342731
9788383880860
9788328728738
9788382604566
9788366610309
9788382728637
9788366969131
9788327106896
9788383010472
9788328162259
9788381442770
9788383018652
9788383019383
9788368473063
9788383353555
9781787304239
9788368367041
9788381815185
9788326840043
9788328169449
9788384381175
978836728871
9788301183707
9788328902299
9788382743715
9788381816250
9788383105536
9788382651034
9788381912525
9788368692723
9788382403855
9788375657203
9788382932928
9786177279166
9788383301570
9788383717036
9788382139709
9788375657142
9788328919211
9788375177039
9788381886536
9788383010144
9788311175280
9788383106670
9788382082623
9788301223571
9788381885577
9788367071536
9788382743913
9788381722254
9788368371154
9788377760888
9788383579801
9788383870205
9788382654578
9788383300276
9786171517332
9788382408898
9788383294186
9780008659318
9788367816359
9788383881676
9780571323951
9788368591392
9788370209759
9788368005158
9788381416054
9788308084717
9788328169616
9788383803753
9788383878355
9788368383485
9788327127525
9788383858678
9788301238841
9788328931794
9781909621541
9780008719302
9788381418669
9788367515894
9788384061909
9788366969780
9788368262490
9788327293619
9788301233426
9788383616179
9788380326309
9788396349699
9788383523552
9780007527526
9788367742542
9788382747027
9788368267884
9788383353791
9788328164499
9788367727938
9788380590243
9788382136708
9788328735033
9788366416314
9788367247108
9788383803241
9788368549553
9788497594295
9788382723496
9788324098682
9788382139006
9781292207865
9788381755634
9788301249144
9788327128157
9788384253991
9788328912090
9788328933033
9786178318994
9780241583081
9788383305684
9788382135855
9781784876609
9788383095684
9788324095087
9788381811330
9788382309041
9788382522334
9788328923607
9788384380703
9788367817776
9788383193878
9788395822186
9788328074637
9788382722239
9788432239991
9788383521244
9788363960391
9788328909496
9788382999853
9788327164100
9788301241919
9788328048911
9780141326139
9788375176988
9788301228293
9788368191820
9788328164949
9788380089419
9788301213015
9788384027349
9788310138477
9788383962405
9788361097228
9788383185811
9788365964120
9788370208257
9788382998351
9786176797425
9788375798982
9781419764264
9788301236519
9788382664201
9788301236106
9788367262972
9780241475478
9788380157927
9788380496859
9788370208615
9788383801117
9788382728668
9788383206042
9788377409916
9788308083093
9788326838651
9788382748628
9788367551441
9788381398695
9788310139535
9788328934641
9788308086506
9788383672540
9788328934566
9788383354132
9788383532509
9788327687647
9788375414165
9781789098808
9788365122476
9788367137195
9788310138798
9788382950243
9788368380491
9788383804125
9788368069198
9788383384269
9780789759771
9783551557445
9788382158250
9788380576773
9788328920750
9788383522302
9788382153613
9788375483574
9788328929159
9780241346945
9788382728569
9788380323827
9788383876252
9788301227555
9788384185605
9788382745351
9788381108584
9788366526662
9788367084222
9788367137904
9788364634314
9788382628203
9788368331530
9788384172315
9788329100595
9788383902289
9788328731585
9788367551823
9788381353557
9788383381206
9788310140272
9788366416680
9788367308311
9788382890938
9781509850921
9788328174412
9788382032222
9788367215138
9788365803252
9788383576077
9788324097876
9788368175141
9781471115462
9788368350449
9788367426350
9788383877938
9788367859493
9788328135604
9788328907942
9788370207823
9788383434391
9788326813429
9788360963814
9788328914421
9788365577184
9781786530035
9788379761838
9788328177017
9788382658057
9788311155527
9788328919044
9788382033434
9788384061602
9788381068529
9788367324373
9788324044214
9782268090979
9788380364202
9788308080443
9788383180663
9788367875837
9788382626384
9788383309408
9789664484838
9788382030303
9788381727181
9788363559069
9788328910812
9788310144577
9788324067060
9788328734289
9788383854083
9788380796553
9788324068319
9788364634550
9788384381991
9788362521913
9788383900421
9782253936909
9788383716664
9788301241612
9788301248925
9788383303659
9788311168947
9788308085707
9788366939653
9788301231286
9788395057434
9788382952902
9788396058829
9788383619750
9788383871745
9788381413220
9788325530556
9788328908116
9788382162042
9788368381863
9788383191768
9788382411126
9780008712358
9788366005990
9788301223830
9788308084571
9780241508527
9786177940264
9788308085189
9780007528646
9788383293462
9788383522210
9788327126177
9788366997820
9788382725308
9788368549768
9788382891980
9788383873749
9788381354691
9788483235225
9788384182086
9788366325562
9788383010069
9788328907195
9788328162907
9788368473162
9788382033939
9788381915700
9788383298559
9781409598619
9788377797594
9788328164536
9788382136500
9788383297859
9788362779833
9788380329041
9788382134254
9788328178168
9788380748989
9788378867609
9786175484395
9788382748796
9788368589689
9788396723734
9788375178692
9788382075199
9788368639254
9788381412940
9788384173565
9788368338256
9780857503633
9788383103136
9788311174375
9788381957557
9786177329595
9780552773805
9788383196411
9788383672359
9788382893465
9788328735217
9788320066937
9788310137722
9781526624536
9788375799880
9786176799221
9788382750492
9788370209735
9782075187640
9788381397711
9788382220131
9789661545815
9788367759472
9788375533002
9788367817226
9788367974936
9781853261336
9788378458654
9788383611846
9786175484364
9788368109924
9788383990347
9788325338749
9788324074105
9788327165022
9788383500386
9781509826773
9788383904108
9788370208837
9788310139078
9788311175662
9786177940417
9788328166592
9788373299931
9780241473665
9788301230715
9788328157606
9781788404303
9781035412884
9781447208822
9788308083512
9786175482704
9788383104836
9788380983489
9788383961972
9788382314144
9788367324649
9788301220969
9788382109818
9788301230791
9788324086924
9788381883436
9788328916760
9788381145039
9788366416628
9788382306156
9788368218176
9788383218045
9791028116491
9788383711522
9788381686648
9788382109436
9788366234727
9788384300206
9788382132779
9786175230602
9781292087924
9788324089925
9781529043532
9788375780659
9788379645237
9788328083363
9788383430935
9788383226750
9788381882446
9788381753388
9786171283503
9781405963282
9788382722406
9788308085349
9788326841729
9788382743784
9788327166814
9788328733749
9788381414258
9788382748567
9788382072716
9780746089415
9788383350714
9788327128027
9788308083741
9788383614175
9788366310582
9788320044126
9788328169999
9788327660893
9788368189476
9788324098576
9788384175934
9788384021545
9788320065336
9788383383262
9788320065763
9788383189246
9788384025024
9786171514386
9788380597068
9788327127938
9788367834629
9780007552818
9788370209858
9788327165688
9780241666661
9788383195919
9788383016801
9788374824415
9788382528787
9786175231807
9788328913622
9781784874551
9788328922631
9781526617170
9788382491494
9788328108233
9788366650497
9788382027655
9788324067077
9788383990132
9788328727663
9788383350103
9788395835308
9781784701482
9788382527186
9788301244187
9788367069694
9788328093492
9788328169326
9788367217125
9788384256411
9788378874430
9788328157552
5904356580511
9788382993356
9788374899833
9780241378915
9788383612232
9788366762077
5905741033261
9788367426312
9788381919081
9788381441032
9788382727371
9788366650053
9788382726190
9788381886796
9788328917798
9788382809480
9788383911496
9788383626437
9788328141759
9788368217025
9788328175495
9788383990125
9788373394261
9788076880061
9788383912127
9788382029031
9788466349314
9780241379530
9788382342567
9788382409246
9788383103013
9788383104713
9788382316261
9788395752094
9788328169074
9788368516357
9788382033496
9788381326599
9788383350356
9788383962900
9788308083468
9788375172164
9788327718112
9788397591325
9788381918916
9788386581634
9788327738875
9788382138580
9788328175419
9786175483930
9781783705481
9788383714332
9788377679029
9788308088616
9788383719474
9788308086216
9788328907546
9788383880938
9788379124671
9788326500152
9788328732162
9788383820514
9788328910393
9788308084830
9788367974189
9788383303338
9788383523668
9780241182291
9788381717946
9788328162815
9788368226379
9788367034234
9788301213176
9788382073508
9788381919272
9788301239367
9788326433542
9788367668996
9788375799989
9788383353203
9788382663259
9788310140159
9788382413588
9781406664898
9780241480724
9788328173156
9788382655278
9786175231005
9788383182100
9788381884075
9788379241385
9788383213514
9788383800141
9788328731769
9788328926745
9781911717096
9782014001082
9788325345020
9788375178517
9788311181656
9788368063271
9788383017839
9788383670553
9786171512931
9788375171211
9788383011288
9788368542028
9781529917123
9788395584497
9788308053157
9780007585236
9786171261297
9780241525036
9788360963692
9788383676692
9788383217994
9788383715735
9788327718839
9788328912946
9788301230777
9788328164994
9788366615236
9788301238438
9788320063974
9788379157372
9788383199351
9788381919227
9788326842597
9788375798623
9788382745139
9788368280036
9788380575806
9788383381435
9788311173705
9781398527584
9788383602806
9788328935624
9781909621800
9788383289526
9788383102528
9788383433257
9788367353588
9788380598850
9788383715896
9789664486177
9780349442259
9788395757426
9780241359907
9781292232003
9788382650341
9788383298573
9788324068265
9788328729025
9788366866898
9780063373747
9788320050158
9788382526202
9786171516441
9788383431239
9788368592245
9788327164605
9788383909288
9788382028584
9788328178854
9788310144454
9788382728590
9788383710051
9788328190139
9788383380384
9788373394407
9788381860130
9788328919969
9788383384122
9788383882758
9788381415354
9788382412000
9788373929500
9788301201074
9780753730294
9788383381862
9788328047013
9788381418522
9788328175259
9788382806847
9788365773296
9788383673653
9788382084030
9788365684127
9788383351315
9788381414821
9788379124664
9788383821559
9781405986694
9788384301111
9788323746928
9788381066822
9788382031416
9788311185180
9788367949026
9788324066575
9780718187569
9781805312079
9788328900226
9788368516302
9788373271784
9788381886017
9781398530126
9788379323456
9789669151766
9788324045242
4820245450271
9788328905085
9788383572659
9788384274866
9788368370096
9781509826803
9781509842902
9788383192352
9788381417730
9788383961507
9788382899009
9780141343068
9788383198767
9788383961552
9788382750812
9788419357373
9788367674430
9788384300718
9788384250914
9786171281400
9788382657586
9782253101673
9786175230220
9788383912622
9788381322737
9788365970350
9788328007932
9788384276556
9788381444842
9788328162969
9788310140975
9788328902336
9788375799804
9788368647464
9788301139452
9788365796783
9788384061930
9788368267181
9788301226718
9788382990959
9788383875170
9788301221744
9788326839184
9788366729889
9788328909519
9788301236762
9788380744325
9788383627502
9788324092659
9788396264152
9788383740430
9780241597361
9788366630611
9788327127884
9788380744752
9788382027600
9788368562538
9788328096981
9788383625478
9788367788977
9788381161343
9780241387481
9788328097414
9788383915685
9788382581317
9788382341782
9788368053944
9788382307825
9788379320417
9788320063653
9788382315066
9788328923997
9788383874272
9788368317831
9788320619225
9788383800479
9788368267242
9788383218250
9788384184561
9788381683227
9788310138415
9788327731739
9788328162440
9788328736955
9781784871666
9788311185593
9788328923300
9788328190542
9788383352367
9782070400638
9788368562705
9788371565120
9788380599161
9788383355757
9788301241186
9788384173978
9786171512146
9788368352788
9788302229268
9782743638696
9788328167667
9788328162396
9788311174566
9788382315837
9788366863880
9788380497948
9788380596023
9788381753753
9788368541083
9788368302806
9788382745306
9788301233624
9788378868279
9781835404324
9788367212427
9788382410532
9788383909790
9788383381503
9788383678955
9788328732506
9788328178274
9788384185193
9788368205176
9788366117037
9788379151097
9788301228927
9788367338332
9788384020036
9788367335898
9788328728615
9788324099221
9788327128119
9788379157716
9788301227890
9788383884349
9788381860536
9788383382753
9788395274374
9788301145132
9788382317824
9788379646661
9788382991093
9788380578821
9788328908093
9788380574014
9788381884105
9788381063296
9788382305616
9788368370515
9786177973002
9788383213286
9788383383392
9788328164925
9788311176898
9788382029482
9788360689981
9788326837609
9788324098361
9788382722185
9788384258651
9788368380293
9788384410592
9788379157037
9788383356167
9788366329942
9788328917804
9788382894288
9788328190030
9788383520209
9788368302530
9788382314106
9788324094721
9788380599864
9788383520773
9786177688203
9788328170261
9788383713687
9781784872847
9788367845144
9788383019222
9788381322300
9788370209742
9788382655353
9780375704345
9788383436043
9788382029819
9788368516197
9788383713601
9788301236397
9788383870212
9788381354981
9788311175570
9788383612461
9788324089543
9786177940158
9788370208004
9788384301609
9788324069040
9788327661272
9788383618302
9788328086333
9788396956880
9788381503839
9788368053340
9788327166166
9788366328723
9786171506312
9788366217140
9788325343774
9788328911314
9780241636015
9788382743654
9788381886338
9788382729344
9788325344344
9788327166159
9788382579000
9788327662620
9788383354378
9788375083828
9788368292077
9788381918886
9788368258851
9788383911595
9788381175401
9788383962474
9788365217448
9788328170155
9788368610093
9788383355054
9788382581652
9788383297835
9788379126279
9788324089338
9788311173835
9788383577661
9788366057531
9788328164734
9788368068696
9788383802701
9788381727549
9788396823977
9788327663283
9788384240151
9788380576421
9788382996937
9788383913971
9788383188492
9788368541663
9788367500258
9788383180410
9788382029390
9780008584603
9788328173347
9788320053715
9788382581287
9788383352862
9788328906754
9788328912458
9788328714748
9788328169067
9788378867272
9788383811390
9788301242312
9788328734968
9788373440395
9788383521862
9788324401529
9788325347949
9788366285477
9788381918862
9781784871680
9788328365766
9788367343961
9788368262575
9788324095780
9788382132915
9781474998918
9788301237110
9788382657531
9781445182551
9788383588438
9780552576321
9788381437486
9788383714509
9788387388478
9788381812993
9788381506779
9788382136111
9788384027226
9788382411324
9788383751269
9788383229263
9788383882178
9788377468975
9781526674029
9788383625805
9788324095681
9788328917170
9788366501096
9788382136722
9782729120191
9788370208080
9788383356761
9788396465887
9788382804096
9788367402576
9788384254332
9788366022287
9788367663489
9788383751757
9788382029383
9786175484753
9788381884488
9788382752465
9788378867210
9788301245627
9788301246419
9788328162105
9788368589412
9788328730243
9788320057461
9788382952100
9788383670294
9788328738942
9788368589351
9781471156267
9788383740201
9788363965457
9788366969025
9788383600369
9788383882109
9788383611853
9788328913172
9788375282085
9788328166165
9781803702728
9788367948166
9788381815260
9788328096172
9788408004349
9788382747546
9788328707757
9788382933185
9788383615363
9788368158793
9788368265668
9788382809350
9788301236427
9788383710525
9788368419696
9788382028812
9788382798449
9788383210452
9788326841378
9788380593831
9788381446167
9788383912455
9788383303178
9788382750263
9788301244170
9788382131420
9788320054095
9788382529562
9788328169029
9788328922129
9786175482407
9788328175181
9788366577343
9788379128433
9781474982153
9788311177642
9788383380902
9788375175158
9788328126909
9788384181010
9788383719023
9781250161543
9788383521398
9788367178259
9788383962528
9788328921467
9788327746627
9788328734494
9788379323715
9788383217383
9786177513222
9788363502003
9788384300190
9788368240566
9788382749571
9788383303246
9788383674087
9788363534394
9788328170223
9788383197302
9788328728165
9782253116707
9788375799811
9788367685832
9788383354835
9788383611754
9788301181536
9788379155088
9788383532158
9788367759908
9788383820293
9780141975658
9788384390849
9788301247812
9788383380261
9788377441602
9788384254066
9788327166654
9788328908635
9788327663757
9788367727983
9788367759540
9788367757911
9788311175334
9788367665360
9788328904828
9781787335417
9788382898712
9788368364859
9788375781427
9788368226744
9788328924765
9788370205775
9788382659771
9788301163488
9786175231166
9788384270530
9788383741925
9788383610818
9789664484821
9788328162952
9788383299488
9788383194820
9788360963142
9788380590229
9788383186139
9788378867661
9780008792343
9788384180105
9788382662375
9788328090941
9788366969346
9788383382517
9781035423651
9788383189857
8008324082339
9788324087761
9788328164475
9781804940877
9788383610894
9788382026054
9788381816038
9788375763850
9788381727228
9788367157155
9788383305165
9788368592221
9788320062533
9789669745965
9788328925557
9788367016797
9788382720877
9788381415620
9788382139488
9788383577463
9788395332500
9788328727113
9788301231903
9788324057160
9788380364226
9788382749267
9788382891096
9788368283860
9788383209791
9788384390337
9788368350197
9788311178274
9786175231142
9781909621503
9788366661707
9788382752878
9788308075777
9788328172111
9788383107974
9788366657946
9788383199405
9788301225445
9788328921856
9788327697530
9788383613864
9788383093468
9788368364781
9788382314007
9788384063088
9788383532493
9788383589886
9788375174793
9788383584065
9788382663921
9788311185685
9783764531812
9788383353449
9788301243142
9788368381870
9788368021677
9781784872861
9788327687340
9788327658395
9788366866324
9788381883696
9788328900097
9788308084069
9788383714547
9788328174986
9788366729957
9788382027334
9788328391048
9788381728140
9788377761618
9788382932454
9786175852934
9788382525496
9788383522852
9788370209278
9788383505602
9788327669988
9788325709617
9788382743241
9788381435864
9788324069408
9788377409152
9780007535682
9788327165183
9788383306568
9788383011196
9788383383743
9788382033755
9788383356372
9788383186443
9788396176431
9788384021903
9788367697040
9788384174128
9788370207052
9788382662849
9788384252178
9788820127367
9788383627144
9788383380223
9788383575551
9788368045628
9788378867722
9788383011257
9788368228434
9788301233617
9788382408614
9788383584317
9788383381794
9788382084139
9788383674490
9788328914551
9786175482247
9788383677873
9788328167834
9788301241452
9788382582208
9788381915083
9789669153241
9788382952926
9788328918689
9788361844358
9788396749413
9788367324458
9788375657647
9786178253301
9788368352863
9788383710778
9788382665246
9788381352635
9788383713618
9788381503099
9788381322652
9788375532685
9788383380360
9788324066452
9788368591071
9788326733550
9788301244095
9788382742374
9788366429000
9788381325974
9788382932386
9788381689113
9781784876654
9788368367683
9788383298498
9788311184787
9788328172234
9788328919280
9788328162020
9788383297217
9788383601663
9781445182568
9788382660296
9788301231460
9788381447669
9780007549382
9788368471465
9788382081466
9788383293646
9788370209247
9788383574202
9788377798553
9781474950626
9788381444309
9788382742176
9788366967205
9788383980195
9788366275362
9788328098893
9788382525816
9780008656546
9788383613772
9788383198835
9788382315875
9788365400116
9788382498172
9788375178258
9788368267983
9788374898409
9788381418997
9788320044218
9788383292403
9788328157071
9788326841651
9781806170661
9788328915671
9788380759954
9788380800397
9781398527607
9789667047917
9788327107039
9788381912907
9788328912007
9788328172005
9788383712369
9788383355306
9788366178786
9788384026922
9788396547545
9788370209285
9780349429793
9788382138016
9788383353982
9788368045062
9788325344337
9788382650709
9788328911949
9788397307971
9788384024195
9788368226416
9781529386622
9789666799831
9780008226770
9788382342536
9788383575599
9788383017198
9788308055984
9788382083613
9781909621916
9788379322565
9788301242503
9788381913164
9788383853796
9788368395587
9788382996340
9788395084362
9788301230579
9788381445955
9788377761762
9788383602431
9788382080346
9788328906723
9788382725056
9788383196800
9789664484845
9788383826813
9788383182407
9788376605791
9788361824558
9788366969117
9788382411232
9788308085400
9788375658392
9788381325066
9788383641218
9788367668019
9788383870274
9788383719085
4820245450028
9788327680785
9788382102000
9788310143747
9788367323352
9788370208455
9788380747722
9788381716802
9788383674124
9788384300794
9788381723664
9788395681691
9788396903822
9788367534086
9788382525601
9788368549942
9788301147808
9781509827749
9788368536140
9788383616599
9780241661680
9788368045659
9788364708916
9788381419604
9788384291276
9788381505222
9788416638802
9788382891881
9788360910580
9788382951615
9788370209322
9788320044638
9788383217796
9788383882697
9780008151454
9788383610979
9788382312171
9788301247980
9788368591422
9781444983951
9780241989098
9788395233708
5902983909484
9788328167698
9788380625402
9788382251180
9788383195803
9781405955041
9788383435589
9788327746757
9788368184013
9788382623659
9788382342529
9781035020157
9788382663051
9788382729023
9788324077083
9788367805735
9788397136151
9788366425019
9788383717968
9788383715285
9788382751932
9788311172340
9788381322751
9788325339845
9788383713656
9788328385283
9788384027219
9780140174212
9788367215350
9788377735046
9788377291368
9788367690850
9788383615752
9788368381337
9788301243791
9788383523743
9781911720973
9788301226275
9788367353342
9788384063866
9788383217987
9788380877078
9788383191577
9788368383843
9788394351854
9788363842727
9788362836666
9788328734531
9788328905924
9780134547251
9788383296302
9786177279210
9788328094703
9788383358291
9788328164956
9788384252932
9788382720792
9788367715997
9788383185040
9788368021912
9788381727259
9788368488050
9788383623504
9788073534516
9788377919606
9788380596795
9788383610481
9781509881963
9788382805222
9788310136053
9788382133653
9788301237288
9788383102986
9788328173231
9788301235062
9788384170540
9788383575544
9788367665063
9788327658463
9788383850436
9788308088272
9788327746177
9788382316278
9788383912141
9788368479782
9786171288485
9788383351285
9788382527377
9788382661767
9788383435718
9788301231040
9788365646477
9788324088768
9781529022667
9788382998047
9788383855493
9788383523026
9788382167115
9788328922167
9788380212121
9781647227906
9788328163065
9788382893939
9788382932959
9788384023273
9788397690400
9788380798236
9788383521343
9788367426329
9788327168276
9788368109375
9788311178465
9781035430390
9788368144604
9789669153548
9788382522297
9788368351002
9788327659880
9788383186115
9788368189452
9788367195713
9788311176669
9780448458762
9786177262618
9788311172401
9788383622576
9788362577927
9788367071765
9788383883090
9788382626100
4820245450318
9788380576766
9788382890877
9788327671325
9788368608168
9788327168535
9788381444262
9788365970442
9788327169877
9788328174344
9788383679419
9788382740233
9788383602950
9788397801813
9788328728608
9788384301678
9780007489442
9788381501514
9788367715164
9788367815086
9788384290705
9788383186146
9788382724981
9788367823098
9788326837326
9788381146005
9788384022405
9788327295231
9788311181632
9788364384943
9788381354424
9788328091450
9788383811802
9788381719094
9788383674179
9788367323321
9788307035222
9788382628166
9788368121964
9788308085813
9788384185094
9788381500753
9788382582123
9788311175211
9788328146747
9788383523620
9788383504872
9788381448314
9788382408232
9788383381169
9788382581843
9788382657111
9788383872414
9788328165281
9788324056934
9788382725209
9782882505132
9788382411782
9788361726081
9783939991182
9788328926752
9788327165749
9788366178113
9788368240085
9780007527601
9788327165145
9788310139023
9788383677866
9788311175235
9781526674012
9788382523638
9788368516142
9788381506373
9788366570450
9788383351612
9788301169565
9786171501645
9788366252363
9788383210476
9788370207779
9788328736054
9788382896817
9788381812573
9788396011411
9788383212685
9781529111842
9780349123585
9788367502801
9788383523200
9788382896343
9788383626147
9788311160545
9780008699703
9788380982208
9788384240366
9788382027198
9781786079695
9788308074138
9788382728521
9788383825151
9788383961804
9788383579658
9788381505901
9788328164758
9788320048711
9788365758095
9788383912981
9788383180007
9788383911649
9788382138825
9788383601007
9788310115836
9788379646487
9788367545853
9788383904313
9788380748354
9781804955918
9788383109060
9788375658347
9788301224998
9788383303086
9788383641249
9788383151151
9788382159004
9788382654189
9788370209209
9788379326488
9788367558327
9781617293771
9788396524836
9788383386676
9788328910652
9788383195926
9788308085622
9788308060681
9788324068562
9788383214795
9788383615820
9788381716697
9788368364583
9788383090887
9788382138368
9788381446594
9788383190884
9780141375618
9788382409284
9788308084656
9788367925587
9788308083819
9788383613826
9788311181472
9788365846068
9788384271636
9788382891812
9780007556212
9788301197919
9788383381343
9788397468474
9788368560565
9788383612423
9788375178012
9788383309316
9788328170681
9788328737860
9788368317503
9788328169050
9788383356563
9788382413274
9788374899635
9788383670171
9788328737006
9788382664911
9788383292113
9788377760628
9788382026566
9788328162129
9788382310542
9788368536225
9788366242487
9788326823169
9788383911366
9788327718945
9788382027501
9788368516562
9788382750997
9788328912038
9788383628899
9788324067749
9788367690515
9788328156906
9788327168399
9788308080863
9788327730473
9788382529623
9788383287034
9788379935093
9788367710909
9788383610184
9788383193731
9788308084915
9788368267280
9788382744699
9788381860352
9788381411790
9788382995503
9788382029888
9788383229225
9788367016162
9788324098804
9788383616193
9786171507104
9788328725188
9788383292106
9788382137453
9788328173279
9788328925151
9788327739551
9788378876724
9788327686312
9781909621862
9788301226558
9788379644599
9788328736276
9788328724105
9788383962696
9788375762105
9781292232607
9788373272361
9782070462742
9788382529258
9788383356792
9788368021479
9788366736887
9788382952612
9788382897494
9788381354028
9788379714223
9788365499110
9782266207676
9788328725959
9788367157803
9788373277908
9788384021446
9781399611206
9788382029956
9788320063059
9788380084100
9788383577531
9788326842290
9788310127013
9788367710770
9788323747987
9788328175570
9788380656727
9788311173514
9788368541946
9788383350233
9788384025123
9788379648672
9788301242695
9788382023985
9788408072805
9788380590632
9788301240721
9788384301371
9788326842993
9788368352221
9788383010014
9788368228274
9788383911540
9781529386479
9788383870700
9788308081952
9788383961651
9788381513104
9788367510905
9788379159512
9788328162747
9788383717418
9788368725377
9788381353380
9788381514521
9788375763966
9788383185675
9781408894675
9788379326150
9781035428946
9788384253632
9788324410668
9781846149238
9788366325586
9786171508989
9788368647273
9788383219059
9788328734456
9788326444760
9788328175327
9788381069762
9788383913124
9788368180046
9788383199719
9788364311260
9786171516687
9788382748710
9788382652888
9788328725157
9788384020074
9788383611143
9788375780697
9788381880251
9788380877825
9788367262859
9788328909472
9788384271629
978837014735805
9788382742268
9788384200001
9788384490426
9788381354752
9788328912786
9788382033823
9788308083949
9788380340367
9788381504225
9780241608371
9788383610757
9788382413458
9786170945204
9788326837289
9788382728088
9788383741857
9788384183106
9788362779895
9788301239770
9788382749526
9788382752199
9788383854496
9788383356600
9788383741086
9788320619751
9788381713740
9788368367768
9786171298835
9788382529715
9788324098033
9788379711390
9788328905399
9788366586253
9788382302585
9788328178861
9789664480359
9788383616452
9788324088829
8008324086955
9788375657074
9788383614090
9781447278832
9788367515399
9788327169051
9786177820573
9788382410716
9788368180657
9788382229929
9788373999008
9788301235901
9780241347119
9786177279845
9788383912479
9788375655643
9788381353533
9788382511420
9788367341738
9788320054804
9786175230404
9783423262453
9788379156139
9781509827787
9788327680969
9788383611402
9788383910017
9788383913940
9788382726626
9788328171046
9788308088081
9788328727434
9788383356945
9788327746856
9788367121774
9788328728912
9788381146173
9788364045738
9788383105062
9788328135338
9788324060139
9788381548342
9788328165120
9788383292069
9788325318987
9788383981147
9788328174610
9782253142386
9788367931908
9788328741027
9788382158199
9788328174313
9780241618134
9780789759894
9788327163394
9788381506106
9788381721578
9788383824987
9788381861618
9788383873091
9786176793809
9781780229041
9788382995510
9788382411485
9788380329454
9788381515931
9788368542387
9788380383708
9788383614007
9788384240816
9788383435954
9788301143084
9788379719365
9788366939011
9786177940301
9788375175707
9788325343453
9788367327442
9788324090068
9781445182599
9788308085394
9788361488552
9788327107640
9788301241377
9788383380490
9788308086049
9786178280345
9788383520674
9788383576633
9788377771846
9781472298546
9788384291740
9788383016412
9780063330788
9788384030332
9788383521909
9788328178557
9780134747675
9783669124270
9788383215785
9788381069472
9786178434120
9788301238421
9788382952810
9788382895285
9788381353519
9788383672441
9788325344047
9788327166784
9783866471870
9788368541816
9788379673155
9788383355085
9788380748651
9788365222022
9788395040412
9788383183695
9788384185599
9788384252970
9788383913308
9788368401028
9788383350578
9788377762172
9788382863819
9788328909731
9788367805421
9788373272781
9788383624419
9788382106985
9788383353630
9788383822280
9788373928961
9788382131628
9788301182908
9788375658552
9788375798272
9788382082692
9788378392439
9788381915045
9788382314434
9788383912226
9788381753586
9788383382234
9786177940813
9788301201845
9788364505843
9788363960100
9786178441876
9788328700741
9788382524789
9780007549436
9788381397339
9789664483701
9788382628128
9788384170496
9788326839993
9788383381138
9788301227616
9788368181333
9788328931220
9788381437189
9788383523712
9788383858685
9788324067695
9788325340612
9788383821146
9788324500796
9786171511422
9788367402323
9786178248307
9788368364149
9788326826139
9780571336081
9788381886345
9780008687625
9788381724852
9788368643008
9781445182179
9781784744069
9781529442397
9788382743036
9781974732333
9788383710549
9788382807875
9788384174074
9788381755535
9788368592054
9788383961989
9788368471625
9788383872070
9788381439381
9788367178167
9788379155378
9788301228897
9788373272859
9788384301319
9788382752885
9788383905174
9788328736672
9788383192710
9788328198913
9788383878508
9788367817943
9788393378232
9788382400922
9788382750461
9788379713912
9788382313901
9788328729452
9788380328754
9788382656022
9788383200026
9788380499430
9788327695901
9788368021783
9788367178877
9781473671133
9788367715171
9788382747539
9788367014359
9788382953374
9788378867968
9788373929524
9788384270646
9788324093328
9780134308920
9788383821269
9788367555838
9780241397237
9788381352840
9781472258298
9788383354606
9786177940394
9788384186008
9788301247072
9788311172777
9788383827544
9788383602936
9788384275108
9788328062283
9788383902302
9788382311921
9786178012731
9788368364972
9788374805780
9788368205688
9788381955294
9788383504858
9788382075106
9788383713595
9788366462052
9788383751221
9788382150766
9788395234996
9788375176476
9788381505857
9788383381190
9780099593683
9788383096704
9788381884020
9788367075848
9788381813228
9788381919654
9788381889964
9786175480083
9788380382992
9788382665260
9780241563366
9788328127838
9788397062962
9788396484956
9788367121705
9788383876474
9788384272015
9780321437297
9788366814455
9788383014364
9788367931885
9788328730892
9788383905228
9788381813877
9788383716626
9788324089499
9788323753605
9788301213770
9788382410167
9782343191898
9788383355511
9788367948319
9788383800318
9788326830426
9788383850689
9788328931077
9781474601252
9788382154078
9788382745276
9788382139594
9788383210377
9780241464397
9788310138644
9788383712222
9788301221928
9788383902210
9788366285354
9788367164122
9788328169302
9788373272415
9781408802908
9788382721386
9781509812790
9788382721874
9780241550687
9788383521251
9788370208646
9788327746290
9788382026900
9788384027424
9788325344115
9788383388823
0000000045964
9788328169807
9781787467996
9788324412181
9781509825455
9788327164001
9788382745023
9788324067008
9788367071307
9788382310665
9788383911687
9788378875635
9789463990349
9788380597938
9788384291474
9788382408461
9788397239302
9788382750232
9788383586724
9788384181027
9788383105918
9788368381115
9788383876368
9788377762363
9788366178564
9788367974202
9788379325399
9788301245450
9781784876692
9788328155862
9788366462915
9788383961002
9788366866218
9788325343736
9788324063192
9788383192727
9788383740294
9788375762358
9788383740317
9788327747549
9786178253066
9788382933314
9788367551762
9788368053425
9788368084573
9788328736504
9788381029339
9788328165397
9788361552789
9788383913285
9788383180144
9788327660046
9788384173626
9788328172135
9788377408384
9786175484227
9788383802077
9788383742267
9781409551119
9788382807820
9788382581607
9788366753365
9788328094802
9788378899624
9788368367720
9788383902999
9788382307214
9788383352992
9788382084474
9788384172711
9788384170526
9788383853390
9788384440070
9788381726672
9788384380871
9788408191247
9788366912403
9788382998337
9788328726963
9788382411041
9788328927025
9780141394589
9788383579689
9788328165182
9782070762293
9782072888779
9788374898713
9788327672605
9788383381299
9788367341929
9788392491743
9781786090775
9788383802930
9788383521435
9788328916746
9788301241469
9788383740669
9788383521404
9788382744910
9788326844416
9788382726213
9782070584642
9788328739024
9788328096967
9788381916684
9788383532424
9788383523637
9781474968027
9788368121018
9780099557593
9788367715232
9788375151978
9788368180831
9782278080946
9786175484180
9780194236720
9788375178180
9788308086797
9786175230626
9788381727815
9788308086483
9788368367836
9788380384422
9788382740356
9788301241568
9788326845888
9788383907390
9788301193515
9788383676982
9788328920064
9788379646753
9788381418942
9788365743534
9788324056668
9788328904880
9788383435770
9788368258967
9788382605082
9788383876795
9788384391242
9788368364248
9788383523729
9788367551502
9781399703413
9782070584925
9788367996211
9788301239817
9788382312348
9788324092994
9786177329397
9788328725089
9788382139693
9786175484210
9780205571901
9781405297042
9788301223298
9788383195773
9788327169600
9788368267624
9788384271728
9788383740614
9788383908489
9786171507241
9788382661927
9786171298545
9788325339975
9788328166790
9788381718011
9788324099207
9788380746268
9781974754977
9788383910321
9788383523804
9780241375464
9788329100366
9788328165144
9788366117662
9788362175604
9788383960593
9782016260142
9788377678343
9788382664065
9788408269755
9788382663549
9788301243500
9780140368017
9788368536751
9781846882388
9788311186163
9788368742244
9788382405842
9788383350318
9788382727197
9788379158676
9788368109481
9788328738102
9788383016160
9788328164185
9788328169012
9788383295299
9788325341558
9788382033342
9788383912363
9781529079692
9788383589404
9788311173507
9788383194769
9788379831302
9788311180000
9780751565355
9788383356754
9788378453680
9788397062986
9781032002613
9788383600109
9788382891898
9788301241056
9788381068727
9788383716633
9788368109122
9788383290959
9788324175871
9788383614502
9788383876689
9788301208455
9788383740423
9788382307627
9788383980454
9780241364406
9788382413595
9788368371475
9788380327757
9788383523415
9788311169173
9788383751955
9788311174962
9788384412053
9788301243975
9788384171837
9788301148096
9788383209722
9781409593928
9788368560213
9788382139181
9788378867708
9783442380220
9788383294629
9788368217568
9788383192208
9788324088157
9788310141323
9788375658040
9788383532257
9788324089406
9788383913469
9788382407143
9782070344321
9788383531823
9788370208714
9788382528169
9788301177836
9788383219158
9788382134339
9788382408201
9780141983042
9788382400915
9788383298412
9780230100251
9788377405987
9788381354479
9781292218137
9788367793506
9788383383590
9788383876535
9788310140319
9788301248284
9788384381113
9781841659398
9788328928084
9788301208035
9788383878638
9788382582352
9788301199876
9786171517387
9788383715414
9788327681096
9788382317671
9788382317725
9788853635105
9788368189551
9788376607733
9788311186545
9788380576094
9788301243807
9788329101080
9788310138132
9788328174405
9788383521886
9786177989188
9788328157712
9788382409185
9788324067046
9788328174894
9788384024140
9788382659764
9788328196391
9788375174779
9788328164222
9789664481677
9788328145917
9788383873251
9788380625617
9788382751000
9788382136364
9788328167261
9788382413427
9788396264114
9788368180510
9788324094776
9788383448688
9788383825113
9788384270233
9788328731073
9788328929531
9788381035002
9788380598690
9788308042625
9788382491760
9788375174465
9781784976453
9788383384450
9788311167278
9788383502946
9788383185163
9788301199029
9788381399937
9788383610733
9788383878720
9788383293264
9788383601670
9788383616711
9788324066704
9788368059052
9788366969476
9788383309460
9788383301914
9788383713670
9788382725889
9788384173657
9788384180525
9788383980607
9788381723930
9780008239848
9788328914452
9788368181272
9788367335645
9788432248368
9788311173866
9788325348236
9788375178975
9788363537456
9788301221997
9780131877283
9788328731486
9788327670540
9788381397667
9788382899252
9788368087284
9788311175808
9788327127105
9788381546928
9788383223803
9788367710534
9788328394711
9788381884747
9788381439916
9788379122202
9788367515313
9788311179370
9788383641096
9788383881010
9788370208028
9781408725771
9781529386349
9788301230326
9788383879734
9781292336763
9788384258767
9788381353731
9781804941294
9788368692686
9788328053298
9788328922082
9788381069755
9788382490084
9788368158144
9788328164642
9788383909523
9781444976090
9788381506342
9788367323215
9788383293721
9788382525960
9788383877464
9788368189513
9788383102351
9788328900899
9780241548486
9788383827513
9788382526943
9788381719001
9780241969809
9788394678623
9788381886093
9788383532141
9788327739964
9788324095940
9788382134476
9788301221768
9788394789794
9788324089901
9788367291477
9788381882583
9788368560046
9788382153910
9788383614243
9780786448142
9788382032970
9788380577022
9788380497290
9788380383913
9788382413212
9788328171619
9788327658944
9788383742694
9788379150410
9788328165588
9788466373005
9782072949937
9788383186238
9788328910843
9788308088043
9788395451508
9788384174715
9788367793957
9788383907314
9788362903832
9788383353029
9788381693530
9788395682407
9788382990621
9788381885676
9788328085053
9788383203614
9788383292472
9788324022151
9788382403015
9788324095414
9788382953831
9788311178076
9780008196608
9788324061693
9788325332266
9788381757096
9788383304441
9788381109161
9788328909533
9788381144247
9788367691185
9780134854106
9788368044850
9788381884204
9786178076160
9788382726008
9788382079715
9788382511598
9788366577565
9788381754033
9788381889728
9788363841430
9788368045994
9788382226751
9788383213491
9788328178878
9786175230176
9788368267228
9788310141576
9788383910956
9786177940882
9788367262774
9788383382814
9788368045895
9788368380057
9788383352527
9780349428611
9788396124920
9788367996815
9788368121162
9788324093007
9781292243771
9788382721744
9788367793896
9788383902968
9788380324404
9788377799727
9788328922303
9788383013398
9788383533360
9788311173811
9788382651850
9788375173253
9788381354318
9788383193281
9788301223663
9788383583655
9788382723038
9788383576695
9788383355153
9788328725362
9788328175242
9788383521039
9788301248109
9788328931879
9788328173187
9788383912066
9788368383652
9788383852171
9788379934508
9788383912325
9783423220996
9788382081992
9788384022399
9788381955706
9788381325967
9788382028775
9788384350119
9788328723177
9788327680457
9781471410826
9788382745344
9788383624785
9788379325252
9788324094547
9788383434148
9788301242862
9788368471588
9788383671000
9788311177185
9788328909335
9788311168183
9788380594579
9788367212106
9788367759663
9788324098507
9788384171257
9788368227000
9780241464373
9788366371019
9788382895209
9788381064699
9788383504636
9788375178821
9788383602073
9788367925747
9788382655698
9789664481288
9788367813532
9788383189727
9788383504032
9781780895246
9788380089556
9788328735606
9789667047344
9788375658415
9788383902326
9788377762080
9788362514779
9788381753876
9788381503501
9788324088652
9788381501187
9788368370935
9788384183144
9788375081398
9788366057647
9788383210490
9788327680693
9788327166340
9788382314045
9780241325179
9788365499127
9788379647743
9788382342352
9788383355009
9788383520766
9782070399086
9788382573688
9786171507869
9788383719177
9788367793490
9788382997743
9788382655940
9786178115838
9788379328062
9788383213408
9788311170087
9788366657861
9788365400390
9788384253816
9788381353885
9788383225302
9788310138057
9788381712354
9788381354851
9788382625929
9788382991772
9788382723540
9781974755592
9788383962191
9788383990033
9788383573649
9788328161634
9788320061093
9788381728034
9788376867724
9788380879638
9788367338899
9788378868088
9788328135260
9782882501608
9780141185125
9788383587202
9788383678085
9788384276549
9788846828958
9788384027295
9788366650589
9788311183193
9788396694072
9788328901902
9788328739697
9788383910147
9788328926509
9788383820262
9788382896787
9788381410502
9788396058843
9788394554019
9788383215204
9788301243685
9788389859549
9788328146235
9788324410521
9783365006269
9788367891165
9788383710945
9781399627153
9788366335424
9788498389081
9788383913049
9788301229498
9788076880047
9788308089132
9781474992336
9788383350820
9788381102247
9788328917118
9781612681139
9788383223346
9788364600074
9788384273463
9788328735408
9788367338653
9781784871697
9788327731593
9788380598423
9788379982516
9788382083514
9788308075333
9788328178403
9788373394377
9788384063118
9788382108477
9788383570310
9788325581565
9788381395489
9788326842429
9788367426619
9781786530172
9781471140525
9788328729087
9788383194738
9788382342079
9788383811413
9788328906389
9788384440148
9788383107370
9788383610986
9788383589893
9788328737686
9788377311066
9788328162471
9788382082531
9786177688302
9788382722413
9788383219011
9788382409628
9788366729445
9788365190307
9788327127044
9788379325405
9788396649201
9788327164254
9788382953428
9788368370539
9788381861373
9788324069637
9783518457733
9788368087222
9788381446600
9788326987519
9788381503075
9788373412675
9788381810272
9788381069878
9788368059281
9788384160497
9788381722940
9788368740097
9788367793155
9788381029025
9788381814645
9788368317954
9788384251607
9788328924147
9788368180060
9788384301357
9788383880150
9781784872830
9781399611459
9788383910598
9788377762196
9788328088917
9788384172728
9788377295069
9788367406352
9788383217727
9788328177338
9788328902039
9781784756758
9788380744646
9788382952568
9788381414043
9788368610437
9788384381557
9788382408195
9788381069021
9788383018393
9788326838743
9781910695593
9788383227283
9780552175791
9788327672506
9781781852187
9788384173589
9788367891004
9788383858005
9788384020135
9788381352857
9788381886444
9788382251791
9788396314987
9781406313758
9788363156862
9786178452087
9788368044942
9788384062944
9788368692662
9788383297668
9788383611099
9788383911038
9788367335430
9788368338287
9788382725001
9788395303791
9788324098927
9788382403848
9788367996488
9788383199702
9788383016238
9788383508597
9788381881043
9788382651980
9788382317626
9788326830495
9788366704817
9788380596030
9788368576351
9782253161257
9781974727100
9788382131048
9788367137997
9788383617053
9788311183902
9781473619852
9788396956828
9788381716611
9788380593169
9788383678368
9788328169227
9788366753662
9788383011530
9788382932003
9788383601991
9788381419482
9788380971394
9781787303775
9781526672056
9788328927803
9788324030538
9780099280248
9788384061176
9788367461771
9788383710334
9788328165298
9788381811033
9788383903682
9788311177291
9788368135367
9789664480373
9788368242157
9788323348962
9788376867557
9788301228101
9788367925518
9788367515481
9788381884181
9788301234249
9781785035739
9788301246174
9788320043037
9788381816304
9788308086278
9788328164802
9788383612607
9788325336202
9788379124060
9788301239466
9788377295793
9788379125043
9788383500614
9788383191133
9788360562987
9781473624382
9788383710037
9788382623727
9788383229119
9788368226027
9788375652352
9788383198262
9788381415392
9788383357126
978837014614603
9788383195483
9788328096202
9788328048690
9788383828886
9788377733585
9788381446556
9788301223847
9788383674032
9788328925663
9780857524010
9788381069731
9788076882775
9788383912899
9788384026823
9788363975579
9788381886314
9788383624808
9788368610284
9788301223342
9788383617916
9788377762349
9781911751212
9788381886475
9788383881256
9788368132236
9788380579699
9788382138955
9788324045167
9788382525403
9788328925540
9781292148434
9788384257487
9788381757560
9788308076828
9788367757270
9788301225261
9788383851907
9788382031515
9788381915021
9780134441900
9780241967751
9781788956017
9788328932029
9788382725605
9788382028157
9788366178854
9788382750546
9780349441276
9788383610887
9788376701561
9788328158078
9788327167194
9788367054867
9788383915708
9788383505619
9782253060901
9788365928245
9786177329731
9788367327558
9788328175013
9788366229037
9788368364804
9786171293069
9788384030806
9788368227444
9788368370874
9788397224346
9788384301326
9788384021569
9788328098046
9788384258903
9788382747188
9788368586435
9788380797536
9788383610597
9788327686725
9788328153806
9788382031522
9788383356297
9788383220451
9788328087675
9788377858073
9788327161987
9788383961200
9788327167781
9788383216126
9788366229747
9788383306070
9788381883511
9788382995381
9788375179286
9788368625219
9788328145313
9788383852461
9788383531311
9788384256541
9788365676030
9788326839191
9788311176188
9788328931473
9788383215457
9788368560428
9788328162549
9788383802619
9788382527254
9788375178265
9788383307725
9788384410646
9788381916615
9788367426862
9788383100005
9788381884327
9781836043492
9788320064704
9788324095056
9788324410736
9788323770398
9788301181161
9788328162976
9788327663184
9788368542035
9788381727310
9788383713717
9788383752907
9788382237610
9788384290729
9786171293120
9788381395861
9788324184064
9788367157100
9788383903361
9788383107936
9788301146665
9788382525557
9788301233266
9788383907901
9788382663518
9788366625822
9788383213330
9788301219369
9788308085905
9788324089574
9788382499087
9788311170285
9788393824434
9788324099245
9788383750880
9788382750324
9788328153721
9788381502405
9788383294940
9788377409572
9788382808858
9788328928923
9788310138781
9788368370553
9786175481912
9788388944918
9788383900599
9788381729840
9788382313208
9781784165260
9788328733084
9788383380049
9788375657128
9788383825021
9788379714407
9788328076914
9788397267411
9788368317916
9780241573631
9788372505767
9788310118301
9788384410318
9788384020746
9788366178045
9788367219181
9788396079374
9788853631442
9788308083192
9788328156760
9788366501126
9788381503884
9788383742557
9788301225971
9788383214375
9788383871981
9788382625028
9788382092417
9788396888822
9788328909205
9786171514171
9780435232825
9788326837876
9788381692533
9788368226614
9788327670830
9788383640129
9788381501606
9781529386462
9788393976904
9788380594654
9788383196466
9788383854472
9788301197506
9788328732711
9788383673868
9788383572376
9788382522761
9788311173484
9781405948425
9788328909663
9788383524245
9788301225278
9788382656893
9780241314210
9788383881805
9788383602035
9786178253875
9788383856391
9788324065332
9788381885058
9788301245764
9788382581553
9788371345166
9788367157896
9788328169418
9788382995398
9788367513463
9788311179820
9788383804651
9780099552376
9788311179745
9781909621879
9788381417471
9788383355276
9788382656916
9788366142329
9788382729276
9788368516043
9788310143587
9788301229238
9788375172782
9788324067329
9788381884990
9788368516203
9788366520479
9788382991932
9788382655360
9788368295412
9788380089273
9782075166164
9780099570240
9788367793599
9788365283924
9788328142183
9788383677798
9788311173361
9788325343705
9788368109894
9788310138804
9788383961217
9788368541496
9788396918031
9780552159715
9789664484791
9788383017228
9781292112725
9788383381428
9788383308104
9788375659160
9788383801988
9788327106667
9788384270066
9788384172650
9788329120364
9788327477668
9788301239336
9788382023381
9788324092741
9788384490303
9788383579740
9788397136113
9788396673336
9788328918375
9788327166098
9788328158559
9786175230152
9788396595812
9788364565946
9781405940719
9788381915274
9788382082685
9788383290768
9788383900261
9788368381092
9788377071809
9788383219165
9788382306248
9788383199092
9788383354194
9788384171752
9788378878933
9788301181062
9788368383300
9788383381510
9788395015823
9788325341213
9788374372329
9788382132502
9788326836527
9788380801745
9788308083970
9788375797947
9788377760543
9788383383637
9788377408094
9788381503716
9788383018188
9788383198859
9788301207120
9788378868590
9788384022443
9788327127549
9780241596135
9788383194721
9788380384071
9782732498461
9788384350324
9788382660401
9788366005273
9788328170537
9788384027158
9788383014098
9788310137678
9788325335151
9780007548286
9788311185562
9788384024263
9788383299532
9788382656978
9788366729643
9788384410660
9788328062719
9788382134438
9788382023473
9788324064434
9788383522722
9788327167286
9788324062881
9788384290644
9788383616780
9788383621005
9788383875576
9788383877945
9788383015422
9788383354644
9788383821030
9788383182063
9781405931564
9788327687081
9786177820917
9788382305654
9788383570303
9788382932102
9788368053272
9788368045833
9781529100884
9780007574667
9788396626004
9788383353944
9788328175655
9781668038154
9788375173734
9788301232641
9788326842030
9788383884110
9788301146788
9788381591904
9788328902985
9788328373297
9788328927278
9788368242751
9788383801018
9788383532837
9788366736290
9788368044867
9788328173248
9786177688418
9788382891911
9788383352435
9788368180572
9788327168559
9788382071313
9788383202389
9788382413618
9786178318208
9788328167995
9788328166547
9788311180352
9788365717153
9788384180518
9788380578470
9788368560695
9788384410400
9788368382204
9788328729155
9788320062489
9786175851128
9780500651179
9788368592580
9788382581775
9781847495136
9788383383415
9788365773951
9780241355855
9788368205015
9788368331554
9788367949835
9788383801834
9788328711594
9788377761588
9788379643127
9788383197333
9788381811767
9788328738812
9788383900001
9788379326105
9788381433501
9788383196527
9788368639148
9788383871967
9788365979100
9788366178670
9788377314074
9788328904941
9788382411287
9788328923775
9788368226041
9788362610419
9788301242985
9788301227593
9781399728621
9786175232026
9780552990370
9788383219073
9788383181981
9788324079353
9788368742060
9788384259931
9788382494594
9788384390443
9788328168473
9788365796097
9788379327362
9788382622393
9788379716333
9780575090941
9788311174191
9782072946592
9788328161955
9788383297064
9782072763137
9788301188078
9788324007936
9788384290637
9788382653779
9786171513501
9788327746313
9788368560879
9788382528756
9788383909165
9788367022354
9780008819422
9788383185088
9788382032468
9788381447690
9788368542233
9788368263602
9788383521367
9788382740295
9788384183120
9788370209551
9788382033090
9788368350135
9788383181790
9788308088869
9788383850597
9788379125593
9788379127368
9788397765245
9788327687579
9788384253007
9788363156978
9788383719931
9788384027301
9788301213039
9788326840630
9788384250495
9780552579179
9780136523260
9788383521312
9788367176347
9788362903696
9788310136794
9788383882192
9788381501088
9788377058541
9788328161030
9788380363069
9788367178068
9788382413267
9788328728622
9788382524161
9780778807148
9788301229313
9788383879307
9788367555227
9788365902207
9788383016313
9788328920910
9788368214000
9788321349336
9780241252086
9788383200309
9788384256381
9788327687289
9788325337513
9788366416376
9788381354790
9788320050790
9788382724158
9788381719544
9788383433165
9788382752212
9788381917582
9788373271883
9788383912257
9788397005563
9788383104058
9788383625799
9788381350808
9788381432696
9780241598283
9788368350180
9788383750750
9788382752243
9788383962825
9788383294933
9786177820771
9788382495690
9788383678221
9788311177123
9788327687364
9788383158303
9788383676487
9788368267761
9788324404476
9780241310878
9788311165083
9788382628470
9788328159365
9788326838095
9788382653120
9788308085158
9781509825400
9788382074888
9788367178433
9788384025079
9788384360033
9781804955871
9788384171288
9781786495259
9788383155777
9788383804118
9788321349879
9788366195820
9788395889752
9788328904910
9788377293911
9788383719986
9780552176491
9788368258479
9788368263152
9788378554882
9788367308083
9788328149144
9788383752914
9786171513785
9788328929944
9788380748538
9788311179196
9788367784214
9788389745538
9788328083011
9788383625539
9788301237158
9788383013145
9788381062152
9788324041732
9788383750057
9788396995025
9788382167818
9788368045345
9788373928909
9788378748182
9788328902176
9788308074572
9788383520896
9788363841614
9788379157389
9788381813235
9788383900292
9788382807622
9788367757164
9788382622270
9788381883030
9788395948190
9788328908345
9788324095162
9788382581393
9788367288118
9788311183254
9788381683371
9788328902282
9788328912175
9788384026779
9788384160886
9788327658937
9788380327344
9788378451112
9788328095878
9788383184234
9788381721455
9788325338626
9788327719133
9780691169682
9788367663502
9786175233214
9788328736344
9788383380346
9788311181960
9788382135480
9788328170452
9788383960241
9788383353951
9788381324304
9788382404036
9788379715367
9788328737075
9788383879260
9786175230589
9788328929128
9788383303857
9788367137966
9788383014432
9788383382081
9788328171589
9788376866758
9788384030547
9788382602418
9788328921214
9788368383539
9788382990560
9788383294971
9788384174036
9788365773234
9788383678405
9788328737020
9780241329498
9781805265238
9788324089345
9788384026892
9788327163837
9788382031744
9788381912914
9788383353333
9788367790628
9783401607047
9781784874575
9788301222703
9788383302607
9788308088258
9788366555921
9788328165939
9788328331365
9786175230794
9788382029932
9788367216463
9781419731501
9788383521176
9786171508866
9788328052598
9788328116108
9788328907300
9788382408034
9788364039881
9788396340283
9788368044713
9788377408377
9788366729629
9788383901053
9788383820958
9788397002784
9788328094642
9788311174382
9788383356952
9788301177775
9788325347260
9788383578415
9781857155112
9788368479102
9788381725392
9788310142702
9788381549134
9788368350241
9788366325159
9788383381060
9788383621524
9788380384873
9788383215273
9788383612218
9788382581249
9788384060346
9788384176405
9788383384023
9788375087123
9788367212793
9788397883604
9788382750331
9788383523590
9788367790895
9788368370850
9788383300948
9788397152458
9788310140043
9788368625011
9788382624861
9788367925242
9788373394247
9788383909820
9788384174111
9788301185138
9788367742764
9788328169135
9788367948159
9788365717993
9780393346619
9788308086636
9788367164702
9788383013756
9788328157484
9788328089044
9789664483091
9786171513822
9788366285286
9788382083156
9788368242041
9788380578777
9788311172364
9781472206244
9788383196190
9788327168825
9788382251807
9781509827770
9788301214296
9786175230046
9788382899634
9788324067039
9788301239404
9788383617947
9788367323338
9788301248994
9788382159035
9788383292793
9788324098231
9788381912013
9788382307788
9780241752395
9788328165786
9788301240912
9788375173413
9788383820934
9788373929845
9788383420493
9788383801063
9788382404982
9788381448659
9788367690201
9781847948151
9788326826146
9788383570167
9788308089064
9788368383638
9788364505829
9788383876924
9788368471427
9788301228217
9788384275153
9782070301959
9788381418423
9788382524352
9788382807677
9788308084678
9788383678344
9788382411164
9788326829499
9788365168184
9788301230296
9788381354776
9788380578906
9788324089109
9788383283630
9781399710268
9780241727430
9788380329799
9788382997217
9788368351163
9788328083196
9788382996050
9788383302423
9788382620436
5906302606085
9788383297682
9788375178951
9788382744965
9788383381978
9788382729573
9788384027257
9788382139396
9788367353182
9788328399228
5905806452044
9788324098385
9788383521510
9788382809688
9788380574663
9788366243347
9788368262285
9788308084786
9788328090521
9788383579412
9788383913070
9788381889780
9788311175051
9788382728613
9781472252531
9788383600451
9788382932836
9788383229195
9788383611631
9788382029758
9788383521091
9788397687042
9788383962641
9786175482605
9788366285460
9780451419484
9788373276246
9788379715954
9788328132795
9788367545822
9781804271919
9788382951950
9788324093601
9788327127563
9788375163766
9788377401651
9788380327924
9788379158515
9788384023440
9788382664393
9788383202358
9788383212067
9788380389007
9788382027075
9788379325375
9781846574191
9780137381258
9788370208653
9788383715087
9788383674339
9780241583104
9788328908604
9781685797638
9788301241711
9781408886359
9788384027202
9788381353588
9788383576596
9788397591301
9788395661334
9788375748758
9788328732742
9788383433134
9788383018621
9788384026557
9788383678238
9788383881669
9788327713322
9788328929142
9788301235543
9788383381930
9788382728262
9788328076242
9780008456757
9788375173451
9788382310191
9788308085127
9788301177843
9788384181607
9788383712154
9788379646135
9788367834155
9788381435925
9781292088006
9781405975247
9788301212797
9788366747401
9788366482326
9788383716787
9788366912397
9786171512627
9781405950015
9788383572413
9788328167988
9788381783040
9780241630785
9788368144970
9788328175297
9788383906263
9788383380629
9788328067134
9788382107708
9788368473209
9788327166135
9788381105132
9788381917766
9788328153189
9788328724365
9788381758222
9788383602790
9788381187732
9780241452929
9788382724974
9788328167704
9788383870748
9788383619514
9780241558928
9786178253547
9782253175711
9788372724007
9788373276093
9780140437553
9788384022344
9788383108230
9780142411384
9788381754309
9788382651515
9788382032246
9788368643039
9781784871444
9788367931717
9788308081112
9788368180442
9788383877297
9788381889827
9788383909554
9788328167469
9788383640716
9788383572451
9788382310696
9788328920866
9788328912908
9788324089970
9788382070989
9788383911359
9788381353601
9788375161816
9788384064153
9788380577145
9788308084977
9788328731394
9788327662767
9788328173361
9788311172999
9788382653113
9788382315004
9781999355302
9788383913377
9788374899970
9781804297216
9788396353139
9788383011486
9788307035048
9788368191981
9788382743791
9788382034158
9788367793926
9783126064309
9781784876630
9788382620481
9788328930162
9788368331585
9788367402408
9788328162457
9788368121001
9788320064650
9782253180043
9788383962467
9788368053128
9788383505275
9781472294159
9788384290231
9788381913850
9786175481851
9788320066562
9788326844553
9788382527926
9788383189062
9788382527902
9788383911724
9788301241339
9788328904804
9788328736467
9788378878834
9788382158472
9788383015262
9788383208404
9788327162298
9788308085608
9788379649716
9788366969490
9788394376390
9788368542363
9788383602028
9781526612748
9788320045635
9788384020111
9788377294475
9788383574875
9788366661554
9780063373679
9788383913742
9788380385900
9788368158496
9788853643803
9788375175356
9788301218393
9788383580487
9789669483751
9788373928084
9788368180732
9788383750439
9788381724517
9788382993912
9781784877460
9788368610499
9788328093201
9788383821511
9788301209421
9788328164581
9788383678313
9788383961057
9788325549473
9788320059342
9788378450054
9788383719382
9788376860510
9788363803155
9788328729674
9788382492910
9788324095148
9788383712291
9781529954326
9788366736351
9788310139542
9782036015258
9788380597075
9788383293318
9788379761159
9788367323994
9788382135008
9788383522548
9788383960753
9788381882880
9788366997844
9788366325715
9788383182032
9788367790659
9781849396943
9788364311307
9788382316476
9788301214333
9788310137982
9788380625044
9788328070851
9788328175679
9788328178045
9788301232559
9788368647174
9788377799765
9788380593268
9788383383460
9789661545860
9788368753042
9788382307887
9788368549270
9781399622097
9788381504263
9781529049800
9788384412169
9788383713311
9788381911429
9788328738898
9788370207762
9788367889360
9788381915342
9788301233730
9788328105706
9788328922648
9788368383492
9788366866645
9788328910331
9788383910475
9788383671130
9788382316926
9788383102344
9788326841491
9788328153660
9788382603446
9788383295657
9788381418881
9788368121308
9788383102481
9788378875963
9788375656725
9788328348066
9788324071494
9788379325078
9788364488825
9788327165831
9788368560527
9786175481165
9788328168497
9788383215327
9788383185699
9788420688206
9788377770214
9781841154671
9788382131734
9788367069366
9780199936762
9788328170476
9781035424863
9788308083864
9788382082401
9781785942006
9788367237376
9788368591415
9788383384153
9788382312287
9788328135987
9788320065718
9788483235133
9788384021675
9788328162464
9788328096189
9788383302539
9788326841941
9788383903330
9788381881630
9788328919525
9781419753848
9786177688500
9788382998085
9788311183780
9788383013725
9788324067411
9788381013567
9780241969847
9788301223427
9786171513020
9788328724006
9788368610017
9788383907406
9788366749542
9788367215763
9788327168047
9788382135176
9788367815437
9788328170711
9788382746730
9788381502191
9788383678283
9788375272291
9781035044528
9788384030424
9788366762121
9788368021974
9782818984093
9788382499148
9788383357942
9788383876436
9788382995091
9788383354248
9788383430430
9788382527797
9788383383385
9788328738270
9788366173057
9788363035969
9788326836701
9786171514157
9788382743340
9788381725156
9788301186302
9788380745131
9781471154621
9788382527018
9788367674591
9788373272897
9788383858128
9781786489265
9788366328990
9788383610474
9780356522975
9788301238605
9786175851425
9788383207292
9788328166776
9788378865766
9788328913240
9788380596078
9788367215879
9788383901237
9788383589510
9781529105100
9788379990368
9788376607429
9780575099456
9788368189179
9788383152004
9788365650900
9788384300237
9786175483305
9788373271869
9788366022157
9788383522487
9788382411096
9788367817554
9780452297999
9788383382463
9788382951080
9788381504836
9788308086537
9788382623345
9788381354103
9788311164222
9788383904146
9788379324293
9788367757010
9788301243951
9788368610345
9788324090013
9788382138894
9788365087744
9788368258899
9788383612065
9788379126606
9788324048717
9788368576276
9788367996358
9788383380230
9788308084472
9789664484562
9788367604796
9788383611396
9788327106698
9786171512252
9788368468649
9788389933812
9788383712314
9788383382708
9782266324823
9788382795844
9788366966390
9782070378180
9788381689564
9788377000045
9788383826905
9788380434851
9788367817219
9788301184322
9786177940783
9788327731463
9788383384016
9780321712332
9788384252994
9788328168091
9788383108964
9786171516373
9788368180121
9788368263565
9788328909250
9788367513692
9788383522456
9788384172612
9781464244667
9788384025109
9788381919098
9788367334600
9788383881843
9781800961128
9788375653649
9788384172513
9788382093254
9788326843983
9788383383545
9788395409660
9788320040289
9783625181392
9788325337537
9788379328093
9788301235888
9788383612676
9788329100021
9788384064535
9788383641171
9788367093347
9788328355880
9788365773531
9788368068641
9788383740515
9788367084406
9788383570235
9781398505247
9788381719469
9788367790093
9788383506241
9788383858012
9788383572369
9788373927933
9788375175783
9788383679556
9786178253110
9788382405811
9789664483862
9788324068906
9788383858692
9788328178564
9788382749779
9780141500591
9788367324724
9788381718998
9788328738003
9788383522531
9788368740059
9788382658620
9788311181380
9788381721592
9788328171763
9788368135251
9788382662429
9788370208639
9788328923355
9788383384313
9788327163141
9788382663891
9788328908505
9788382600445
9788324097869
9788382652963
9788323538462
9788380342668
9788310143945
9788328190009
9788383884790
9788367341257
9788368053722
9788382573664
9788368576436
9788382083361
9788381913966
9788311185975
9788382720846
9788381354509
9788382316469
9788381723497
9788381692526
9788375782004
9788383434483
9788382340143
9788308086926
9788383855516
5900336013383
9788383306575
9788384174227
9788383215334
9788380574557
9788383622613
9780241508541
9788382033243
9788382133509
9788328169432
9788367406031
9788383199559
9788383380759
9788327127907
9788311170766
9788328924284
9786177395705
9788328087415
9788408187608
9788371348921
9788367816083
9788383386690
9788367195539
9788397687011
9788368370195
9788375179507
9781529942354
9788382652475
9788368069266
9780141501321
9788382894738
9788324692743
9788380988859
9782070584628
9788366730212
9788383433578
9788383911861
9780008742775
9788321343563
9788383750026
9788381506427
9788383616407
9788383903637
9788368380309
9788328903142
9788311185609
9788308084373
9788383717081
9788383875378
9788383741253
9788311179738
9788383434452
9788384490464
9788328173040
9788383196367
9788328909434
9788368021721
9786177688548
9788382725193
9788378395539
9788384291283
9788382996159
9788311177765
9780753561652
9788324085774
9788383307312
9788381885485
9788308086841
9788328925892
9788383990064
9788383573724
9788368069075
9788368589825
9788383213132
9788383227870
9788384172872
9788383719313
9788382032383
9788327699671
9788380494558
9788368479553
9788328174634
9788368191905
9788367834513
9788365577085
9789669745903
9788383501710
9788382662580
9788323539568
9788328094444
9788375515800
9788301157357
9788325345730
9788367940870
9788328076549
9788368265866
9788381953825
9788377407851
9788327162304
9788328731028
9781464221361
9788384350256
9788328166417
9788368059267
9786175483022
9789664481813
9788382022674
9788377634400
9788362779802
9788379324521
9788367931434
9788382103861
9788381919616
9781455551910
9788383523033
9788327713940
9788383358307
9788381814539
9781509826643
9788389332479
9788368109429
9788367406451
9788381438704
9788368265514
9788328162143
9788368541618
9781292331294
9788375534467
9788383213378
9788301244293
9788382403961
9788379649587
9788301232979
9788365170934
9788328140868
9788375517668
9788381354059
9788383678184
9788368692556
9788328167551
9780141988511
9788381351782
9788383903217
9788364565816
9788383622095
9788383882345
9788375657760
9788382725230
9782070315925
9788365717924
9788384063019
9788382512700
9788381757959
9788383577012
9788381693455
9788383010793
5907377431374
9788381394918
9788326841705
9788381352994
9788366178656
9788366501034
9788382727357
9788382748581
9788383010557
9788366873377
9788372724069
9788383010229
9788382620276
9788395680274
9786175484883
9788382413397
9788363156725
9788308088470
9788370147129
9788383183527
9788382625998
9788368317800
9788396578662
9788383351124
9788328360556
9788383715308
9788383292465
9788367758635
9788368370577
9788383624402
9788373332614
9788382891133
9788383503332
9788383913247
9788327166234
9788388922855
9788367674539
9788382653502
9788395423949
9788383108438
9788328916807
9788328165779
9788383437224
9788396524812
9781398534759
9788326841750
9788368471434
9788382521870
9788366325036
9788383909509
9788377401835
9788381410090
9788367996877
9788395860737
9788328911369
9788383870809
9788384301340
9788377296554
9786171508057
9788368158335
9788395015809
9781662536120
9788382341928
9788364278785
9788368144833
9788382997736
9788326830266
9788383640204
9788379647200
9788383574080
9788368283181
9788301244101
9781529379426
9788382749717
9788383914039
9788368218060
9788383616803
9788325346140
9788383907543
9780241449394
9788328735293
9788383577517
9788380499843
9788374372190
9788367925839
9788381915526
9788324056644
9788381812016
9788383352794
9788368191066
9788327731982
9781526635211
9781448209866
9788328904224
9788383218939
9788383618227
9788381860529
9788383432649
9788384060438
9788382313529
9788381724326
9788368262902
9788378458111
9788383219035
9788491297246
9788310138613
9788383912219
9788384171806
9780738218427
9788367949675
9788394282882
9788383219110
9788383577555
9788382025712
9788311176263
9788383913988
9788368189575
9788323746737
9788361097853
9788380595989
9788301242145
9788383880655
9788367295123
9788381029292
9788367891066
9786177537662
9798888433201
9788370208912
9788328163225
9788325343767
9788381723954
9786175484296
9788382493313
9788367178136
9788310113184
9788328733978
9788301192570
9788383904474
9788383157009
9782253161561
9788383616230
9788397765283
9782848018676
9788382998207
9788320066319
9788383980959
9781292090580
9788367219969
9788376747408
9788367715225
9788381353144
9780241630839
9788381884532
9788382314182
9788379126514
9788383803043
9788328901384
9788383602561
9788327746788
9788383505466
9788383011691
9788383960050
9788382527803
9788383352725
9788301177829
9788367323277
9788383011455
9788383018140
9788380083806
9788383912998
9788370208844
9788383821498
9786177688333
9788382805154
9788365168221
9788383625546
9788382523782
9788383751672
9788379155217
9788382629583
9788383522685
9788380650428
9788383214726
9788328918733
9788381914680
9788382496338
9781788608657
9788380924215
9788382604351
9788326823725
9788379717217
9788328931459
9788379156504
9788384381250
9788392526827
9788370207731
9788327658746
9788328724921
9788381919234
9788383226507
9788365780799
9788367288149
9788327746528
9788383523859
9788375069310
9788383856360
9788377762493
9788381884464
9788384172674
9788382660647
9788381327381
9788325341107
9788365773333
9788327746665
9788380384842
9788382083750
9782075139205
9788382032574
9786177820597
9788311185708
9788367931939
9788376869100
9788368302516
9788310136435
9788382656367
9788382662962
9788375653311
9788383199467
9788383350165
9788367034357
9788383628264
9788382808537
9788383676548
9788384029442
9788320061062
9788311170841
9788382573671
9788384027325
9780744091267
9788328136359
9788383912554
9788328171985
9788383671888
9788363842741
9788383108117
9788368258738
9788382750294
9788382496369
9780007559244
9788382404814
9781802066432
9788383018416
9788367974585
9788368674064
9788368380286
9786177395507
9788383822839
9781399611428
9788383523217
9788382312904
9788384270011
9788384380574
9788367515856
9788383434490
9788382744132
9788324059812
9788382343892
9781405930611
9788324074433
9788382311488
9780349434285
9788382131444
9788382403022
9781847563651
9788368005189
9788383199252
9788383825359
9788366981003
9788328061217
9788384030707
9788328720893
9782253098416
9788327169938
9788382134391
9788380795600
9788382743395
9788382725018
9788324079100
9780241327654
9788308085219
9788374899338
9788375799323
9788384381359
9788328171503
9788320055092
9788320064667
9788327164094
9788379327997
9781638585510
9788382031836
9788324021611
9788382726893
9788383297828
9781911215738
9788395860799
9788373193093
9788367948128
9788382744934
9786176798026
9781399726368
9788383523378
9788328910416
9780672338038
9782070463473
9788383910918
9788368473148
9788327687883
9788368228472
9788383383002
9788384024218
9788433972835
9788383910208
9788383227085
9781473639997
9788301206345
9788375652611
9788325347062
9788381069182
9788367326490
9788381915854
9788324090600
9788382511437
9788301222338
9788383198156
9788383194455
9788328716889
9781474937191
9788368352528
9788320053821
9788383218281
9788367793292
9788366912113
9788383586151
9788387498986
9788311179134
9788381061261
9788379320394
9788301222055
9786178286408
9788383520247
9788383905440
9788383804613
9786175480632
9788382304763
9788383383842
9788301230074
9788367237482
9788328905108
9788383714721
9788397307926
9788396278920
9788382726985
9788378879923
9788383380766
9788381353298
9788367500531
9788373772618
9788381327404
9788382138832
9788382722789
9788366753952
9788368382372
9788382726183
9788383294605
9788366651449
9788382750843
9780241344422
9788366219908
9788375177022
9788382720860
9788383852362
9788384180037
9788360562956
9788393002795
9788382156751
9788366576476
9780861546824
9788396972491
9788383909882
9788368069181
9788373274013
9788301248352
9788378868064
9788382131543
9788320050066
9788381916783
9788383713977
9788397406308
9788379156757
9788382663006
9788383718989
9788301233242
9788368265187
9788383208459
9788382652635
9788301246129
9788383292625
9788360528150
9788383302010
9788384062432
9788382024548
9788381446525
9788327166036
9788367426800
9788367727877
9788383903866
9788328902411
9788327128133
9788308086360
9788383910031
9788327167774
9788383876931
9788367788489
9788380089266
9788371416385
9788382722987
9788308083017
9788325348601
9788383874265
9788308065501
9788383217895
9788367545563
9788373929654
9788373273344
9788379126101
9786178287108
9788366429123
9788382027778
9788311173491
9788380329638
9788328162242
9788383523828
9788381725057
9788382032703
9781784630829
9783126064392
9788394678685
9788383018980
9788324048441
9788327163509
9788328901926
9788383157832
9786175231579
9788381505376
9788324094714
9781399710251
9781529922936
9788374209311
9788382654349
9788381812290
9788381917971
9788328907683
9788308080269
9788327164261
9788375766035
9788367815659
9788383577548
9788382991178
9788381354363
9788380578135
9788373929227
9788383304113
9780241412909
9788383712918
9788383960760
9786171516595
9788381394222
9788367817967
9788372000637
9788367551274
9788324066827
9788383914091
9788328190566
9788368367188
9788368692174
9788327160324
9788383301204
9788383019420
9788383741369
9788382952636
9788384020067
9788328734203
9788382311235
9788382137460
9788382156843
9788384182390
9788382582062
9788384064856
9788375175790
9788325335120
9781909621909
9788381029353
9788382582185
9788310141989
9781408737217
9788381527378
9788379647712
9788382083170
9786176797203
9788328918948
9788368302790
9788366328136
9788384183557
9788375175127
9788382953886
9788368132427
9788368263114
9788496173934
9788378292739
9788382106244
9788328920538
9788396032409
9788383109220
9788382380958
9788327719553
9788368132731
9788382139730
9788382581324
9781780260822
9788383601762
9788383384412
9788384173787
9788368611878
9788378748519
9788383719054
9781529032666
9788301228750
9788368383522
9788381716192
9788383213170
9788383713892
9788367758222
9780008370947
9788368263527
9788328916067
9788383353388
9788366964198
9788383193311
9781474994996
9788381757522
9788382999464
9788383150390
9788382898804
9788383804255
9788328906273
9788301216597
9786178517847
9786180542974
9788382581263
9788382222623
8590228031723
9788301240387
9788328905566
9788328177314
9788301243135
9788383624761
9788328168749
9788383296913
9788328728493
9788368549829
9788328169210
9788384252215
9788366178342
9788381444101
9788328916456
9786171500075
9788328728073
9788324099832
9788311175860
9788381393201
9788368218435
9788328153462
9788383523873
9788301213473
9788383218120
9788383714301
9788375168945
9788381441179
9781398725492
9788328162013
9788383352787
9788379712908
9788375657135
9788368367812
9788383197449
9788378553014
9788383150062
9781838990398
9788381729826
9788382137446
9788382996357
9788328174573
9788382740004
9788368611588
9788328153912
9788383352824
9788383187747
9788321347486
9788383713762
9788383902609
9788383575575
9788325336639
9788301226176
9788311186088
9781784874643
9788378870678
9788383589053
9788396800183
9788301246310
9788328900134
9788378878896
9788383351728
9788383878256
9788301228286
9780552576666
9788383108483
9788379649747
9788381066594
9788383670416
9788324089000
9788383530079
9788325342234
9788365530035
9788370208554
9788368383058
9788382528343
9788383384191
9788366429062
9788383990156
9788383853345
9788370209629
9788379158232
9788379717002
9788364384738
9788382893878
9788383213347
9788383434360
9788383356716
9788377479094
9788328926547
9788383575377
9788367616942
9788328732995
9788382309492
9788368240474
9788368144659
9788375139839
9788379934348
9786171283510
9788382131567
9788383875910
9788311174108
9788320048919
9788324094462
9780702342387
9788382527179
9788380982963
9788382138054
9788383905860
9788381503167
9788381325837
9788373271579
9788382083392
9788383679198
9788383905471
9780008749002
9788382165494
9788382621808
9788324042661
9788328170728
9788366620629
9788328728936
9788368263312
9788320047424
9788368044492
9788368589733
9788368549249
9788379324217
9788381506120
9788382749922
9788382135688
9788377293317
9786176795841
9788383382913
9788382497656
9788379154463
9788324087945
9788328162150
9781473692466
9788328165694
9788382132762
9788324095605
9788375762365
9788381884907
9788384173817
9788366730724
9788327480774
9788383223216
9788381919401
9788383522791
9788383575612
9788382750508
5906302606023
9788320053142
9788383301310
9788384240588
9788383382951
9788382031867
9788366219823
9786177395774
9788383741864
9788383805085
9788383619491
9788301248093
9788383882413
9788366657519
9781035013562
9788383014494
9781473655324
9788301247430
9788324096725
9788310143419
9782072917783
9788383912639
9788328092686
9788382311211
9788366429048
9788395860768
9788383218236
9788383209678
9788397496781
9788320059250
9788363687526
9788383612799
9788382029659
9788328173163
9788367793162
9788381756723
9788367925860
9788367823234
9781509883844
9788328153707
9788383521695
9786178253516
9788380599888
9788382654974
9788324074617
9788328163126
9788328084568
9788367135061
9781529985245
9788368059311
9788383714011
9788366234758
9788367502566
9788368218282
9788301198190
9788328726123
9788324065691
9781837823253
9788382070583
9788396547514
9788382312942
9788368021424
9788377408735
9788392587972
9788324090617
9780241833285
9788323523468
9788383629476
9788328166356
9788328149489
9788383299495
9788308075197
9788382652697
9788383382197
9788382890563
9788327164056
9788383503028
9781529449037
9780008756611
9788381417662
9788383523385
9780241512432
9788310138361
9788384180952
9788366013483
9788381516440
9788383182940
9788323755746
9788383911991
9788382307924
9788380597976
9780241740019
9788381107426
9781784871642
9786175851968
9788328170360
9788383625430
9788383523781
9788327738448
9788382020847
9788328171893
9788384252383
9788320614053
9788327731852
9788381716437
9788382159042
9788382727173
9786171513525
9788383623054
9788383384078
9788383523262
9788328929449
9788308083536
9786178286415
9788396264169
9788324089680
9788381786942
9788383532943
9788368087154
9788310142146
9780241503522
9788324137282
9788381353311
9788382227246
9788367545709
9781409582182
9788396126481
9788382749663
9788375175363
9788383352602
9788301174033
9788323746874
9788384273296
9788382100761
9788382721690
9798888434864
9780241345221
9788368283334
9788368536676
9788367093903
9788310143242
9788367816281
9788383352978
9788326500169
9788328170315
9788325341121
9788381413756
9788368383249
9788328099029
9788383750484
9788375533576
9788383017389
9788368562446
9788382529647
9788301226466
9780273767701
9788383679266
9788367195065
9788328731356
9788397575318
9788366949676
9788382132977
9788311176126
9788368267778
9788382806960
9781473233812
9788383616957
9788383872452
9788328733220
9788384027110
9788328731882
9788328153936
9788366729513
9788368352122
9788368218114
9780241621196
9786176142003
9788382932560
9788383018959
9781444784688
9788327170033
9781406647167
9788328174801
9788368488364
9788368223316
9788394760014
9788383800578
9788383714516
9788375173376
9788384410714
9781784871703
9788367891530
9788324090488
9788301197476
9788328145870
9788368218251
9781447226888
9783730600481
9788373271623
9788383213033
9788383627793
9780552159722
9788310143792
9788381812504
9788326842375
9788384301647
9788327165893
9788368560060
9788368479089
9788328165137
9788382136784
9788380327597
9782017164265
9788382806908
9788324584475
9780273786368
9788383610498
9788383437255
9788374274029
9788366057388
9788367157001
9788375799828
9788383629483
9788383351599
9788382950533
9788328735538
9788328907515
9788383613901
9788382411928
9788383574967
9788383602929
9788383576640
9788382524253
9788367742641
9788362981052
9788368045024
9788383716909
9788311173453
9788362903849
9788381549639
9788368063264
9788375177046
9788382573695
9788328923034
9788383870250
9788380878990
9786171506237
9788383356181
9788367788922
9788384062159
9788382752687
9788381884358
9780718184131
9788366586574
9788368191875
9786178318956
9788383093086
9788383380469
9788378868378
9788384290453
9788384302347
9788375532821
9788383198217
9788383183787
9788383106588
9788367790987
9788367875844
9788375174991
9788328910782
9788328161788
9788320059632
9788328166523
9788384291467
9788366407213
9788328725430
9788377799512
9788383198453
9788383583198
9788383672519
9788382652970
9788308086940
9788382745146
9788380596702
9788383014937
9788301245986
9788301174521
9788368471540
9788360963869
9788382081886
9788381719230
9788383613659
9788383096407
9788301235796
9786178434335
9781788731188
9782014001334
9788327164827
9788382306743
9788382497007
9788379154555
9788320054019
9788382522358
9788383850764
9788367931724
9788368589450
9788360685556
9788368589481
9788383210117
9788379127177
9781408886793
9788311168817
9788380748279
9788383857664
9788326841439
9788383198903
9788383522555
9788383623450
9788384250655
9788382728514
9788383901855
9788382656800
9788324411276
9788382034073
9788328165175
9788382953565
9788376868622
9782369143086
9788383740928
9788367949194
9788368265491
9788383880051
9788381725583
9788381354547
9786175484142
9788324099931
9788381724845
9788328177215
9788327161031
9788382071788
9788383674155
9788383802022
9788381064644
9788383804477
9788375796773
9782072767548
9788328918245
9788301199104
9788328085084
9788328730038
9786175480533
9788383612126
9788308084106
9788383884639
9788383573533
9788310143174
9788384300268
9788382894639
9788328171213
9788328923348
9781529430066
9788368228687
9788497930710
9788383574905
9788382748864
9780571258093
9788377771228
9788366485280
9788368610796
9788383211725
9788383355931
9788374372756
9788328177277
9788384300671
9788381446983
9788382305807
9788383580685
9788380159174
9788363803285
9788366404533
9788324093151
9788327164070
9788370208295
9788382741322
9786175483459
9786171507043
9788383105161
9788320061505
9788320048698
9789669152343
9788328908444
9788382750089
9788383851266
9788324097944
9781909621848
9786175484050
9786175230510
9788383304083
9788381432719
9788367054485
9788382167092
9788383530567
9789664482889
9788381719018
9788384175910
9788374370615
9788301245467
9780241659700
9788327460219
9788383106885
9788383018096
9788327106575
9788383750521
9788383185125
9788328098480
9788382581942
9788379327386
9788396438195
9788383153315
9781784759582
9788327746252
9788328117976
9788382582116
9788328163218
9788397468436
9788383740195
9788371733291
9788382605280
9788382952131
9780140066401
9788383304212
9788382307726
9788301223779
9788366501508
9788373273528
9788382308358
9786177537945
9788328163188
9782075155540
9788308084649
9788328917606
9788373775695
9788328172227
9788382795028
9788397067134
9788328906310
9788383106984
9782070301690
9788380875548
9782070440030
9788383307633
9788383610108
9788367555272
9788383380889
9788379935512
9788368367782
9781409538875
9788380878808
9788383384214
9788393511631
9788384063200
9788367219945
9788383216010
9788368191967
9788366939899
9788365168108
9788383671925
9788301226145
9788328174092
9781853260230
9788381816014
9788368473322
9788324042876
9788368263329
9788383715049
9788383183213
9788376491820
9788380572874
9788384172506
9782070439645
9788383626406
9782070401147
5902277315298
9788377761304
9788381394765
9788383016405
9788301233914
9780393034264
9788367513432
9788383613475
9788381885249
9788375651164
9788365308054
9788328725706
9780241597262
9788328153622
9788365808158
9788382032208
9788301236069
9788363965037
9781787634558
9783464615874
9788382748987
9780552573344
9788301241209
9788382406030
9788368753080
9788367551847
9788382896237
9788382029468
9788326840937
9788380572683
9788301231866
9788383437286
9788383612614
9788381886604
9788396914743
9788327662538
9788308081754
9788366651470
9788368549850
9788383355047
9788381884334
9788382522044
9788310141903
9788383878713
9788328914605
9788382529296
9788382627671
9788379641338
9788383583341
9788366753976
9788366360495
9788383710532
9788384183618
9788320031652
9788324032846
9788375684605
9781399702324
9788384026885
9788384254073
9788327128164
9788383577739
9788384185339
9788308085172
9788383197753
9788381414982
9788377310113
9782803636303
9788308086223
9788327496478
9788324039890
9788301209995
9788368488241
9788382529586
9783126064156
9788368223972
9788308086513
9788382410686
9788328932425
9788362903795
9788328383876
9788382402575
9789664484852
9788383306018
9788383299631
9788381725248
9788383354897
9788383350974
9788383871929
9788379570379
9788384020791
9788381753371
9788383218274
9788382229721
9788367815505
9788381353953
9788367931946
9780241453049
9788382662801
9788383575254
9788383710228
9788367295383
9788383820231
9788384174753
9788366661509
9788370208547
9788383572987
9788382993882
9788377760659
9789664481967
9788383822174
9788483235720
9780008412043
9788301226657
9788324068524
9788368204698
9788381507578
9788323753049
9788383188515
9788375171464
9788384241899
9788328930049
9788328921917
9780007527571
9788380747418
9788368033793
9788383905983
9788384254103
9788326828430
9781974714810
9788381353809
9788308086919
9781632864239
9788384252901
9788383710013
9788308070956
9788368753028
9788368516517
9788383913797
9780140501254
9788383611792
9788382897890
9788311168589
9788374375207
9788320061161
9780241225929
9788368471175
9788366969506
9788382401400
9788301223502
9788368068627
9788326828386
9788383678191
9788328162372
9788328933040
9788301149574
9788380794146
9788301190422
9788301234386
9788383104454
9788382663792
9788368226676
9788383621135
9788382628074
9788383611341
9788308085356
9788380756847
9780349439341
9788397237032
9788301232375
9788328922334
9788384173909
9788378452249
9788380498563
9788383877983
9788328932722
9788381505451
9788381418713
9788326843679
9798855414592
9781472295941
9788383290966
9788370209124
9788368383416
9788367925556
9788374827034
9788382311181
9788301200183
9788374899277
9788383182018
9781909621404
9788311170124
9788301138059
9788327127426
9788382401660
9788382581157
9788366762367
9788379150434
9788382251944
9788382659733
9781788954174
9788384060308
9788367867740
9788328729759
9783442247349
9788383151359
9788380570634
9788383384887
9788375178036
9788382951240
9788368205268
9788328155282
9788383437026
9788376491561
9781909621428
9788373272354
9788370209360
9788382527681
9788367925693
9788367288361
9788379997459
9788328165892
9788383198071
9788301231583
9788328169357
9788373271968
9788375177480
9786171507852
9788308084304
9788466357579
9788382494723
9788365717481
9788383588872
9780751344394
9788325345556
9788383980515
9788383189192
9788416588435
9788383583792
9788382725186
9788382033946
9788382027679
9788366599987
9788382406641
9788368383515
9788366671256
9788328165816
9788328026919
9788381437295
9788383352114
9788381716901
9788366068209
9781909621763
9788383711515
9788368592078
9788380387904
9781444978780
9788380086067
9788383614526
9788377770221
9788311125018
9788384251157
9788383107127
9788301233563
9788383586854
9788383910871
9788301239169
9788382312478
9788327686541
9788367157827
9788310142726
9789661545747
9788384242537
9788383625942
9788328134867
9788380386198
9788382316094
9788383019680
9788383520278
9788311175891
9788301230494
9788328722125
9788328178038
9788383204376
9788383582788
9798855430646
9788377762875
9788383301426
9788367889056
9788380746466
9788382071375
9788324517718
9788328190573
9788368592306
9788367685009
9788310139313
9788384174142
9780765326553
9788363537531
9788328737914
9781335534637
9781035040957
9781509843183
9788381413664
9788368109870
9788368541694
9788382933062
9788308074589
9788328923126
9788362199549
9781529354300
9788383910192
9788370206543
9786171508828
9788367343602
9780552151405
9788384030721
9788367974127
9788311186019
9788382723489
9786177395910
9788368350968
9788383575513
9781842704431
9788367889315
9788301240486
9780241396988
9788383523361
9788382029444
9788325341503
9788382139334
9788382995541
9788383291277
9788383531984
9788382808865
9780241595879
9788381886918
9788383811819
9788383910345
9782849532904
9788379570768
9788368370461
9788368549324
9788383802190
9788383624754
9788384030127
9788328930094
9788382496840
9780241988268
9788383679037
9788328170216
9788382743685
9788383307480
9788383574851
9788383714707
9788328166905
9788383623573
9788382746990
9788384172117
9789669932754
9788383873107
9788367461542
9788366729964
9788381811750
9788324099429
9788383732985
9788383910437
9786176797012
9788370209919
9788382495072
9788328198012
9788368204315
9788377402009
9788368005431
9788384182154
9788367069717
9788308083826
9788382410617
9788382134995
9788381916165
9788383961859
9788367195218
9788327673220
9788382495836
9788383822709
9788310139900
9788328733251
9788368227482
9781847498274
9788383820217
9788327738233
9788375172737
9788381813471
9788367515795
9788383821535
9788381687645
9788362309108
9788383713205
9788367834612
9788328919662
9788324066407
9788301172015
9788368087178
9788383297750
9788379710942
9788392945406
9781784704919
9788328069923
9786171507234
9788367016209
9788360318850
9788328905030
9788328169258
9788328732896
9788368692761
9788301235727
9788367665209
9788383382357
9788383913704
9788325341312
9788381815277
9788380579491
9788301237042
9788328165960
9788301193164
9788382024739
9788328732346
9788383218694
9788381886253
9788397765269
9788382139556
9788382131055
9788397756410
9781408728888
9782253010487
9788379713394
9788381916523
9788366501416
9788383990316
9788328174184
9788379323494
9781406644272
9788383603261
9788383196343
9788368592283
9788383716862
9788381886543
9788383016153
9788308085097
9788311175532
9781783446353
9788328074613
9788368380040
9788368364446
9788301210625
9788308081440
9788308076408
9788324068548
9786178253288
9782253009009
9788368383874
9788367406598
9788383195827
9788383015767
9788381069168
9788367996167
9788366491526
9788368005363
9780349433479
9788368560237
9788328735330
9780008661243
9788301232382
9788311177246
9788383627212
9788328728844
9788367353199
9788383306971
9788328197633
9788368576658
9788367551427
9788328158894
9780241357378
9788382528008
9788301246563
9788382653847
9788381959902
9788328098091
9788365170965
9788382522006
9788368516876
9780008639129
9788383710440
9788382723816
9788383875033
9788396823946
9788324096596
9788383717845
9788383603193
9788382158274
9788397090552
9788381578363
9788380745766
9788328399037
9788368473087
9788384274972
9788383297637
9788381919210
9788383900223
9788384276884
9788373928299
9788382413601
9788328721135
9780451532480
9780281091270
9788380747005
9780241410196
9788382159370
9780137056385
9786175483480
9788383911045
9788368302523
9788381919739
9788382749793
9788328162860
9788367690393
9788320054262
9788382032048
9788397560659
9788311173859
9788384174050
9788366267008
9788377409756
9788328734098
9788367551700
9788308080252
9788382728682
9788324092215
9780789759801
9788382952964
9788368364460
9788383802633
9788368479065
9788382511918
9788320062458
9788381721363
9788366790063
9788383190204
9788328930728
9788382652857
9788383521374
9788383209739
9788327106971
9788383016665
9788380747074
9780134194653
9788328163102
9788397059207
9788310120977
9788381885379
9788383354170
9788366195226
9788381507561
9788383383934
9788383800813
9788396249067
9788366730816
9788383740836
9788328312678
9788324063819
9788328920002
9788383186436
9788328172128
9786171507814
9788328164789
9788367925730
9788328915466
9788381886567
9788383670560
9788381430500
9788381323307
9788383915678
9788382413496
9788367121682
9788382629255
9788382410655
9786171261280
9788311167933
9788381720755
9788382341362
9788384160862
9788382729382
9788381884297
9781474994989
9788377138717
9788328729964
9788375175165
9786175484111
9788380380974
9786171516366
9788328111141
9788328396821
9788383013749
9781529015423
9788383980638
9788327717801
9788389472748
9781509862597
9788311175563
9788327658425
9788382109146
9788368610802
9788382032420
9788383678320
9788379649662
9780008734794
9788378875840
9788367054003
9788368692358
9788381918381
9788328169388
9788381753203
9788381813525
9786175483589
9788384171172
9788321351032
9780141339115
9788301171698
9788328733848
9780099592525
9788383612652
9788327716156
9788327746207
9788377762011
9788383102337
9788383577746
9788381419024
9788367949187
9788382131697
9788367727020
9788382665192
9788383740751
9788328165236
9788381353618
9788377762158
9788368158328
9788326839511
9788301222147
9788395443183
9788383218229
9788382313062
9788383602349
9788328162297
9788383601021
9788381445283
9788368351149
9788384291498
9788324058006
9788382661125
9788301212285
9788368611632
9788366863347
9788367949095
9788383354965
9788327739667
9788328151901
9788383524047
9788383195957
9788383225098
9788328918078
9788328729537
9788373274853
9788320061314
9788395799433
9782707356741
9788368367034
9786175484777
9788382995404
9788383716763
9788367757614
9788383676876
9788366657373
9788367157681
9789667047887
9788375656060
9788370207380
9788382133981
9788384183564
9788308088173
9788383186597
9788381911733
9788367353373
9788328154278
9788366338746
9788380790995
9788380621985
9788368576597
9783551557421
9788384025208
9789664484814
9788384271902
9788301242459
9788366762664
9788383581682
9788382661484
9788384160107
9788396874139
9788328728882
9788328915824
9788383742564
9788327701565
9788382723212
9788383306551
9788383960043
9788368350777
9788383500195
9788365803900
9788381413763
9788382751376
9788383905099
9788382525519
9788324092451
9788368560077
9788379543212
9788328175006
9788384440100
9788383188881
9788383674971
9788328158276
9780007119318
9788382135848
9788323349044
9788382109214
9788327126368
9788367178143
9780857772992
9788846832122
9788381506311
9788383187730
9788383583648
9786177688883
9788377762189
9788380322752
9788384350454
9780241745212
9788397062955
9788328735811
9788383572635
9788367515566
9788396013330
9788368045277
9788420684871
9788382401806
9788381725026
9788328737334
9788326842047
9788382893106
9788328178809
9780356501871
9788363842581
9788383355566
9788383911960
9788378878742
9788370208134
9781481483230
9788320049206
9788382109931
9788382727180
9788366704206
9789661091404
9788375173284
9788324090037
9788383185859
9788366491519
9781035020140
9781473211605
9788368158908
9780008509347
9788328012967
9788382028522
9788368471601
9788324075249
9788383211671
9788324097999
9788383811703
9788368189421
9788381505581
9788301229047
9788361008408
9781781852163
9780241432259
9788382796155
9786175482537
9788324098729
9788384301159
9788383381923
9788383306384
9788367948180
9788381886970
9781444707830
9788382134056
9788380747746
9788499088044
9786177940035
9788382026245
9788382521726
9788383299525
9788383617435
9788382808674
9788382312140
9788379158935
9788323749493
9788328165878
9788408163350
9788382313345
9788379158249
9788325344191
9786171514102
9788382413540
9788382897784
9788301229207
9788368647167
9788383215211
9788320055764
9788383522333
9788368576474
9788408223160
9788383878867
9788382034592
9788301244088
9788324098545
9788383677538
9788397083707
9788328726475
9788368542271
9780349441290
9788382932966
9786178318079
9788368383591
9788382034370
9788384065723
9788372724182
9788381296038
9788377073087
9788328931923
9780702309519
9788381354240
9788383291727
9788368144765
9788383585406
9788384275313
9788382742626
9788379154319
9781847496027
9788328165847
9788328730816
9788383851273
9788324056972
9788383188997
9788367790604
9788383521824
9788373928459
9788383574912
9788380383654
9788328093027
9780099287865
9788373272248
9788383913568
9788301222444
9788374376778
9788324076031
9788383880891
9788382080995
9781409598770
9788380590281
9788380578340
9788327739292
9780007466702
9788379648894
9788368263091
9788380080973
9788382029130
9788383619927
9788310140807
9788383224916
9788367817592
9788383915715
9788311173408
9788383573656
9788328036116
9788384259634
9788324404872
9788328729650
9788368338294
9788382951790
9788382029345
9788383189697
9788382312744
9788382660388
9788301237189
9788328735309
9788324054633
9788368471489
9788382406184
9788379155781
9788328163171
9788383623511
9788367845472
9788383962535
9788394916039
9788383383163
9788367931175
9788846831231
9786176796190
9788311174047
9788375799231
9788382410938
9788310141699
9788327487193
9788383820170
9788310140449
9788327163042
9781426319174
9788380597129
9788383284415
9788368742053
9788383292083
9788328926158
9788380599925
9788383294216
9788381919241
9788320031362
9788379324873
9788383826615
9788366729896
9788381716925
9788381506151
9788377409862
9788382031157
9788383874371
9786171511057
9788328097957
9788328925342
9788368725728
9788383192499
9788311173934
9788328728257
9788301207175
9788382725254
9788383627304
9782253161554
9788301241742
9786177940776
9788383012483
9788382740615
9788381685948
9788368350258
9788381434027
9788328380547
9788383801919
9788327168320
9798888433102
9788325347000
9788383106434
9788328729858
9788383203577
9788328174245
9788381915465
9788382316391
9788383212029
9788383522180
9788301219109
9782203001190
9788383904078
9788382136401
9788397554665
9788328737143
9788395938443
9788384256459
9788328728691
9788381886376
9788328922297
9788368135695
9788328166868
9788367195836
9788366949669
9788383352022
9788383826653
9788384022184
9781804990537
9781292263014
9788384025246
9788381352970
9788375942613
9788383192338
9788380089983
9788382526660
9788382745092
9788320058567
9788381354295
9788373929128
9788368132120
9788383155654
9788328904392
9788384410516
9788382159448
9788327710376
9788383678917
9788383520346
9788301241971
9788383437460
9780241656419
9788382403794
9788382078947
9788327688538
9788380383111
9788396107435
9788328927506
9788367925709
9781847080998
9788327659828
9788367360906
9788328175426
9788382031768
9788379326136
9788361330448
9788328076556
9788361283683
9788381354646
9788382317701
9788326843051
9788381445016
9788320059274
9788370208677
9788308086759
9788311178304
9788368265941
9788328731479
9788380599093
9788383350691
9788324042081
9788381917131
9788381883504
9788383574783
9780241510179
9788379648559
9788382951820
9788379320455
9788324097838
9780008420680
9788326840463
9788382651898
9788384381380
9788383306612
9788326836930
9788383532974
9788328930483
9788382990669
9788384390566
9788379646708
9788384272022
9788383821955
9788381353069
9788368402124
9788396146250
9788382727012
9788382896107
9788378356998
9788367817639
9788383741062
9789606930140
9788382084108
9786176792000
9788381725217
9788328729711
9788375531961
9788325346003
9788328380332
9788368044119
9788381756969
9788383615622
9788368121414
9788375780635
9788394850210
9788376324043
9788327686527
9788379710430
9781471403989
9788383292427
9781781575369
9788366416703
9780142405802
9788853616623
9788383503790
9788384252192
9788379158416
9788328912960
9788320065817
9788382899542
9788384030844
9780241425428
9788383990088
9788383719030
9786175484647
9788853615862
9788328149854
9788323760443
9788328907393
9788301228255
9788368227802
9788383185897
9788393583768
9788368228656
9788323717263
9788383911953
9788320063110
9788382404012
9786178012243
9788328735002
9788383616254
9788381919067
9788308080559
9788365614599
9781292211138
9788381685740
9788368542332
9788380386150
9788383826783
9786177960309
9788327165954
9788328910102
9788308076644
9788382026818
9788326843525
9781408855652
9788382139341
9788380744035
9788395256288
9788382729597
9788368262568
9788382753042
9788382031898
9788328736252
9788383017815
9788325346195
9788324056965
9788365717085
9788383093932
9788370208486
9788367023238
9788381419376
9788379127047
9788368063158
9788383912301
9788367996921
9788328153530
9788383105543
9780008412937
9788324067671
9788368044898
9788445013953
9788311186484
9788301200725
9781444767070
9788370209889
9780241684337
9788328736115
9788367665018
9788383713236
9788365588647
9788381419741
9788381438148
9786177940578
9788311178212
9788323771265
9788327168290
9788379151684
9788326836671
9788327170743
9788383612669
9788328162853
9788383293424
9788375178531
9788383181394
9788382091502
9788382807585
9781401229351
9788384182062
9788394811082
9788328097872
9788365400215
9788383803012
9788328056985
9788395423918
9788381504249
9788383523309
9788368549409
9788381886185
9788384290279
9788382132243
9788383619354
9781464266485
9788366420892
9788383621197
9788397267404
9788383197746
9788328164963
9788383628844
9788367084734
9788328167902
9788383719122
9788367022590
9788367949705
9788301231996
9788383188782
9788382652772
9788310137494
9788383500980
9788383225449
9788381436526
9788327688095
9788380751941
9788383913612
9788368647259
9788366462854
9789037495607
9781784162917
9788311179325
9788383522876
9788382581096
9788383182933
9788383383910
9788381448734
9781399743501
9788327747013
9788396673398
9788379127559
9788383189314
9788383010779
9788384026601
9788327106957
9788382523461
9788384301135
9780241709337
9788382131635
9781836044697
9788419835734
9788382132496
9788324095674
9788381885393
9788379324750
9788366503540
9788383353647
9788383712239
9788382225846
9788326837494
9788382726206
9780099586982
9788368121957
9788383718408
9788381814317
9788381754064
9788383295541
9788382750454
9788328930841
9786176799542
9788381063821
9788383587004
9788383011493
9788383018683
9788367604703
9788368592177
9788365168016
9788382251166
9788382740059
9788383214887
9788382034646
9788382032512
9788368380002
9788383716978
9788379647194
9788375173420
9788301225605
9788328731691
9788383436654
9788328171923
9788367710589
9788367402644
9788368205855
9781788545440
9788328392304
9788383355467
9788382023442
9781526688682
9788326838903
9788328174733
9788326839894
9788368242621
9788311173316
9788368516753
9788384060100
9788382079678
9788381503679
9788328910447
9788383619767
9788328903579
9788383980812
9781405940795
9780008770662
9788383501000
9788382724776
9781509827930
9788382662276
9788301240202
9788382225945
9788383612270
9788382655988
9788324093038
9789669152732
9786177688524
9788325343309
9788381721738
9788365271730
9788381320207
9788384275092
9788383574110
9788382525342
9788396886507
9788324086009
9788384171295
9781974763405
9788383802282
9788383357744
9788381505482
9788377798898
9788328918757
9788384290101
9788383751313
9788383191386
9788383307121
9788326839979
9788379647187
9788076882829
9788383500119
9788325341732
9788368084184
9788380597365
9781405983099
9788380748217
9788366555266
9788311185678
9788382933161
9780241545591
9788328906365
9788365796066
9788301228569
9786177513321
9786171215047
9788367426763
9788383219028
9788367247207
9788328170490
9788368599121
9788310143075
9788328727441
9788368158168
9788328087637
9788382749847
9788326841057
9788383010151
9781955834513
9781408372593
9788382664928
9788383186429
9788320620702
9788383671352
9788367784948
9788327106537
9788383625447
9788382220179
9788368560626
9788367069274
9788328174870
9788381691567
9788311176300
9788301243715
9788383350752
9788395550003
9788324068883
9788381716581
9788381727402
9788301223823
9788383603384
9788327673367
9788364045455
9788383300207
9788366381667
9788383751368
9788395827013
9788365970435
9780061697265
9788382032314
9788328175464
9788328732735
9788383436050
9788379543403
9788382729627
9788383382203
9788383910833
9788311180970
9788378877110
9780241415542
9788366500143
9788368302271
9788368302295
9788301220112
9788382628180
9781405930208
9781526628220
9788381911801
9788383990491
9788383155609
9788380386631
9788383216096
9788384274873
9788383874692
9788320047622
9789666799770
9788382748888
9788328915299
9788368242324
9788366482258
9788382134193
9788328735965
9780500651766
9788383295725
9788382655841
9788324085156
9788301249335
9788384174562
9788383016382
9788382953480
9788380384774
9788382622966
9788321351049
9788301167868
9788308085318
9788383612089
9781474948500
9788377139615
9788328169951
9788382657005
9788383215303
9788368541564
9788387139551
9788382953008
9788326433962
9788308069851
9788375177060
9788383192864
9788324411801
9788328169791
9788383826882
9788382030662
9788383154305
9788379767793
9781529954227
9782290340783
9788382412048
9788320050370
9788383713960
9788327670847
9788367121224
9788327168689
9788301237219
9788383521985
9788383355917
9788328087651
9788308088906
9788368227086
9788368647280
9788372723529
9788383217765
9788381430005
9788383751276
9788311181281
9788328171428
9788324045143
9788326438202
9788328732278
9788381915250
9788383019369
9788382028225
9788383359335
9786179511219
9788301211769
9781803701332
9788323549673
9788382528947
9788324092413
9788328916692
9788382027303
9788328169708
9788301217365
9788382082791
9788396146236
9788367135283
9788328716117
9788324063925
9788383218106
9788381354165
9788328087613
9788383640402
9788380804067
9788383357195
9788367685443
9788382725858
9788375174588
9788383380711
9788301247461
9788327673053
9788368383331
9788383906478
9788301240967
9788397496736
9786171507265
9788367949576
9788383980843
9788328908819
9788368479478
9788382744422
9780571325405
9781474968881
9788376120898
9788365521811
9788380744394
9788367931731
9788383612416
9788383181769
9788382497175
9788327165817
9786171514430
9783453320918
9788383602523
9788383014654
9788383505749
9781847494139
9788328908796
9788382582154
9786178277505
9788328161337
9788382722208
9788382933253
9786175483527
9788382628081
9788368084603
9788368191172
9788328173170
9788383016634
9788384301173
9786177395989
9788383190044
9788328073166
9788328162655
9788382070361
9788383382890
9788324098644
9788375659085
9788383912042
9781529013016
9788381719025
9788381911146
9788363957650
9781890871130
9788368267297
9788328153653
9788371348471
9788378866350
9788383430553
9788382109740
9789669150134
9788367551021
9788384301692
9788382511192
9788366863088
9788367790697
9788301238315
9788325700713
9788310141996
9788375799538
9788397468467
9788310139566
9788368608120
9788383906348
9788381812108
9788383877846
9788328165656
9788383573014
9788325338763
9788323737711
9782070349579
9788368541052
9788382651973
9788325344702
9788323343509
9788367759410
9788301237523
9788325313661
9788311176249
9788382997835
9788383521954
9788497592451
9788367515450
9788383981178
9788368263138
9789669152374
9780241573754
9788328088863
9788364384622
9788308080597
9780241630853
9788382528305
9788327716729
9788384060933
9786171513143
9788328175082
9781474998338
9780099533269
9781913097257
9788382650778
9788382722215
9788383882666
9788382106473
9788384020838
9788368068801
9788366325104
9788367461566
9788301196981
9788324069101
9788382136340
9780134866215
9788368226713
9788382032369
9782072930119
9788367069656
9788365773999
9788301210311
9788366657311
9788310140135
9788382650600
9788384023389
9788383382920
9788320043013
9788368364835
9788384300725
9788368367324
9788383909745
9788378879756
9788301159498
9788366846326
9788367891615
9788324066117
9788383589749
9781804993033
9788382529074
9788382582031
9788368069037
9788383521046
9788301143015
9786175230275
9788384172841
9781035028740
9788383106779
9781529442458
9788397090514
9788301216740
9788383211299
9788374829441
9789664484425
9788382408737
9788383183503
9788381502986
9788327127860
9788328928701
9788383290997
9788328173309
9788383381831
9788320048865
9788382034493
9788368381375
9781857155075
9788383902005
9780241508749
9788368158243
9788368541823
9788328728271
9788382405989
9788328912724
9788328730878
9780141035253
9788360685365
9780241533420
9788364347399
9788381415446
9788328087583
4956813752895
9788368053746
9788375173352
9788383351759
9788368059069
9788383912356
9788328338852
9788383874166
9781784871611
9789669152763
9788328734210
9788375657111
9788382652215
9788383882383
9788367867276
9788328114203
9788328920422
9788381916226
9781447290667
9788383874937
9788374899673
9786171291423
9788383357881
9788368516166
9780241630846
9788382650945
9788301246679
9788384411520
9788364488863
9788365717825
9780063373716
9788383295411
9788382410907
9788375654493
9788308081082
9788382650754
9788384360026
9788383801254
9788383570204
9788382743173
9788381065887
9788383520735
9788311176294
9788367323208
9788382604290
9788382740141
9786177688760
9788328722705
9788382581720
9781250000354
9788374899857
9788363156480
9788379719693
9788327480514
9788382743746
9788383305103
9788378868200
9788383218021
9788383962399
9788395181580
9788363687632
9788381885652
9788383577579
9788382153828
9788310142511
9788381723190
9788327166494
9788328910508
9788383209784
9788383524023
9788325344733
9789664480090
9788328916470
9788327169440
9788301234508
9788311182455
9788383016436
9781787462144
9788397418806
9788383821672
9788308083291
9788383298979
9781847495709
9788324037544
9788368053135
9788384060384
9788381770088
9788383616636
9788368045796
9788367515917
9788324073511
9788367515702
9788383292410
9788383508474
9788366178700
9788370208325
9788328390676
9788384021859
9788328722118
9788380574861
9788379838738
9788383215174
9788320065077
9788382071078
9788326826160
9788381915687
9788328933293
9788367815833
9788324096770
9788382180701
9788301216382
9788374899802
9788380756311
9788328907331
9788366500945
9788382663044
9788383574240
9788325345457
9788382932546
9788383353715
9788378454250
9789664481400
9788381434348
9788383570433
9788384172889
9788324074938
9788367788885
9788366866188
9788367341592
9788308064825
9788383185651
9788383601717
9781974743414
9788360170342
9788382742992
9788328913325
9788383913025
9788368383362
9788384250426
9788382581645
9788377401453
9788301246501
9781474972086
9788328170483
9788384171844
9788380598553
9788383580968
9788382654424
9788383217956
9788383911434
9788384258798
9788383183237
9788383870045
9788368610826
9788384172735
9788328909977
9788368586237
9788383090092
9788383672304
9788383611334
9788423348954
9788383828824
9788383811635
9788383882925
9788382725223
9788326824111
9788367845793
9788383012650
9788382998030
9788383910451
9788367085205
9788366356894
9788382413205
9788383520582
9786171288478
9788383151823
9780552174169
9788301228422
9788329100700
9788382998177
9788367353441
9788366967434
9788384381014
9788382726237
9788384172636
9788328009400
9788328178823
9788367639675
9788311173873
9788383622187
9788383104775
9786178318550
9780099458364
9788381435697
9788329101042
9788381860932
9788367512831
9788301235536
9788367788779
9788381728010
9781529954333
9788368350203
9788368419481
9788383293714
9788383589800
9788383188829
9786175230299
9788375179477
9788381910774
9781975398620
9781803701011
9788382025132
9788384028957
9781509862603
9788381354462
9788383822235
9788383357102
9788382159417
9788381410106
9788381720915
9788381601870
9788365807267
9788383990026
9788367121606
9788324095520
9788378878902
9788328728295
9788364045080
9788382729061
9788383350158
9788381720960
9788383481753
9788327106926
9785389088030
9788383673929
9788383298450
9788384301630
9788324098248
9788301237622
9788310131348
9788367931748
9788384275047
9788383586755
9788384172803
9788326826399
9788379649914
9789403219936
9788395409653
9788383297262
9788368541861
9788379156221
9788382408454
9788324412136
9788381815017
9788381395786
9788368069167
9788366912298
9788375532203
9788394950309
9788383381039
9788382661064
9788308083567
9788324074563
9788310139320
9781526672605
9788382226157
9788368611397
9788328900523
9788384411537
9788383674797
9788328164451
9788367949736
9788383853161
9788396644077
9788383298467
9788365122162
9788381754828
9788368576283
9788308084496
9788368053852
9788327713087
9788327163707
9788375780918
9788383911526
9788382749885
9788325346157
9788378185048
9782075187541
9788366482777
9788381444767
9788328733855
9788382898392
9788383570259
9788301223366
9788368217148
9788379154241
9780349423401
9788382529128
9788367925143
9788397152403
9780241773925
9788328913684
9786171517417
9788382413311
9788383523170
9780141036144
9788328171459
9788328064904
9788327163882
9788384029107
9788383625515
9788368725049
9788383227573
9788381722223
9788408267195
9788368226294
9788328165601
9788368364514
9788373501805
9789664484906
9788382896916
9788379328055
9788328178090
9788383214832
9788324089963
9788384026625
9788380755413
9788368331400
9788383673523
9788377293850
9788328167599
9788366005051
9788301226510
9788383105512
9788328735514
9788360963807
9788382895599
9788383910734
9788328921320
9788382991147
9788301239763
9789606930713
9781840220759
9788380576797
9786171513327
9788364045912
9788375179545
9788326844829
9788382525946
9788384171233
9789403225197
9788382311884
9788308076507
9788383752129
9788383625829
9788394861698
9788365830784
9788301247645
4820245450219
9788382311174
9788396287823
9780552177528
9788381725835
9788383714493
9788382996265
9786176796169
9782818931059
9788368338133
9788382030969
9788328175990
9788383357300
9788384062982
9788389157782
9788383710518
9788383880426
9788382081831
9788383676708
9788301234683
9788381814850
9788383104072
9788383295671
9788445004326
9788383909318
9788384300114
9788383357423
9788366969889
9788327170583
9788327663054
9788383885025
9781406321579
9788382899504
9788383710341
9788383380407
9788381326612
9788383751344
9788328902978
9788381684231
9788365400000
9788301240905
9788383306445
9788382745108
9788301245313
9788320040197
9788328908437
9788365401724
9788368610734
9788368471939
9788379649488
9781529022087
9788379647040
9788383352985
9788328926905
9788366285620
9788382997729
9788382406405
9788370208196
9788327661890
9788368069297
9788327680518
9788382995480
9780746071533
9788382463576
9788382655247
9788395938436
9788382028720
9788328160293
9781804992227
9788384020814
9788370207106
9788324079360
9788301214548
9788382491951
9780241647004
9788383825441
9788323348085
9788383204215
9788368753011
9782070364237
9788301226107
9788327716712
9788368381351
9788381354110
9780552159739
9788383522357
9788383018133
9788368069952
9788383882062
9788384252222
9788384172643
9788383803364
9788328926868
9788383533513
9788368265590
9788381814690
9788379127986
9788383912516
9788368589634
9788368021875
9788375655599
9788383803371
9788328164918
9788382310146
9788381324120
9788383213576
9788382742237
9788328723535
9788381065702
9788367545273
9788328902084
9788382895896
9781398526235
9781788160063
9788383910116
9788381353496
9781509828005
9788308070154
9788377291337
9788363975586
9780141375632
9788366939592
9788384256350
9788381397308
9788328171565
9788373275478
9788324075072
9788324003549
9788382950809
9788383433929
9788381500678
9788382952087
9788383357089
9788324404506
9780349423425
9782075094382
9788491961093
9788381354622
9781509851126
9788383297057
9788383909844
9788384030882
9788368479492
9788311179165
9788374828109
9788380328600
9788384172773
9788383751283
9788367215435
9788383615240
9788383182391
9788382138061
9788381716086
9781399743549
9788368535211
9788328047570
9788393474967
9781529416329
9788328731998
9788382662450
9788325344139
9788328924055
9798888434857
9788381716123
9788328067837
9788491961062
9788383351780
9788376290652
9788383820743
9788375176469
9788383209814
9780718185022
9788370209094
9781784871581
9788368479126
9788328900455
9788328175068
9788328174160
9788383873053
9788366329133
9780007580866
9788301245948
9788324093533
9781526650344
9786178093075
9788383858036
9788368097160
9788327716255
9788370209148
9788368352306
9788368383324
9788383910550
9788384290200
9788310139528
9788382109108
9788367513494
9788382495867
9788327107695
9788383900889
9788381815833
9788379645961
9788383151168
9781801310512
9788301211738
9780141371207
9788308083253
9788382581799
9788373928695
9788382034950
9788328178762
9780241630099
9788382750126
9788301243593
5000000041909
9788396956842
9788382100501
9788383182698
9788308086865
9788308047446
9788328166158
9788384360002
9788378457541
9788381414586
9788384160732
9788375656077
9780141987484
9788310140647
9788367034081
9788396775856
9788373899322
9788380578357
9788383217697
9788368382501
9788383297675
9788378451877
9788383619972
9788383150215
9788382407525
9788382727876
9788383980201
9781408890967
9788397224315
9788383018638
9788328736153
9788383901114
9788328175310
9788328908130
9788381885966
9788384022337
9788366573116
9781529388220
9788076880634
9788326845963
9788368317237
9788383961828
9788311170421
9780241463031
9788382661286
9788382405170
9788368267273
9788383105123
9786175230619
9788382083347
9786175483169
9788328166899
9788382951981
9788368189520
9781509895304
9788396249029
9788383205922
9788328901995
9788381814126
9788396673305
9788368351071
9788382996944
9788383611600
9788364278693
9788382657746
9780241600894
9788308084168
9788382031942
9788383212708
9788311180154
9788383185484
9786175851135
9788378396352
9788381715980
9788366329973
9788362779529
9788301220242
9788327171115
9788328092549
9788383382999
9788301246488
9788381725880
9788308083659
9781782065975
9786175483015
9788366356405
9788381725651
9788381754279
9788382107586
9788382729801
9781473639072
9788328167605
9788383357560
9788383821429
9788328926899
9788328075771
9788384183779
9788367515832
9788383904306
9788362842117
9788328170421
9788372723611
9788328734395
9788381395847
9788375178555
9788327168054
9788383586717
9786177395781
9788368240504
9788367157223
9788328096035
9788381412285
9788383505916
9788367690942
9788379715268
9788365505118
9788327165664
9788381353830
9788383214771
9788328168138
9788383616421
9788383290942
9786175230596
9780241350379
9788383801704
9788382604368
9788368021493
9788382460308
9788367710718
9788383211961
9788382251548
9781529937299
9788395261879
9788383911632
9788328931626
9788328928008
9788383903507
9788308083963
9788368205527
9788368725544
9788383911489
9788384173718
9788328152618
9788328174269
9781784705091
9788324085453
9788367402286
9788368541175
9788368265552
9788328723818
9788376602172
9788383108124
9788368647235
9780007356348
9788383434872
9788373928923
9788383610559
9788327164032
9788394950507
9788382661392
9788328904903
9788366155374
9788382892444
9788301226961
9788379127399
9788382892437
9780141389554
9788328730311
9788367665056
9788362890620
9788383716008
9788383290485
9788379543892
9781847678911
9788384291733
9781529368819
9786176796114
9788368549836
9788308084083
9788375178210
9788370208806
9788363965518
9788301197070
9789664484630
9788301242732
9788368350142
9788381353670
9788366500341
9788324096466
9788301246426
9788384390450
9788381757065
9788328167612
9788367406536
9788396656124
9788382031164
9788301241872
9786177960798
9788383384849
9788380578838
9788328733299
9788328910515
9788384382196
9788368240603
9788384030646
9788368364231
9788327480491
9788368381443
9788384029091
9788326825781
9788381913744
9788381885416
9788308074077
9788383508719
9788382604634
9788383622514
9788324093311
9788384381694
9788384390979
9788367793049
9782262101633
9788383870694
9788368338270
9788382135374
9788383292533
9788328173194
9788382893991
9788380637313
9788076880610
9788325346614
9788324068791
9788367353366
9788328105683
9788301231859
9788328174641
9788382654455
9788383355979
9781974758906
9788367215329
9788328729506
9781444936766
9788382133868
9788308080719
9788383718002
9788383354446
9788379672813
9788384174081
9788326837722
9781405297752
9788328174757
9788382033052
9788366912083
9780141187785
9788381144599
9788381350723
9788383961484
9788367690973
9788328171497
9788373778436
9788383193823
9788381884754
9788382134360
9788384240694
9788368371918
9781087956480
9788382081473
9782012903821
9788328737846
9788382806830
9788384172742
9788382028362
9781409523338
9788382028515
9788308084267
9788368516692
9788328099012
9786171516601
9781529062335
9788328925854
9788368191776
9788382720075
9788383962665
9788327747280
9788383219097
9788311170360
9788324042777
9788381883641
9788383435862
9788366310100
9788383575650
9788384185063
9788383741208
9788373271876
9788384276402
9788378868439
9780349437705
9788366729674
9788381438261
9788383430973
9788382953763
9788381714525
9788373929739
9788368562842
9788383196473
9788383384245
9788383911021
9788376725925
9788328165649
9788382524840
9788383297118
9788327670342
9788382309706
9788301237943
9788301247423
9788383713519
9788328733152
9788382135282
9788327169655
9781509854530
9788383878645
9788382528145
9788383584508
9788368045857
9788368541588
9788383802596
9788375656800
9788368295030
9788328174580
9788383199214
9788368364576
9788383381053
9788383751597
9788375177596
9788383615585
9788383803937
9783518123027
9788380598409
9788384290262
9788311166516
9786179502668
9788367859097
9788410048935
9788379935017
9788382410563
9788301247669
9788383671949
9788383882505
9788383821634
9788366356504
9788383574882
9788328910539
9788324094523
9788326837401
9788325538682
9788381435833
9788384381960
9788374805407
9788381507240
9788381430371
9788379127184
9788382072389
9788377404294
9788381419581
9788076880580
9780060000578
9788323747031
9788365717917
9788326828577
9788368549669
9788380746992
9788374899024
9788384275054
9788367135092
9788381919593
9788382891416
9788368383003
9788375176537
9788366712294
9788383877303
9788367616218
9788368045741
9788366195059
9780241624883
9780241373439
9788384252390
9788308085493
9788383827322
9788383718064
9788368283631
9788328732568
9788367815802
9788383870144
9788383189222
9788383192420
9786176797906
9788382748550
9788311186071
9788383578354
9788381394062
9788311179905
9781784872793
9788382723243
9788301206123
9788383586816
9788368087086
9788367323314
9788325341299
9788847626188
9788381326018
9788328155756
9788324066391
9788384183595
9788366849358
9788381443159
9788326845994
9788366462885
9788383218946
9788382749748
9788382309683
9788382034547
9788382410785
9788384274804
9788368381924
9788375172966
9788324401710
9788382400311
9780281078028
9788327717405
9788383380216
9788324090594
9788368295177
9788373272286
9788381690829
9788383180243
9788328170186
9788383910987
9788382134902
9788301210250
9781728297057
9788381353342
9788368068757
9788328919129
9788383617930
9788382136777
9788383350837
9786171514423
9788393002764
9788368180558
9788381413374
9788382897081
9782070468751
9788381506731
9788383877822
9788382999280
9788301224936
9788382724752
9788320063561
9788383306100
9788382898415
9788367996839
9781409582076
9788383990149
9788380329829
9788301227609
9788368592634
9788383673639
9788366329706
9788324059546
9788321351025
9788324099818
9788320065152
9788381414418
9788365400437
9788328910201
9788381354769
9788368473247
9788368560404
9788383800899
9788380596801
9788382995428
9788380745520
9788381352703
9786171508859
9788382306033
9788372723741
9788310137746
9788320063448
9788383199566
9788383913711
9788383603360
9788368352849
9788383291505
9788328929425
9788308085387
9788368560305
9788373440661
9781784741181
9780500650813
9788327127037
9788382744088
9788384381700
9788375177145
9788383296883
9788326840142
9788382408669
9788384029497
9788383216195
9788382138252
9788301219444
9788375173710
9788381446501
9786171295001
9788383350141
9788384390405
9788382525182
9788383432472
9788310144737
9788328913899
9788375177190
9788382410006
9788383589787
9788311175303
9788365400475
9788380748514
9788366969087
9788324089895
9788383879413
9788326838484
9788382622638
9788382892956
9788373929081
9788383874395
9781408349045
9788328171800
9788381416832
9788366969636
9788382893137
9788328178007
9788377799871
9788384258910
9788327162663
9788308083314
9788366570528
9788379711079
9788379125142
9788383208145
9788379647705
9788368535112
9788320064223
9788368589849
9788324085101
9788382750348
9788368541595
9788383612454
9788381715096
9788328392328
9788382308280
9788327107275
9788310139948
9781728292908
9788088403616
9788382743609
9788381872720
9780241466605
9782070368167
9788381327657
9788375659269
9788384251621
9788383217673
9788383433981
9788368589771
9788380579224
9788373778849
9788382030976
9788394652869
9786175483855
9788383351575
9788328332560
9788382407990
9788383436890
9788301225193
9788380746572
9780205215973
9788301153625
9788301246075
9788326843457
9788366753419
9788383674896
9788382628098
9788382826876
9780241411698
9788383713403
9788324060795
9788383570983
9788384257524
9788384381731
9788365122452
9788384028223
9788367054805
9781405942256
9788328917569
9788368267600
9788367925273
9788328161702
9788382998771
9788368473100
9788383901220
9783499625381
9788373778696
9788383295794
9788328925816
9780008380816
9780140265408
9788368401080
9788384271896
9788382309362
9788383381244
9788328164567
9788328911130
9788382744255
9788328162914
9788362779444
9788308086568
9788384171165
9788368610369
9788383589473
9788383627823
9788383198712
5900336013666
9788327672810
9788383601823
9788327164803
9788382722468
9788380577046
9788328709423
9788381714099
9788323341857
9788383307664
9788325346782
9788382492439
9786171502857
9781501307447
9788383719450
9788383356921
9788301215897
9788370205737
9781786530097
9788380499867
9788360689196
9788383802367
9788366384668
9788311178243
9788380328266
9788383880235
9788325347246
9788384021606
9788383357133
9788368258882
9788373271777
9788396734006
9788328913653
9788382404548
9788383903651
9788383521022
9788380572706
9788381352062
9788367805025
9788375799330
9788301164041
9788301227548
9788328726734
9788381322669
9788383858142
9788381067744
9788328733183
9786171502314
9788497592208
9788362577941
9788383873824
9788328097858
9781405972147
9788328732766
9788381327411
9788383500706
9788328735088
9788383199528
9788383520384
9788381716789
9788397067103
9788382728903
9788383885162
9781638589419
9788328090835
9781509828074
9788381814751
9788327671431
9788367215381
9788368591088
9788377799796
9788368364941
9788383383668
9788383852492
9788383182025
9788383157870
9788382139679
9788383102399
9788328171190
9788383640006
9789664484401
9788372972989
9788301151720
9788378458739
9788383194639
9788076880603
9788368549904
9788367247511
9788324041947
9788384390375
9781847494061
9788328162389
9788383522968
9788397047877
9788368542011
9786178115159
9788383211732
9788383433455
9781473660632
9788383011547
9788383019413
9788381142281
9788367359009
9788328162556
9788328730663
9788382251708
9788367075121
9788328371736
9788383576121
9788378868415
9788382251661
9788368541670
9788367176798
9788382727432
9788383198163
9788382315073
9788381448161
9788381107440
9788381725729
9788381914451
9788382729610
9788328720244
9788397237063
9788383623009
9786171515437
9788366234796
9788383960586
9780241395790
9788383902296
9788377761953
9788382109627
9788326813436
9788383960890
9788372505187
9788367674348
9788382795585
9788311182318
9788366356375
9788327669452
9788383192413
9788381916158
9788324089468
9788328908994
9788383350813
9788384064009
9788381960991
9788368419153
9788368217421
9788368132441
9788327662286
9788383627557
9782070344611
9788326832451
9780241997932
9788367665278
9788308084045
9788383521299
9788384251355
9788367805278
9788328729667
9788396352408
9781408886366
9788383820774
9788382659191
9788368005608
9788383383217
9788383610917
9788381447256
9788382027594
9788301238346
9788381185561
9788382165401
9788374372343
9788383821917
9788328737761
9786175485033
9788301243913
9788311164178
9788328178113
9788365838292
9788382663075
9780714543376
9788308084526
9788367498876
9788382653854
9788381750165
9788384021729
9788301243050
9788384240182
9788381717977
9788383357201
9788383155791
9788328929241
9780008471774
9788368692860
9788367023498
9788368068634
9788328726796
9788382728910
9788324052226
9788382655377
9788382522136
9788383383361
9788383678276
9788308086445
9788308083628
9786175230053
9788373274174
9788324094493
9788368240139
9788328911826
9788324045181
9788367891790
9788382722154
9788381881807
9788365458971
9788397933705
8008324090679
9788382343601
9788380537095
9788301243920
9788328906464
9788383623566
9783442495146
9788361824893
9788383532738
9788328094680
9788366718005
9788382602500
9788383104683
9788370207618
9788383617077
9788301183493
9788308086254
9788328051331
9788382314571
9786177969104
9788381419147
9788846830739
9788383188386
9788381918718
9788383351735
9798888432587
9788382724745
9788397406339
9788380590465
9788383990385
9788383884172
9788383671086
9788368240573
9788328734661
9788373394209
9788327696809
9788383303925
9786175484449
9788328917750
9788368758429
9788383624792
9788368069112
9788328174153
9788320038743
9788384022474
9788383579733
9788383587899
9788382726978
9788325342173
9781509827992
9788378868255
9788328136861
9781784160852
9788383621449
9788383018928
9788381886147
9788325341152
9788380744998
9788366964242
9788491961123
9788328734975
9788382309102
9788327127686
9789666799640
9788383384290
9788328915817
9788367949873
9780241752265
9788320051377
9788368227680
9788383212999
9788383822051
9788366013421
9788382524185
9788377294239
9788383911625
9788328097537
9781783446797
9788368226317
9788382991413
9788383434551
9788308085554
9788328164314
9788383521831
9788328912854
9788383913407
9788360169025
9788328045965
9788383523392
9788328171299
9788368370812
9788377762226
9788395860744
9788371185410
9788368158779
9788308046715
9788367212656
9788382582260
9781503953574
9788088333517
9782070454396
9788383821221
9788381354929
9788365740403
9788382070866
9788380800045
9788368364330
9788384382967
9788375799842
9788382380989
9788383520070
9788381919425
9788383804163
9786175481622
9788327739902
9788375652680
9788383913582
9781784872823
9788383186580
9788383716596
9788368541533
9788382221077
9788381755139
9788367212885
9786177395880
9788368109139
9788368436013
9788382662283
9788361932338
9788382301878
9788327747198
8590228045591
9788382026832
9788383577647
9788368753035
9788383811796
9788388435805
9788381716505
9788379126347
9788364045035
9788367949057
9788383572383
9788320061642
9788381143646
9788327161192
9788383741161
9788328736870
9788383292564
9788326844515
9788383522692
9788366661431
9788301247546
9780241347522
9788383523774
9788311179226
9788366134133
9788382582161
9788328094970
9781529070385
9788368240047
9788383578446
9788383385051
9788301231873
9788367069595
9788328727304
9788381503440
9788375179996
9788381861175
9788383911571
9788381755559
9788383226811
9788374761673
9788382251579
9788381445863
9788380384118
9780099493617
9788383907734
9788483235034
9782253099994
9788383962917
9788383218328
9788301233327
9788327711076
9788383624341
9788381439565
9781509837632
9788383741901
9788328919457
9788383881959
9788328718296
9781292338217
9788088403944
9788383216041
9780008739270
9788382745368
9788376727301
9788328923324
9788382498752
9788366981720
9788383109251
9788301238872
9788384171325
9788367500401
9788328173033
9788383356259
9788328917699
9788383195797
9788368591217
9788366750364
9788383678429
9788382656664
9788327658081
9788368381320
9788308083666
9788328175228
9781648279171
9788301246518
9788382316292
9788383502571
9788375658361
9788301192167
9788382725988
9788383383873
9788383505435
9788365880857
9789664481172
9788384171707
9788324077427
9788367925808
9788397021266
9781409563990
9788375657326
9788368692846
9781846276842
9788383913100
9788366753648
9788301238377
9788368367645
9788382408218
9788367461382
9788382157314
9788396775894
9788328165687
9780141367002
9788301228019
9788379325535
9781788954266
9788384023433
9782070382118
9788383016511
9780857536082
9788324096206
9788377799345
9788381885010
9788328738041
9788383875897
9788383910499
9788328166554
9788328178182
9788383811642
9788324092697
9788367071970
9788367178907
9788397101807
9788383713700
9788383300085
9788368576825
9781526675835
9788368536188
9788383218380
9788383855530
9788328909847
9788380797758
9788367551809
9788381503808
9788366178304
9788328904309
9788381351652
9788380326989
9788328737228
9788381860437
9788382740431
9786177688869
9788383710211
9788380329225
9788384381649
9788375176353
9788382725520
9788380386600
9788382413359
9788368591118
9788324051403
9788383217864
9788366116771
9788383670577
9788368549225
9788366178540
9788320060300
9788328915275
9788383224022
9788328182417
9788384250549
9788383624846
9788383626482
9788365902214
9788381919777
9788384410226
9788381757447
9788384381816
9788328167575
9788366057722
9788368402100
9788384026564
9788367513876
9788301243654
9788377760918
9788381501118
9788368226287
9788382341447
9788308070666
9782070660155
9788382032642
9788381506465
9788328900158
9788365601636
9788328913424
9788384062852
9788365650832
9788324098194
9788328173316
9780141359373
9788301246457
9788328735545
9788383743042
9788383354163
9781787461789
9786175482858
9780008611965
9786175482872
9788362537051
9788373929487
9788311174955
9786177940363
9781785151583
9788382953572
9788381719100
9789403225241
9788382306163
9788383198194
9788368419023
9788383908526
9788383015798
9788394890865
9788383711119
9788383299648
9788379125937
9788328738263
9788383741383
9788383015279
9788383877013
9788384300787
9788383585901
9788382726589
9788325343057
9788308084519
9788383572673
9788327661050
9789669152107
9786177329977
9786171286306
9788381354578
9788368479898
9788370209117
9788382523805
9780007902385
9788301199548
9788328163041
9788383016566
9788383212906
9786171517783
9788301226039
9788368479959
9788382523119
9788328164505
9788324070381
9788301225551
9781786331595
9788368370232
9788324055869
9788383102559
9788383102580
9788368610819
9788383295442
9788367335119
9788320048872
9788377761120
9788382665437
9788368479003
9788323348269
9788846818591
9788381505505
9788381860307
9788383196916
9788383912868
9788381729116
9788301238292
9780714862255
9788377052709
9788383382807
9788383915661
9788328732452
9788382994377
9788368367133
9781835409527
9788383105666
9788384256435
9788321350103
9788382721447
9788389472816
9788324237593
9788367212823
9788367071888
9788368364316
9788325336998
9788367426435
9788367237963
9780349132884
9788379324057
9788383673790
9788396249012
9788377467091
9788382620788
9788380756724
9788327168412
9788373271807
9788324067343
9788308084762
9788328721814
9788368473025
9788301238353
9788367790857
9788383670522
9788380746244
9788328923089
9788382581386
9788308074640
9781473692497
9788383352152
9781035414505
9788368158472
9788383640952
9788328728745
9788383623122
9788363842505
9788382726886
9788373273504
9788328171398
9788363841539
9788384391259
9788383601779
9781492564102
9780746063101
9788366229495
9788328174917
9788368589429
9788327671677
9788379328031
9788377761915
9788382824698
9788368069051
9788327127198
9788383215198
9788378868552
9788368589719
9788375177428
9788366018600
9788308084632
9781444958775
9788383574837
9789661012256
9788382131109
9788381912211
9788368367935
9788327658470
9788383713267
9788328119123
9788383290928
9788366967526
9786178178710
9788368549140
9788383602301
9788383852232
9788366263758
9788383185972
9781847497826
9788328912434
9788383522654
9788328728370
9788363687564
9788367949064
9788382890945
9788382990782
9788301236236
9788324088454
9788381860918
9788328727403
9788382167085
9788381069427
9786177388967
9786176796558
9788383100043
9783423136167
9788384021361
9788301222758
9788328172241
9788368364415
9788311169876
9788379648726
9788301216986
9788308086896
9788383678122
9788382581256
9788377798096
9788383018225
9788368610055
9788383625461
9788366195738
9788383222097
9788383214405
9788383910185
9788375175219
9788383156408
9780349437743
9788370207649
9788324092123
9788383353272
9788327710772
9788362779017
9788384173619
9782253251477
9780356529158
9788366790735
9788328174023
9788367353380
9788383913544
9788383108612
9788382301281
9788325342180
9788311161467
9786178277659
9788301220952
9788383884684
9781526681546
9788384410561
9788382652338
9788383213019
9788365979865
9788378874584
9788324087754
9788383384177
9788367520737
9788382529609
9788367219464
9788382581065
9788382581492
9788328709850
9788367402484
9788383824680
9788382084214
9788383573892
9788327163172
9788383158457
9788383185873
9788382951141
9788367790956
9781399611398
9788367834841
9788382027006
9788383876405
9781804990629
9788324093564
9788326840418
9788311174313
9788368541854
9788365442123
9788383824956
9788382135091
9788383871622
9788375152975
9788381325363
9788380089280
9788383716565
9788367237116
9788384270257
9788328171121
9788383198743
9788381687942
9788301244118
9788381327367
9788367759311
9788327127310
9788375799224
9788368044508
9788384181614
9788396352484
9788386581153
9788367545174
9788380879140
9788383194509
9788320057133
9788383627526
9781509826674
9788383713779
9788419654892
9788367817677
9788382745337
9788383356303
9788383211886
9788383430027
9788328906204
9788382080179
9788383104393
9788383910796
9788368087017
9788375658460
9788368189605
9788308085943
9788367075862
9788368226089
9788384270639
9788396799548
9788320058284
9788375657173
9788384381502
9788367948012
9788382314601
9788301198305
9788383383514
9788368381689
9788383641737
9788382309584
9788383601267
9788380879317
9788383213088
9788382270648
9780007548255
9788379156122
9788328162204
9788383905297
9788381548953
9788383735740
9788384027417
9788381886802
9788328170834
9788383742151
9788383292571
9788328914810
9788384253205
9788382027358
9781526663559
9788382664355
9780063373723
9788320049220
9788383990323
9788381143790
9788396898845
9788301230555
9780099591757
9788383354057
9788328141346
9788382999440
9781408854150
9788327686732
9788327672001
9788363656171
9788301240547
9788324099795
9788310137036
9788374899536
9788383523125
9788384030608
9788396874115
9788326827051
9788327168511
9788377799246
9788382723045
9788301249038
9788417972905
9788328091245
9781405955003
9788383522388
9788378391081
9788382317718
9788327164018
9781407132105
9788328918894
9786175481059
9788383874647
9788320063073
9788379719471
9788366517981
9788326840791
9788380386167
9788308085639
9788381720946
9788368295764
9788311168909
9788830109520
9786178277529
9788328927766
9780241454152
9788301230043
9788308065624
9788367513456
9788383674162
9788383351469
9788368542479
9788328927414
9788308074510
9788328175648
9788382083934
9788384025116
9788383623092
9788379325290
9788324099993
9788853631978
9788383910628
9788367925723
9780141343006
9788383678016
9788327660480
9788365717962
9788381815697
9788383014081
9781529050868
9788382408904
9788377296899
9788328171732
9788379153794
9788382303988
9780751585513
9788383213484
9788324067305
9780194238625
9788368674095
9788368395501
9788396287861
9788383908090
9788328094369
9788380329898
9788301241926
9788383820200
9788378143901
9788381728454
9788383218915
9780008355357
9788324090624
9788383380506
9788368317756
9788320059779
9788366234215
9788383618951
9788383718057
9788367867283
9788328909908
9788383624815
9788383218823
9781529136500
9781910266328
9788381516082
9788382658149
9788383672212
9788328912106
9788367341318
9788383434230
9788328145306
9788327731494
9788326838132
9788383503707
9788382950465
9788311180581
9788384273746
9788383962443
9781447229537
9788383960937
9788381324311
9788381296625
9788368381849
9788383712925
9788382721713
9788382108262
9786177940707
9788383420448
9788301205478
9788383382609
9788311172906
9788308085783
9788381886581
9781784758356
9788382655261
9788382994124
9788380625150
9788328094710
9788380499447
9780008456801
9781250881489
9788328922624
9780349433110
9788382998184
9788308076927
9788368045017
9788383216218
9788383823263
9788328736092
9788328730823
9788376490533
9788301241483
9788382523614
9780241536551
9788382317336
9788324089628
9780789760272
9788382802894
9788382343694
9788375798760
9788367940184
9788383198750
9788368562309
9788308032107
9788301242978
9788328731523
9780008196592
9788375703870
9788383803456
9781803702704
9788383717920
9788381860468
9788382309188
9788383520636
9781803512365
9788381727907
9788368267235
9788383500959
9788328093164
9788366338388
9788372723918
9788382342390
9788327291646
9788368240450
9788384172896
9788383588834
9788367793377
9788328910805
9788491294283
9788383214467
9786176792840
9788382317480
9788382723267
9788384300732
9786171508750
9788383436487
9786175851432
9788383383453
9781526621979
9788327695918
9788397627819
9788383600130
9788383913841
9788370208967
9788375176841
9788308080016
9788328905849
9788377798614
9788382991307
9788384061992
9786175230183
9788370209230
9788384410578
9788383222752
9788383533414
9788328924505
9788383382838
9788384256466
9788382932744
9788383195469
9788384182772
9788391633441
9788383911694
9788396775870
9788382951462
9788381811262
9788368158342
9788328168855
9788367813525
9788323352747
9783311210146
9788327747167
9788328174238
9788383961699
9788366650480
9788382827576
9780141375656
9788383715056
9788383827193
9788371348259
9780008123208
9788383870670
9788368364606
9788328159853
9781840224337
9788328910829
9781292262956
9788368302288
9788383209807
9788383640044
9788383587929
9788382723830
9788383900216
9788326840821
9788382139563
9788383190150
9788367859264
9788381687799
9788382083262
9788380572638
9788377760437
9788378866688
9788383011684
9788377799987
9788326832499
9788370209544
9781784872663
9781529108446
9788383209746
9788381815512
9788382806311
9788328156951
9788328178014
9780330418843
9788372975683
9788382025057
9788367551199
9788326839177
9788383600598
9788381815024
9788380745018
9788311172418
9788364888045
9781787300484
9788327717474
9788368109146
9788328164857
9788375655490
9788383678931
9788382343342
9788301224875
9788383100029
9789463990325
9788366134379
9788368536379
9788382897777
9788375088724
9788383576671
9788328167292
9788375368987
9788384253977
9788383801230
9788378866640
9788382527407
9788328901025
9788382409611
9788368053296
9788383352572
9788383505992
9788368240344
9788382752250
9788382131413
9788382132885
9788367996297
9788383670355
9788311184756
9788367343114
9788311175594
9788383011264
9788382512717
9788383017518
9788381683135
9788383107219
9788384184387
9788382316711
9788368021288
9788367790543
9786175484272
9788308089095
9788382155488
9788308083369
9788368053951
9788367215459
9788327166487
9788396649256
9788368577068
9788373929470
9788382220087
9788381885195
9788382400816
9788328722750
9788325343262
9788383713748
9788366005556
9788328098060
9788362903863
9788381443395
9781909621596
9788328927995
9788397059221
9788381448482
9788327106384
9788381717151
9788383575384
9788380748743
9788383613437
9788382023220
9781292001012
9788382134421
9788301199043
9788384176368
9788327293763
9788382136357
9788301239749
9788382025156
9788384271650
9788367515979
9788379325337
9788384020807
9788380576902
9788383573069
9780241269077
9781786075185
9788368364989
978837014700612
9781509889174
9788328928329
9788383576213
9781445182674
9788321353371
9788381354066
9788327669292
9786175230251
9788846830142
9781846553615
9788308084137
9788382072334
9788380593350
9788375178661
9788367949972
9788380088528
9788328909861
9788381324502
9788324578405
9788301222925
9788395378270
9788382582215
9788383381947
9788381860734
9788383710235
9788383910369
9788367016933
9788383713823
9780063050518
9788382990485
9788383189345
9788382993295
9788383981161
9788382890754
9788327670786
9788326840616
9788368044003
9798292557456
9781529032673
9788368258752
9788301225513
9788382169799
9788363537500
9788383299471
9781909621633
9788366275409
9788360355015
9788375654226
9788368351156
9788368059342
9788368044706
9788383181806
9788325345587
9788328167773
9788383011561
9788374277969
9788327164735
9788381919555
9788382136456
9788328729957
9788383155050
9788368317862
9788370208783
9788375652109
9788382412017
9781408885734
9788383719184
9788368045338
9788381396851
9789667047368
9788324068876
9788367262170
9788382341683
9788383434421
9788377131657
9788380876835
9788383570969
9788418798849
9788366512047
9788368302264
9788375659177
9788383190174
9788384381311
9781909621695
9788367813594
9788377315095
9788383420530
9788328721791
9788367219914
9788368181210
9788328741003
9788378868514
9788368536263
9788380082359
9780241655467
9788328905986
9788373929968
9788375173444
9780552778565
9788380385023
9788395545856
9781841495941
9788308085950
9788367710664
9788382165258
9781035046287
9788383909134
9788384271759
9788383882741
9788383355016
9786175482506
9788308086810
9788381815307
9788368068955
9780261103597
9788328373617
9788328906136
9788366949683
9788383602509
9788328901919
9780273774723
9788328727557
9788368371857
9788383104317
9786175233245
9781804950807
9781788166294
9788311180147
9788367237512
9788383980799
9788382343519
9788383742168
9788383913964
9788380747135
9788367461429
9788368262742
9788311186552
9788328906358
9788383577807
9788367515061
9788383601625
9788382581508
9788382727418
9788382314564
9788328052079
9788382492286
9788383714288
9788326842665
9788382656671
9788382933536
9788325344818
9788384180549
9788368381085
9788381860055
9788301222987
9788383213583
9788328164093
9781408845653
9788375534252
9788368240108
9788384026687
9788383624426
9780008813598
9781805074229
9788367859479
9786171501928
9788325345624
9788381415613
9781847389763
9788382808223
9788367323857
9782253014164
9788375534450
9788382408478
9788382083385
9788328173293
9788383875446
9788380759787
9781471133435
9788328920415
9788368692594
9788466353489
9788368562408
9788368692228
9788324571543
9788383195438
9788382525809
9780241538203
9788367262897
9788375791952
9788382993363
9780141369822
9788375175301
9788383855615
9781803361949
9788366356436
9788373927186
9786178280680
9781474990707
9788368091250
9788311177437
9788326823442
9788076880900
9788382223507
9788383912189
9781529019988
9788381727723
9788377761526
9788366873728
9788301248970
9788383990170
9788382031034
9788380212145
9788368227505
9788382309171
9788368562118
9788301242008
9788383185835
9788301247201
9788323138105
9788383522364
9788367948036
9788383710495
9788328088580
9788328164741
9788328098084
9788383641454
9780140449136
9788383199108
9781399743525
9788328908376
9788383583396
9788380381445
9788366057630
9788368262018
9788382893526
9788366750821
9780241633250
9788382581706
9788382135169
9788381680134
9788311181052
9788383877921
9788366964693
9788326838897
9782075187794
9788301158842
9788376425269
9788368367898
9788383523811
9788384180433
9788308081327
9788383712420
9788328173286
9788376868226
9788377798591
9788328720510
9780241681121
9788328925625
9788375799071
9788383616674
9788380745681
9788371178771
9788367925501
9788368350357
9788381417655
9788379630981
9788327746368
9788383673646
9788328906679
9788382103090
9781399712422
9788383016825
9788381505147
9788368562095
9788382655254
9788382950052
9781509825431
9788380877580
9788382721034
9786178318161
9788383823201
9788383671970
9780552176316
9788326824005
9788367551748
9788381142496
9788324089611
9788383522777
9788375174564
9788301232740
9788384350270
9788380328778
9788383434049
9788381719520
9788328906815
9788301226046
9788380577138
9788383199597
9788366661141
9788324410347
9788383741451
9788382750447
9788382226874
9788368135329
9788310140722
9788367093385
9788301238681
9788320042665
9788383617893
9788324094554
9788381415651
9788366252653
9788368367904
9788382953893
9788383980539
9788375799903
9788382167023
9788383382869
9788327662439
9781292082202
9788328907751
9788308086766
9788383877891
9788328160163
9788381815505
9788368191455
9781529978179
9788368535006
9788367793469
9788382409192
9788311184282
9788328900431
9788380574021
9788367237864
9781529023046
9788328162426
9788381889803
9788384380567
9788367757607
9788383570365
9788383628912
9788365717122
9788382159523
9788367616515
9788382629279
9788381394260
9788380329362
9788328909991
9788367845892
9788382310337
9780241573778
9788362476732
9788383572024
9788853632135
9788383750729
9788301222222
9788379326327
9788383573021
9788384259528
9788327687104
9788382304503
9781399728898
9780008164904
9788366873872
9788365400505
9788324094905
9788375658569
9788368043488
9788382950564
9788368005127
9788383619064
9788301225520
9788328931114
9788383715148
9788365773241
9788328174900
9788368488296
9788383751733
9788373271661
9788383303956
9788382410624
9788367715201
9788367815383
9788324060351
9788328738652
9788383014371
9781509843312
9788311177321
9781974714803
9788382809459
9788322404560
9786178115357
9788397018457
9788382891805
9788382314717
9788368283167
5902983908678
9788383858548
9788366416451
9788396729033
9788328167315
9788382029451
9788380590731
9788324066421
9788311176720
9788367513296
9782807701809
9788383520995
9788383911946
9788382623871
9788383904467
9788381413640
9788384302330
9780349423449
9788382311549
9788387329808
9788382410815
9788382312850
9780241348918
9786175482889
9788381726191
9788381503006
9788327106964
9788380573932
9788328098961
9788366615007
9788367335072
9788375178906
9788383223087
9788328151741
9788373276024
9788368295641
9788380744028
9788367817271
9788383573175
9788366310087
9788367931892
9788328920651
9788383804439
9788327127051
9788382749892
9788328159426
9788395084300
9788328170803
9788383907086
9788367616317
9788301241964
9788383188928
9788384185209
9788383676531
9788301239930
9788324412112
9788383296890
9788327164292
9788364668623
9788328166882
9788383209166
9788311185296
9788328190160
9788328379381
9788368647471
9788380579200
9788324060504
9788367121538
9788383013657
9788326836565
9788368189599
9788326836008
9788367515191
9788328734852
9788381914093
9788483235539
9788383750613
9788366070820
9788366328709
9788383500829
9788382662733
9788320059878
9788381397452
9788383217680
9788383354958
9788383150703
9788328177321
9788301246273
9788383851365
9788382995961
9788383905181
9788383228464
9788366057326
9788383505558
9788379649679
9788377762059
9788301234409
9788497592444
9788366462816
9781633430297
9788368800142
9788367823111
9788370205263
9788368692310
9788381753944
9788375178593
9788366753358
9788381394130
9788367150286
9788382469868
9788328730991
9788379326372
9788368589658
9788380083738
9788382224290
9786171507937
9788376231433
9788384171189
9788383302966
9788384252406
9788383872117
9788382032499
9788384160633
9788328178151
9788368021943
9780857525468
9788301245597
9788386383085
9788387442873
9788367974240
9788380748590
9788382342505
9788311186644
9788367262255
9788381354301
9788382131277
9782070406463
9788384254127
9788368109474
9788382084429
4902505356056
9788328157576
9788366356023
9789664484036
9788324411900
9788301239329
9788366873346
9788301239206
9788380656864
9788327714077
9788384270004
9788328909083
9788308085929
9788324410866
9780241982433
9788367793605
9788377771167
9788381914130
9788375176001
9788382136265
9788328068926
9781909621589
9788383913759
9788383432731
9788379834396
9781398527553
9788383010052
9788383293691
9788383873046
9788382107234
9788384185124
9788328161177
9788328155442
9788383523064
9788368240252
9781032339184
9788379673384
9788383878195
9788383910284
9788384380345
9788311184640
9788366671959
9788384440278
9788377072981
9788368068832
9786177940844
9788382893755
9788308086674
9788383502939
9788381916707
9788395303746
9788366142237
9788381326902
9788301231248
9781784701642
9788381885928
9788311184671
9781529095326
9788380577015
9788383804446
9788368536157
9788382220285
9788311172395
9781529978216
9788382663839
9788382662764
9788483238363
9782253160786
9788379157792
9788328385467
9788383585710
9788375179835
9780141991191
9788368317978
9788378866701
9788382166125
9788394295295
9788368265446
9788311175792
9788382725315
9780008611972
9788380650831
9788374372336
9780008152079
9788383603186
9781473231122
9788383309378
9788326440878
9788395858550
9788382743869
9788383600529
9788368541731
9788382304466
9788383960722
9788382131376
9788308084038
9788324237203
9788367014403
9788384186046
9785389088122
9781805076759
9788381725040
9788381811248
9788383719276
9781784750824
9788381717434
9788362976874
9788383875903
9788382658217
9788367974523
9782070423224
9788308084908
9788311175068
9788324076635
9788365442543
9788367023009
9788327688149
9788379127078
9788328173453
9788392288220
9788383961835
9788377295755
9788324095735
9788367335652
9788382999471
9788382020762
9788377461075
9788363186012
9788368063165
9788382520361
9788368589054
9788370208141
9788324083350
9788383910154
9788311174573
9788367426251
9781474606578
9788320040906
9781784752415
9788328091023
9788381440929
9788383107066
9788382109566
9788381439725
9788384381588
9788380878952
9788381725033
9788381684392
9788383876283
9788389239402
9788301246907
9788378451457
9788325340193
9788328169098
9780241656655
9788382527704
9788366657434
9788328918993
9780415360937
9786178286170
9781408878903
9788328929272
9788328170209
9788382413120
9788376607078
9788383622606
9788308084489
9788366416291
9788383822723
9788364378171
9788420672731
9788328395138
9788366630406
9788328390669
9788383906096
9788301243289
9788325344924
9788383903989
9788382136999
9788308085196
9788383380193
9788375799545
9788367217842
9788368226737
9788368180299
9788076880085
9788377633649
9788328921207
9788368589764
9788382314977
9788384270585
9788367551465
9781035412815
9788327168139
9788381811491
9788324090372
9788324074549
9788327672131
9788382315417
9788361203759
9788366022560
9788383382364
9788301234690
9788382071979
9788367426213
9788327169839
9788383802053
9788328731141
9788324088119
9788383436623
9788326841712
9788382951806
9788365168238
9780241598238
9788379158034
9788325341893
9788376867373
5902983912248
9788366057562
9786171512511
9788327127556
9788367498234
9788383820484
9788301244149
9780582017368
9788328724600
9788368084252
9788367157483
9788389420053
9788382403947
9788382311440
9788328174795
9786175484128
9788328925281
9788376867908
9788384020753
9788383908670
9788366407190
9788383750507
9788383872940
9788368109191
9788364780790
9788379126590
9788326830464
9788397002722
9788373779396
9788384412145
9788311169333
9788383299549
9788383214351
9788366462748
9789661091596
9782358876797
9788381353472
9783730602348
9788383522715
9788381353151
9788380538474
9788367288040
9788368226669
9788383612478
9781398527652
9788367996129
9788383381237
9788380594661
9788381719216
9788310144218
9788368350395
9788381885546
9788383711508
9788382745122
9788380385085
9788381917827
9788368180633
9788375171235
9788324048137
9788374378536
9788383081687
9788382028119
9788379652440
9788383575643
9788328098909
9788326842856
9780435913526
9788383717425
9788382654486
9786171293045
9788382662528
9788368549737
9788395945847
9788383584539
9788325342456
9788362445998
9788381916219
9788327127457
9788366762374
9788383195025
9788328909557
9788383381749
9788382225952
9788367343671
9788384183588
9788375175646
9788381860314
9788383573618
9788368228403
9788383108919
9788382581621
9788382407044
9788320060362
9788383900896
9788362779758
9788381729703
9788383910673
9788360689325
9788326836077
9788328153967
9780008204891
9788381503051
9788382953206
9788327164308
9788382529500
9788324096190
9788328734180
9788328730052
9781789094114
9788328910966
9788380383579
9788301217600
9788328727335
9788379934324
9788366473232
9788383912691
9788383961514
9788382022025
9781405930239
9788311178588
9788367949293
9788327168061
9788382661866
9788384172568
9788308085875
9788381882828
9789662909791
9788383523248
9788383677583
9788387313845
9788383881645
9781405920629
9788383911106
9788380383531
9788301247690
9788366462922
9788383016818
9788366416697
9788379125845
9788328736948
9788381354349
9788381417693
9788368240269
9788327165589
9788368144406
9781910695715
9788384184721
9788383382043
9788382653496
9788368021363
9781496716682
9788328098466
9788368331578
9788301194093
9788367639248
9788326841798
9788383186207
9788373271654
9788382993585
9788383213569
9788324077816
9788328168251
9788383908762
9781474613415
9788327170682
9788328912694
9788383621531
9788382029604
9788301240882
9788301246471
9788382897883
9780718186777
9780349439501
9780205394791
9788383214931
9780241719916
9788418930218
9788368283174
9788324094394
9788382413144
9788383615561
9788379159109
9788383522579
9788367793872
9786175851739
9788383524177
9788366838376
9788383718996
9788382728583
9788327164728
9781406360271
9788383911403
9788382953138
9788384026595
9788384181621
9788383357829
9788328162518
9788328737266
9788381500586
9780789759603
9788380872448
9788368283792
9786171511019
9788362842100
9788368692532
9781473629165
9788367834186
9788373271593
9788366548893
9788328735286
9788384173473
9788377408513
9788381756051
8005125186723
9788383576381
9781804942369
9788384290446
9788366997455
9788368240665
9788326826382
9788383623535
9786178253059
9788397184985
9788328169043
9788301242190
9788384023334
9788311177154
9788379325573
9788328911239
9788328177109
9788383016535
9788327746795
9788368240207
9788310139894
9788383199535
9788383587141
9781399611435
9788396322388
9788383431482
9788367075268
9788383678115
9788368380118
9788383881065
9788383218960
9788301246990
9788383382548
9788368541571
9788328149861
9788383209852
9788366651128
9788328918047
9788301244743
9788383210094
9788366997684
9788381683111
9788328727526
9780241417171
9788368317749
9788382083552
9786171289185
9788311184350
9788382408188
9788382306125
9788382109016
9788366778269
9788383386744
9788375653359
9788383854090
9788326828379
9788382314694
9788373277816
9788328901292
9788381886512
9788328920286
9788380536852
9788301232207
9788383013732
9788308076996
9788383602059
9788383820675
9788383580470
9788328710306
9788383380643
9788328725195
9788381352666
9788326836848
9788311175914
9788308080924
9788383383989
9788383912493
9788368084207
9788383677644
9788311169913
9781784758288
9788310135001
9788383358215
9781857155082
9788364488221
9788328917224
9788366416338
9786171289239
9788384022412
9788308083697
9788381751483
9780141039862
9786171505193
9788383717951
9788366762756
9781405942287
9788383350059
9788368191080
9788383576732
9782408042530
9788311185845
9788311186132
9788328157569
9788383520308
9788383960401
9788368227758
9788380087583
9782253115427
9788383801377
9788382895230
5000000052660
9788383304380
9788383851778
9788383903255
9788368576498
9788381034647
9788368352467
9788382802955
9780241472934
9788383305431
9788301230937
9780008196615
9781292186429
9788328726888
9788308064238
9788383219141
9781529158809
9788368191196
9788301233600
9788382032536
9781035402823
9788328075429
9780141385259
9788381692816
9788383677781
9786175482254
9788327431974
9788383382692
9780349429212
9788383520087
9788328072916
9788320047271
9788382312485
9781474998468
9788382522372
9786175230329
9788367426015
9788367788809
9788366967380
9788301243128
9788382080094
9788382993790
9788381501538
9788367996310
9788383380308
9781292282268
9788383531663
9788375178876
9788370203283
9788368608229
9788328932630
9788328921887
9781785037269
9788327106483
9788383381541
9788366749672
9788383910901
9780552171892
9788365217455
9788364708213
9788384490471
9788383980782
9788368338355
9788323718864
9788367946025
9788381028905
9781529951257
9781526635273
9788380578913
9788308085455
9788382728699
9788383213392
9788383905310
9788382899603
9788381325899
9788383622026
9788396644060
9780241392843
9788308085028
9788396060983
9788379324422
9788382664416
9788381439701
9788382528732
9788368226164
9788307033839
9788382527032
9788364311291
9788328930780
9788328924444
9788383600505
9788328725720
9788366178878
9788381886024
9788365676252
9788327160799
9788397351868
9780141021140
9788363821142
9788368263824
9788383481135
9788381753678
9780241532454
9788382316155
9788328168817
9788366425446
9780008563783
9788381883719
9788381084369
9788384174180
9788383601304
9788382524543
9788328904934
9788383617954
9788381692731
9788381066426
9788383616391
9788382134643
9788382663679
9788383617459
9788383731698
9788328160743
9788381505987
9788367817455
9788383876832
9788327746375
9788384290224
9788383716756
9788375764611
9788383350677
9788324063093
9788328093911
9788382656107
9788383811666
9788383214689
9788328169845
9788381861892
9788383623146
9788327166746
9788382131123
9788383196442
9781408749661
9788368158434
9788328170124
9788384184400
9788368180114
9781398522213
9788384410615
9788324068685
9788383672311
9788365531117
9788384182475
9788382655575
9781784871710
9788382744941
9788378867296
9788383884653
9788383629506
9788328167674
9788363773076
9788383717050
9788395076398
9788383912875
9788328912052
9788383872131
9788368692518
9788327669964
9788366520431
9788373394100
9781472297082
9788381913140
9788382896886
9788383014111
9786178248314
9788310134554
9786171504974
9786175231029
9788381069861
9788383822761
9788383182544
9788370209667
9788367815482
9788384250136
9788383627250
9788368381504
9788377762486
9788370208899
9789664484470
9788301167837
9788383801049
9788368692266
9788377771211
9788301250034
9780008722746
9788327105097
9788383190198
9788383625904
9788367498845
9780008716592
9788381885409
9788380578418
9788383573748
9788301245405
9788328162761
9788383622194
9788381721028
9788383627786
9780141991672
9781292439679
9788366329881
9788382411508
9786178280826
9788375086782
9788324089390
9788381503990
9788368317374
9788383601298
9788311168077
9788383876887
9788328075603
9788383381459
9788368240436
9788383881836
9788397128125
9788383190952
9788320045208
9788382581089
9788389434197
9788076881532
9788367817929
9788381326919
9788327165657
9788327670632
8590228052032
9788382028058
9788310140951
9788382490015
9788384200124
9788328098336
9788366416277
9788383155265
9788323344353
9788380328204
9788361732426
9788368059434
9788366325128
9788326843914
9788367690881
9786177329380
9788467050271
9781405281300
9788311172234
9788382999877
9788382526578
9788382411256
9788320046557
9788367715270
9788366234345
9781909621947
9788397389984
9788368205992
9788328925984
9788383587585
9788381878159
9788383825342
9788377296479
9788328152656
9788383216065
9788328117877
9788383106700
9788328173415
9788382750423
9788328167629
9788327713704
9782072923470
9788367759366
9788383913346
9788328739741
9788373928947
9788382624366
9786178093099
9788383435305
9788381885133
9788381811392
9788378748755
9788377760611
9788368223088
9788383622071
9781529445459
9788383874180
9788380746978
9788328913554
9788378871743
9788373391314
9788382411836
9788382411966
9786171514270
9780007574650
9788375163735
9780141037080
9788326839733
9788382729559
9788383717432
9788368479393
9788368419191
9788382309874
9788370208226
9788408279310
9788327662415
9788381726443
9788383674995
9788381718967
9788381728591
9788320064407
9788368535242
9788383719368
9788379122837
9788383908656
9788328171916
9788374273459
9788384184554
9788328097421
9789664484326
9788311172296
9788379158973
9788328904453
9786175482216
9788381816182
9780753732410
9782253139416
9788320062939
9788324237319
9788327126313
9788382528244
9788383852409
9788383425047
9781335534644
9788382654493
9786171514089
9788433960832
9788366863972
9788311183629
9788383383019
9788382406726
9788367338660
9788368370355
9788382031751
9788367793452
9788328727892
9788328924628
9788381444934
9788382220940
9788383214801
9788382663907
9788383358062
9788325343316
9788381549530
9788325341923
9788368352016
9788383221878
9788384021514
9788383911397
9788327717764
9788383307220
9781529047967
9788365168092
9788368205046
9788381352482
9788381503266
9788383507255
9788368097078
9788368121223
9788327673169
9788379154357
9783423718493
9788386293810
9788308083796
9788383751306
9788328924543
9788378737957
9788383090641
9788320058246
9788382997750
9788383219134
9788383915739
9788308069424
9788394678654
9780141375588
9788383600994
9788368364590
9788383710488
9788373271715
9788382521764
9788383717098
9788366285156
9788383198064
9788394760038
9788363841638
9786176791096
9788368191561
9788382726435
9788382309836
9788384381298
9788397548909
9788383719160
9781628861891
9781035915699
9781529978018
9788366371781
9788383108926
9788383522289
9788363203993
9788383105529
9788327163240
9788383859354
9788382525830
9788383621517
9788324086245
9780131429383
9788382136883
9788301234515
9788328724693
9788367949545
9788384024188
9783126064408
9788379935918
9788383298429
9788367406475
9788366178144
9788301247966
9788368608137
9788328904194
9788374207218
9788311179202
9788394850265
9788381506038
9788328732285
9788366484504
9788368258820
9788367859981
9788382312256
9788384440230
9788329113946
9788383520827
9788383215860
9788311186002
9788382795868
9788328387157
9788382528695
9788328179066
9788379127597
9788324089321
9781529186345
9788366328228
9788378453864
9788383199269
9788328731530
9788380748132
9788378878971
9788368059137
9788320049572
9788328178410
9788388922848
9788383520056
9788382995589
9788383624372
9782070392827
9788301139469
9788320052190
9788382891126
9788328929333
9788311174931
9788383578408
9788301236977
9788381885843
9786175482513
9788368059601
9788328063679
9788310138873
9781529022308
9788373277731
9788383800806
9788383108995
9788383716602
9788367178228
9788378866275
9788383603230
9788325345419
9788382073577
9788368350050
9788364565823
9788380384279
9788328174382
9781398248724
9788370209179
9788383210063
9788320047714
9788384186077
9786171517318
9788378868613
9788383019123
9788382664379
9788378867807
9788383802954
9788375173437
9788327163844
9788383678009
9788375534474
9781800752696
9788373774612
9788301197223
9781292341118
9788311174276
9788308086209
9788383851839
9788368069327
9788382529463
9788383183084
9788328170391
9788375179309
9788384412190
9788368265262
9788327168245
9788368535068
9788301235192
9788382807578
9788383197593
9788366482487
9788311181465
9788383289670
9788301247034
9781035032402
9788368135466
9788326825736
9788383610573
9788367668637
9788368488357
9788367102643
9788384171813
9788364565922
9788381727136
9788384271025
9788368267969
9788383586304
9788376237121
9788311186491
9788328906532
9788381918909
9788383016429
9788325345761
9788383871066
9788368227369
9788367515818
9788381813990
9788368352290
9788368021776
9788383880068
9788383010038
9788328157675
9788327165268
9788311177239
9788328732193
9788328736696
9781473231078
9788382581447
9788381353946
9788301225506
9788381449724
9781784874650
9788383352718
9788491296010
9788383358536
9788381717205
9788328728028
9781408855690
9788383353876
9788383740348
9788368692938
9788364645044
9788366750845
9788367295482
9788368352443
9788381353366
9788383188393
9788367815741
9781529058314
9788383104379
9780241601594
9788367237840
9788383627717
9788367558457
9788368205954
9788382027549
9781804990605
9788366753396
9788383010076
9788367759458
9788382749700
9788368121667
9788327680778
9788311186613
9788382892949
9788328906006
9788382604382
9788381812665
9788383192475
9788373272217
9788383907857
9788383876443
9788377761816
9781785032660
9788383617718
9788301242848
9788379647804
9788383612744
9788368267136
9788328168978
9788366789296
9788384029435
9788326837302
9788328915213
9788366013971
9788308086889
9788301159511
9788328166288
9788383911083
9786177688067
9788327659811
9788382027365
9788328917545
9788368218145
9788846831262
9788324060658
9788384172018
9788384182741
9788381414845
9788328723627
9788368180190
9788325345471
9788308063958
9788380745445
9788383211930
9781292119779
9788367816236
9788324058105
9788382102550
9788367217385
9788328726550
9788326828072
9788311186781
9788325345068
9788320052244
9788373504882
9788382622829
9786176795209
9788320034882
9788368611403
9788383719269
9788368381122
9788381911665
9788301234584
9788328171626
9788366964358
9788382155747
9788367071680
9788308080740
9788328929340
9788308080573
9788396811356
9781638589440
9788382342338
9788382317022
9788367949644
9788368109177
9788368599060
9788324066377
9788381066860
9788367069434
9788383961309
9788380747463
5905805219464
9788383914046
9788383910727
9788383193861
9781526611185
9788368589436
9788381884273
9788367834698
9788383351100
9788383962429
9781526647771
9788365661630
9788382251432
9788383382968
9788382741407
9786175850350
9786171514379
9788328907386
9788327169389
9788383825090
9788383296142
9786176798330
9788368053043
9788382725216
9780241290378
9788367931427
9788381640114
9780789757951
9788328922549
9788383615264
9780241833292
9788383878348
9788383356327
9788382133479
9788311183148
9788381814393
9788366005808
9788381723565
9781472154668
9788367784511
9788327663269
9788381506052
9788384302439
9788328908697
9788375799163
9788383520612
9788381816199
9780241818664
9780241244906
9781529423501
9788373993259
9788380595873
9788308084946
9788368069365
9788324235988
9788389157768
9788383961095
9788366132993
9788380089525
9788301235123
9788368560411
9788383380544
9786171508040
9788381354608
9788382529234
9788365851277
9788382523041
9788383384467
9788366949706
9788432248443
9788383870083
9788328084995
9788382527773
9788301188085
9788383900513
9788375170498
9788383186092
9788363842093
9780007527533
9788466674478
9788373928497
9788383523927
9788368367218
9781909621961
9788327127433
9788308080894
9781399745482
9788383588988
9788374094641
9788328178205
9788384254042
9788367353250
9788367406611
9788383914077
9780241430323
9788328904927
9788383522449
9788383218922
9788328729513
9788328918702
9788380755444
9788383357690
9788311162358
9788310138071
9788367668897
9788383910857
9788383614199
9788366243354
9788382028096
9788367176286
9788381687829
9788397002715
9780241506363
9788383434636
9780349134383
9788367461283
9788367353564
9788301249021
9788328190559
9788383884455
9788383601274
9788327126672
9781787460805
9788328733824
9788382307979
9788383588001
9788367217408
9788383962511
9788382413281
9788328172210
9788379126125
9788328906341
9788380597105
9788368087208
9788382309737
9788368263459
9788375799378
9788381505246
9780241573723
9788328731752
9788311177918
9788380592650
9788327168573
9788383013374
9788379159505
9788381352949
9788325345563
9788375178890
9788328077652
9788368135060
9788379324866
9788382950748
9788364278464
9788366526730
9788382511024
9789664480847
9788328046184
9780241583159
9788381726511
9788383624778
9788383717456
9786176798033
9782070585212
9788382826449
9788368087024
9782070365371
9782266215121
9780141392301
9788367925686
9788378876304
9788367891554
9788381438025
9781784872854
9788325335137
9788324649679
9788367178266
9788368175189
9781405933124
9788384240809
9788383711133
9788383381664
9788382411515
9788382724325
9788368218015
9788383829197
9788383108216
9788328171480
9788366969629
9788368087093
9788382138245
9788381690775
9788377408773
9788383585673
9788380328105
9788382650648
9788367816977
9788381013697
9788328736429
9788321350745
9788383821597
9788377762653
9788383011240
9788383303420
9788383910710
9788382133783
9786171513945
9788384250969
9788380082441
9788382523515
9788310140760
9788382409826
9788383017648
9788382316872
9788384240144
9788328724563
9788327106018
9788383624303
9788382527131
9788383192673
9788311186637
9788368317725
9788367757003
9789664485286
9788381066808
9788383602820
9788381816786
9788382726916
9788362521012
9788375765700
9788301235017
9786175230992
9788367515528
9788382107081
9788326827884
9788382310504
9788383105505
9788383573731
9788383611112
9788328726581
9788378453666
9788365650245
9788368367911
9788383199030
9788382891089
9788380384026
9788368381832
9788381729284
9788380316416
9788364565984
9788328091542
9788383295480
9788324088690
9781728276229
9788366460416
9788328914254
9788310139740
9788383215723
9786175483831
9788382313178
9788368371246
9788382527087
9788383306865
9788381354127
9788366586000
9783836957250
9788325338633
9788328350816
9788367996044
9788311179684
9788383714523
9788383307190
9788383900711
9788327739919
9788382604610
9788408265023
9788328932791
9780008606190
9788301230425
9788368610741
9788384171301
9788324068593
9788381885591
9788383617725
9788383189260
9788308086780
9788381886048
9788384173855
9780552576338
9788328162532
9788327165244
9788383198057
9788365891808
9788373272675
9788320057935
9788325346812
9788382072372
9788378453550
9788301239442
9780008613082
9788382898286
9788383902920
9780008244095
9788382658644
9788382413038
9788320060522
9788380576896
9788325345983
9788327167361
9788382317619
9788382652734
9788383878577
9788384021644
9788383153919
9788383625560
9788383298399
9788379157051
9788367788908
9788368135862
9788328153752
9788327166357
9780134988436
9788383875422
9788324092901
9788366603479
9781783446476
9788328162792
9788328733633
9780857504791
9788395799419
9788382025330
9788383602691
9788383876412
9788381755689
9788383219226
9788383601694
9788383356976
9788324073863
9788325307707
9788382952322
9788382722383
9788311185029
9788366671898
9788368283778
9788381690607
9788395954788
9788384391419
9788328092525
9788301221324
9788367823005
9788382311976
9788395084331
9788373996892
9788382406924
9788383803111
9788381327114
9788381959865
9788383090993
9788383613468
9788328901483
9788383104485
9788328913363
9788382655667
9788375179644
9788308085295
9788382083743
9788310144539
9788381811736
9788382132564
9788381503150
9788328116900
9788384300138
9781509843169
9788368283051
9788382070972
9788381754293
9788367805094
9788383872957
9788383676661
9788381292528
9788382573657
9781784871598
9788374430432
9788381812160
9786177940622
9788383820163
9788327163257
9788376607153
9788383572994
9788324090679
9781399820424
9788375179095
9788382312218
9788379647309
9788365808141
9788325339388
9788368516685
9788381431224
9788328731059
9788328905245
9788381886956
9788383294551
9788381952149
9788328718241
9788381146906
9788384181683
9781529013030
9788383856384
9788324090631
9788308083246
9788301193928
9781785044762
9788375173932
9788366481619
9788383520360
9788367247221
9788383522029
9788382082661
9788418118036
9781407199634
9788383522784
9788381918350
9788327166128
9788384022504
9788370208660
9788381860000
9788328914926
9788382310016
9788384023372
9788367710190
9788328901506
9788366356382
9788366436893
9788368383850
9781784875732
9780718186647
9788383520261
9788383213293
9786175483534
9788324048977
9788301235871
9788498890433
9788328096950
9788383900551
9788379324187
9786175483848
9788383910222
9788384160916
9781408855676
9788382650990
9788324083367
9788383189932
9788382028072
9788383013381
9788383801742
9788433973306
9788366328549
9781474967556
9788383521534
9788327672827
9788368283471
9788395682445
9788382495058
9788328907119
9788383211954
9788325338756
9788368158267
9788381757072
9788381505765
9780241485781
9780349429465
9788381813419
9788375177084
9788382741261
9788320040326
9788394185305
9788365601698
9781447212591
9788326845932
9788382664959
9788368283648
5902650610194
9788328925168
9788382728125
9788384490297
9788382313734
9788301198039
9788391488218
9781847498632
9788367071796
9788308069493
9788383717012
9788360685501
9788324063949
9788328153110
9788326839849
9788382728897
9788381390989
9788383215266
9788379648719
9788383877716
9788328928152
9788383432915
9780099511687
9788367075251
9788382657579
9788368227574
9788324099375
9788379542789
9788373394155
9788366729223
9788367327411
9788383351186
9788367889247
9786171292864
9788396847874
9788383199276
9788384253090
9788382933260
9788384023358
9788381012607
9788384302378
9781398518162
9788382662030
9788383589138
9788325335113
9789664480465
9788384173770
9788301218874
9788393261406
9788382076769
9788370209674
9781847495877
9780008586928
9788382520743
9788328730571
9781847497581
9788373271845
9788378878858
9788375178104
9788328085008
9788382033397
9788382623680
9788381684682
9789664485408
9788311184855
9788327716248
9788375177015
9788382033410
9788383104096
9788301242015
9788367805285
9788365780034
9788382727821
9788366380295
9788367247603
9780241630884
9788381512077
9788383712345
9781292119625
9788328732353
9788301230050
9788328170018
9788320053388
9780345421456
9788372248992
9788408167730
9788328073388
9788368283815
9788383381534
9788375172225
9781526681447
9780141354224
9788326823787
9788311175341
5000000042531
9788375171044
9788328917248
9788382133356
9788383574066
9788383715957
9788320043938
9788382075021
9788380630697
9781784160630
9788384182413
9788383856346
9788301230470
9788328739086
9788327660923
9788383715759
9788375176308
9788327661982
9788377854778
9788366356610
9788328907003
9788366762145
9789666799602
9788381506557
9788382025392
9788328166127
9788368692433
9788383614045
9789669153463
9788377478622
9788381069151
9788367891257
9788380385115
9788301233334
9788310143709
9788327661265
9788327687890
9788381507462
9788368549010
9788375659221
9788323345701
9788380745803
9788365168139
9788382342406
9788379154265
9786177537556
9788301178000
9788368045512
9788384174630
9788383874500
9788381038577
9788328920675
9788382494860
9788383803227
9788328930667
9788383380322
9788383871004
9788367834759
9788326843327
9788384291481
9788367016155
9788380598683
9781408711392
9788383434841
9788366057579
9781408899298
9788366939158
9788382652468
9788324068937
9788364859694
9788307036328
9788383190716
9788382081336
9788397575325
9788324087792
9788381476812
9788384026670
9788327696960
9788368549478
9788368395549
9781292142265
9788328127821
9788383381107
9789664484913
9788383822396
9788381148962
9788383156385
9788368262391
9781510105263
9788382725285
9780008114893
9788383198231
9788383878744
9788323354994
9788325342012
9788384411919
9782017116431
9788310136305
9788382990966
9788396660190
9788381436625
9782381220048
9780141196770
9781408351758
9788381729970
9788383222790
9788383381381
9788310139399
9788368516654
9788383106540
9788383531625
9788375657630
9788328921962
9788367816984
9788383382388
9788368370300
9780340963722
9788382952865
9788383913537
9788328170469
9788384300664
9781529443691
9788383575568
9788366520356
9780241387894
9781529095371
9788328168350
9788301230906
9788326841736
9788327127266
9788328384491
9788382744514
9788382134889
9788383741741
9788374092241
9786178277376
9788384183458
9781473226401
9788366416260
9788383352169
9788368468083
9788327292117
9788368059014
9788368639216
9788384065099
9788368267617
9788383217741
9788328730694
9788324095285
9788326840180
9788368371796
9788383672533
9788324099382
9788383820804
9788380380844
9788383209173
9788368364897
9788377760239
9788382080643
9788383875767
9788368132700
9788320061901
9788328161627
9788328933231
9788382951486
9781760630737
9788368317718
9788383628271
9788381883207
9780241988657
9788328920989
9788381727129
9788383384252
9788368180718
9780241471258
9788324068289
9788383612133
9788379159703
9788383804064
9780241630860
9788367500227
9788328170049
9781847499127
9788379325139
9788311134744
9788381684835
9788383961118
9788383354583
9788328920262
9788383904153
9788327168016
9788383521350
9788368189544
9781847493439
9788308083680
9788383874791
9788383522470
9788382663211
9788301225827
9788382996951
9788381814331
9788368464047
9788381882224
9788365271129
9788368610192
9788382032994
9788383627762
9788328058675
9788383613895
9788381885003
9788383192239
9788324072927
9788311174436
9788382020427
9788383381985
9788382626087
9788311177666
9788384382844
9788368367300
9788383821856
9788301198053
9788324088430
9788383885018
9788383715742
9789669791290
9788371348815
9788308081068
9781784875725
9788367069748
9788375173260
9788365400161
9788382950854
9788368132724
9781398547421
9788382343229
9788383199368
9782743652920
9788383611105
9788382660173
9788380576605
9788381326001
9788380085664
9788382520125
9788368383676
9788383211268
9788383717470
9788381393249
9788367137072
9788383875798
9788327738141
9780141986500
9781509827800
9788367308205
9788382080315
9788328924161
9788379124787
9788328906303
9788384258880
9788367974462
9788383188584
9788368419139
9788368226706
9788367757737
9788310140661
9788380746343
9788383227825
9788308085738
9788380386518
9788328924802
9788368180527
9788483234983
9788378866978
9788382656336
9788375177589
9788328151840
9788383961545
9788384172780
9788301227852
9788301228088
9788382136739
9788383184098
9788368021691
9788366630338
9788368240986
9788383629520
9788327696533
9786178253523
9781783440054
9781292218168
9788381434614
9788380756137
9788383802572
9788367616331
9788324087358
9788383618326
9788419654076
9788328052086
9788381919791
9781399803953
9781408864043
9788383305004
9788383800868
9788368005097
9780140340716
9788366599666
9788367178112
9788327170002
9788367996884
9788383352558
9788327747297
9788368144826
9788365112071
9781474995467
9788382657333
9788382650631
9788382723250
9781974710027
9788381911344
9788328922112
9788381436205
9788408206880
9788383961460
9780752884615
9788377440834
9788328190528
9781409597698
9788367727990
9788367948395
9788383905198
9786171516618
9788384258934
9788383197241
9788384390436
9781909621534
9788383870908
9788328933217
9788382727883
9781509825448
9788368542219
9788324411641
9788383610795
9786178120344
9788327658517
9789661090216
9788368043273
9788328390645
9788381273343
9788325315115
9788327687555
9788383674988
9788367195003
9788328919297
9788380574267
9788368295283
9788366338838
9788381811484
9788328921405
9788328902619
9788396729071
9788383574790
9788383673592
9788382750973
9788383802671
9788381885904
9788383713939
9788386293759
9788383804224
9781399713771
9788370209728
9788310143167
9788327126610
9788382620344
9788383353883
9788383908694
9789669153579
9786178178611
9780141376660
9788381149556
9788379126361
9781836043416
9788368144901
9788301191573
9788367710480
9788381393171
9788367845496
9788327162113
9783551557438
9788301235482
9788384301166
9788383295763
9788383961644
9788382660418
9788370209902
9788381884457
9788384301289
9788373778825
9788367715386
9788327168153
9788382154979
9788326836022
9788367178365
9788383621067
9788383521794
9788328913868
9788368218244
9788377407134
9788308083901
9788383182520
9788383382906
9788383214924
9788382070767
9788329101332
9788384176382
9788380155169
9788301229030
9788367515740
9788383198729
9788382316902
9788311174030
9786175232729
9788383857992
9788380748835
9788377407479
9788328327801
9788368267655
9788311178366
9788380794283
9781409324911
9788308081815
9788308073056
9789664484463
9782072882517
9788383824802
9788382527353
9788328170070
9788366699731
9780241662267
9788382997705
9788328169821
9788368191158
9788383103358
9788368549003
9780141339146
9788382743753
9788323775430
9788311166691
9788383350394
9788368218183
9788382070347
9788367324878
9788383852218
9788383191591
9788384250365
9788380383630
9788327163059
9789669153210
9788382663686
9788382891904
9788310138088
9788383909462
9788308062166
9788381754590
9788382659214
9788898433278
9788382623758
9788383357461
9788328174931
9788368226812
9788368344073
9788383381596
9788394950552
9788382341836
9788383870311
9788368021103
9788328180116
9788395523274
9788328162303
9788308084878
9788382952162
9788381687935
9788367195812
9788381294942
9788368800128
9788328732490
9788326222382
9788382524901
9788308088296
9788365170798
9788324089918
9788382070897
9788368242348
9788301223564
9781405940078
9788368516647
9788383521381
9788380756823
9788382498479
9788383674674
9788324040919
9788381326469
9788382999389
9788328118980
9788373277410
9788308073063
9788397136137
9788328154858
9788368180466
9788383910970
9788367335874
9788367513791
9788381725255
9781847493866
9788382134667
9788382725247
9788367788878
9788379126408
9788381442664
9788383875682
9788368562613
9788380624566
9788327168627
9788328911550
9788381505871
9788384174203
9788365400253
9788382657487
9788383181400
9781398707672
9788375176728
9788384182017
9788383012278
9788383909424
9788328740990
9788366661424
9788383624747
9788383912813
9788383961811
9788328175037
9788381506250
9788311181250
9788327738530
9788383854793
9788326845734
9788326840203
9788367094450
9788367515580
9788367075916
9788367788670
9786171516397
9781526628237
9788382308402
9788328721234
9788368536317
9788383380483
9788363156817
9788375765762
9788375767797
9788301243043
9788311182868
9788328917842
9788367240291
9780135667859
9788328918054
9788382075014
9788367176774
9788367889155
9788383103471
9788381503136
9788375179101
9788384174807
9788375799897
9788383304182
9788383802909
9788383191836
9788381442213
9788367178488
9786180542967
9788326827136
9788380493803
9788324030507
9788396799531
9788328162174
9788382315868
9781447202790
9780008244125
9788383158105
9788382032437
9788379157686
9788383913315
9788301225292
9788395681660
9788328169784
9788377798102
5902277315281
9788383200170
9788388185540
9780141376646
9788368382440
9788370207144
9788367121484
9788383627571
9780134105109
9788381435703
9788377858691
9788325337551
9788368053210
9788368692709
9788324059683
9788383524016
9788381325370
9788366074934
9788383742021
9788380597198
9788368283426
9788301203610
9788383219202
9780241641378
9782070426652
9780241384954
9788382028546
9788383383088
9781445182520
9788377762585
9788328907959
9788328360259
9788373273542
9780813232973
9788301195250
9781974720750
9788328164710
9788301245498
9788381448093
9788367925716
9788364505195
9788383158464
9788383522807
9788383351537
9788367690324
9788377058787
9788328092709
9788383190938
9788384390313
9788384250525
9788384063804
9781529023022
9788383990354
9788310138972
9780134818146
9788301234638
9788383962672
9781587204326
9788383870823
9788383911076
9788381443272
9788328904187
9788328155695
9786178318048
978837014825601
9788383193328
9788383524122
9788301198794
9788073533205
9788328911697
9781805312734
9788383871356
9788382953121
9788383751214
9788328171787
9788380362857
9788328925175
9772080771415
9788323747741
9788382314557
9788383183534
9781974710034
9788383436272
9788378877653
9788383181677
9788383670195
9781529386592
9788383811437
9788324068241
9788383353661
9788382951530
9788324095773
9788383871783
9788301217013
9788328734814
9788383900353
9788320055993
9788326823053
9788383226910
9788377760253
9782070626137
9788368302486
9786175484722
9788328935600
9788382304398
9788324401345
9788382139020
9782070545728
9788377760376
9786178286330
9788381012072
9788382995985
9788380693463
9782070108763
9788367520782
9788367925761
9788368549928
9780241597330
9788395498190
9788380748576
9788381445290
9788383716732
9788088403203
9788383104867
9788368479836
9788381756884
9788373779426
9788310139887
9780349440712
9788311183261
9788364505690
9788382083125
9788384183113
9788379325320
9786178253035
9788375174489
9788382995619
9788383671338
9788368227734
9788366416642
9780241334348
9788382250091
9781800783027
9788324096299
9789664484173
9788324093496
9788382411157
9780008589110
9782070344543
9788382024746
9788384171714
9788311183032
9788367817578
9788382136333
9788382891355
9788377384244
9788382313741
9788328167506
9788381298162
9788366285613
9788383990378
9788368302363
9782070423088
9788382073874
9788381753951
9788383183688
9788384380277
9788381195652
9788311174948
9788383292779
9788380744851
9788382410518
9788397176829
9788383602318
9788366526204
9788382581034
9788383876696
9788383612775
9788310142955
9788383623467
9788384186091
9786171515383
9788320064261
9788328154070
9788384185179
9788383626710
9788324234820
9788367353304
9788382402148
9788367102247
9788328924970
9788383019925
9788383751894
9788368227024
9788383380728
9781408897430
9788382522433
9788320040005
9788324067541
9788381754583
9788383711539
9781408866153
9788383913674
9788381442473
9788367530736
9788383183589
9781449389628
9788383096643
9788370209797
9788376323077
9788308048894
9788328173019
9788382950571
9788367555425
9788382467871
9788368589818
9788379154623
9788382663709
9788365400079
9788324074006
9780008641580
9788397128149
9788320060140
9788382952520
9788370209186
9788373272170
9788367121859
9788375171068
9780241959756
9788382994049
9788395889738
9788383857831
9788368189537
9780141979229
9786171508811
9788368479850
9788367815888
9788384172537
9788383229133
9786178076009
9788324088805
9781784876647
9788382034349
9789403215112
9788327165190
9788308088746
9788328067776
9788311187047
9788367324809
9788383105758
9788383640488
9788382729030
9788308088425
9788383190075
9788384258118
9788328094772
9788375684612
9788382740196
9788368258875
9788382529760
9788328928794
9788381353359
9788370207366
9788378863021
9788327127150
9788328155664
9788383821818
9788328931091
9788366707276
9788377760833
9788381879163
9788366749689
9788382316339
9788383623023
9788383355320
9788382107180
9788308083956
9788328153929
9788381885539
9788383854151
9788383820644
9788383908335
9788382932935
9788301195571
9788383297088
9788328157286
9788320051469
9788382896299
9788327169495
9788382628050
9788383741918
9788382626124
9788370207809
9788383913872
9788383911120
9788328924185
9788383822167
9788370147884
9788383290461
9788382582048
9788327165077
9788383170701
9788375782066
9788382224276
9788328098039
9788328700697
9788396578679
9788379994502
9788381506762
9788383673615
9788383356891
9788301142049
9788397162846
9788368053388
9788382890426
9788324090266
9788383871868
9788367996914
9788324070336
9786176791539
9788384180143
9788378874522
9788328169838
9788382081671
9788323348023
9788383018157
9788325341244
9788382314625
9788368542394
9788324067756
9788382082975
9780141036137
9788383385020
9788368226959
9788381549943
9781408373385
9788366890763
9788382084382
9788383641690
9788381884587
9788377760185
9788308084960
9788367793582
9783931154301
9788383801797
9788382726572
9788370148805
9788368217315
9788383523583
9782070422494
9788380384064
9788379323869
9788367023214
9788383523156
9788327671288
9788301244309
9788310140814
9788324094639
9788327658661
9788382656183
9788328177086
9785041049423
9788301243098
9788394774691
9788382307818
9788383734033
9788301243579
9781474991797
9788367150149
9788383012698
9788373394254
9788382729047
9788382134711
9788383870793
9788328906334
9788383740300
9788382658767
9788384250433
9788301225346
9788383626703
9788324094165
9788377797587
9788383357935
9788324088744
9788365341464
9788375659016
9788382084085
9788383298580
9788311180505
9788327699626
9788367069984
9788383576572
9788370208271
9788397677227
9788382952513
9788382663181
9788301231484
9788324099962
9788366338425
9788383677378
9788328729865
9788328922259
9786171512788
9788368265385
9788382744323
9780241400227
9788380576643
9788368226393
9788383291031
9788328914742
9788382139280
9788383611310
9788383579719
9788301235857
9788384060391
9788383618364
9788382136135
9781452183008
9781911624431
9788383107134
9788368189483
9786178318895
5901752784406
9788383521916
9781292360836
9788301231149
9788381719926
9788383018102
9788383619378
9781784871574
9788328728516
9788379151370
9788383872018
9789669939913
9788379324255
9788383628837
9788328735996
9788374372350
9788308085509
9788368589696
9788328170650
9788383522982
9788395682438
9781474998987
9788374379502
9782253161202
9788375176070
9788384172681
9788383105635
9788328090972
9788383103167
9788308086148
9788368263022
9788382896251
9788366526198
9788367135177
9788383304014
9788384182055
9788383382128
8590228039606
9788328921450
9788310143556
9781292286877
9788381414869
9788382741049
9788368109795
9789664484494
9786171508965
9788370207571
9780241301913
9782330171575
9788366177291
9788365807205
9788368560190
9788368227666
9788383856049
9788383912424
9788368591064
9788382137859
9788383622675
9788328911680
9788382997903
9788382657425
9788381145992
9783125570054
9788380621978
9788383210124
9780241331057
9788324092765
9781529392760
9788301218249
9788380082281
9788382313758
9788382867138
9788377131640
5900336013642
9788384254202
9788382654233
9788308084540
9788386581139
9788328164659
9788382402421
9788367974103
9788382408577
9788368350159
9780091944209
9788382026320
9788368383867
9788381108713
9788397263338
9786178076061
9788383016375
9788327108210
9786171512641
9788383881874
9786177960279
9788383211596
9788383351056
9788377050392
9788382581737
9788368262384
9788378866770
9788381326483
9788367815420
9788378868743
9788383741246
9788383013770
9788310144669
9788383157825
9788383430249
9788327686497
9788368364828
9788382026382
9788383882673
9788301164416
9788367974363
9788328907317
9788326735820
9788383750620
9781529115727
9788301247577
9788383185132
9788383215297
9788378868576
9788368121872
9781035920914
9788327126665
9788383880266
9788328178458
9788368121209
9788367793070
9788383216003
9788384290255
9788328190535
9788367513890
9788383301457
9788382893007
9786177688036
9788396649218
9788381446402
9788383216287
9781335534620
9788383859460
9788328911567
9788383015736
9788328912342
9788383585956
9788382498769
9788382158168
9788308083918
9788382995718
9788367295956
9788367834209
9788382933284
9780241591314
9788383602141
9788328164765
9788308086629
9788311176164
9788368228427
9788382301915
9788311175020
9788381504577
9788384300657
9788325347116
9788368338249
9788383851693
9788383382142
9788384380000
9788383904542
9788383875651
9788308085899
9781802063271
9788380085152
9788383981055
9788327747570
9788394774639
9788328913196
9788383199511
9788327169723
9788381758123
9788383011516
9788380590847
9788382996814
9788383876382
9788383601885
9788328190047
9788327659538
9788383621999
9788382084290
9788368218879
9788376729534
9788382342246
9788383186184
9788381061643
9788367195195
9788367247498
9788382582321
9788301209438
9788383716831
9788382136890
9788368144925
9788383015804
9788382495683
9788383355924
9788367323253
9788382662986
9788377797372
9788366839229
9788383627588
9786178441173
9788383185385
9786177688487
9788366500525
9788366057609
9788301239411
9788370208288
9788328738874
9788326841422
9788383191881
9788383381817
9788366520387
9788320062908
9788381886178
9786178387785
9788382135114
9781405961899
9788310139450
9788384490280
9788366278745
9788372974068
9788382657678
9788368364880
9788328908291
9788383158143
9788328911161
9780241647325
9788328092587
9788383851686
9786176791492
9788384183847
9788327163080
9788383522395
9788308083086
9788368205640
9788383641775
9789669152923
9788382305524
9788382403503
9788327711632
9788382409369
9788383678375
9780008209100
9788325345594
9788366325203
9788308061633
9788328909229
9788375178197
9788379326297
9788370205805
9788383351971
9788380577114
9780063373709
9788383302744
9788383520063
9788368692785
9788381441957
9788383150833
9788383150796
9788383714257
9788301235260
9788310139764
9788368364163
9788308088128
9788381107228
9788382993851
9788381727747
9788381294164
9788301237660
9788367555692
9788381882439
9788366815124
9788311174368
9780135173794
9788381688987
9781509827831
9788373837690
9788365773968
9783866475625
9788383381114
9788368181098
9788320057386
9788328167636
9788384173688
9788371345623
9782253071266
9788301226954
9780140279405
9788328153097
9780141192444
9788367016971
9788301242428
9788383624839
9788383576480
9788418173127
9788375178814
9788326813870
9788324088836
9788328935075
9788383880228
9788384026793
9788381724784
9788383820361
9788383294506
9788368561074
9788383522746
9788382650457
9788383214306
9788366715516
9780008639105
9788380383739
9788327127822
9788383214443
9788360169032
9788396278968
9780007527519
9780273781363
9788384063361
9788382139198
9788328168411
9782070417681
9788382524673
9788383436425
9788381437646
9788383212739
9788383352145
9788383962818
9788383215846
9788367900003
9788328731462
9786171507975
9788384022382
9788301240530
9788311167636
9788368240160
9788383181776
9789664482445
9781784871741
9788366555099
9788418173158
9788328385061
9788382582086
9788380650763
9788308081365
9788301243937
9788310140050
9788328732360
9788368084443
9782330135614
9788379648498
9788383505770
9786177989003
9788368267204
9788368191110
9788363803957
9788383628875
9788383018614
9788383719399
9788301223403
9789661004015
9788383624327
9788367515627
9788383719047
9788380082823
9788383011608
9788367759281
9788383712321
9788328908161
9788383981154
9788381681360
9788383640990
9788311179127
9788380387898
9788382026580
9780241515174
9788311173729
9788381812962
9788383913810
9788396314901
9788383870854
9788382722482
9788328927018
9788384250693
9788381418683
9788328918542
9788325344108
9788370207625
9788382526516
9788366837867
9780241376928
9788375657166
9786171298866
9788311185999
9788381085144
9786171508071
9788397190849
9788384029541
9788382405859
9788368068740
9788367513807
9788328900844
9788327163073
9788382662856
9788382083651
9780435905408
9788328093157
9788383307602
9788368180343
9788328925014
9788383226453
9788382525861
9788381757393
9788368295153
9788383522586
9788328161887
9788367925075
9788320063233
9788382891928
9788383353234
9788363855611
9788365087850
9788381885140
9788384290088
9788384250884
9788311167339
9788301227524
9788853631244
9781408865262
9788383505244
9788375782080
9788368647341
9788326837814
9788363841591
9780349437989
9788328159037
9788368536737
9788383601977
9788368591279
9780789758309
9788327128041
9788378865445
9786178318802
9788367353427
9788383910048
9788383751689
9788363424879
9788381327312
9788382034677
9782253177678
9788328165250
9788367341349
9788383912349
9788301158996
9788373271852
9780241182611
9788365650344
9781405061261
9788384025185
9788368419344
9788327104380
9788327496492
9788383742250
9788383182988
9788380746640
9788380383302
9788382525007
9788381728621
9788383180229
9788382528565
9788374761765
9788367219198
9788379126187
9788327127570
9788301236014
9781638582106
9788327128126
9780141041759
9788311183971
9788366866140
9788368181395
9788373271944
9781847496140
9788367925822
9788301234102
9781473222069
9788383380926
9788308086667
9788367663601
9788368350678
9788383876986
9788379156177
9788301244255
9786175480298
9788367974899
9788381167512
9788324087150
9788381354004
9788383621173
9788379157785
9788374809191
9788301239190
9788328090965
5906154099493
9788377799703
9788383621081
9788301228033
9788367639385
9789669153159
9788328060128
9788383911113
9788383618333
9788379660810
9788324234516
9788380080126
9788311185630
9788366462038
9788301226053
9788384184479
9780007925551
9788382317329
9788383712246
9788382740066
9788381504362
9788381724975
9788381755450
9788328161900
9788383627830
9788381860086
9788301231637
9782070348329
9788308088562
9788382029352
9781407169668
9788383190143
9788383010021
9788382409376
9788366555631
9788308081624
9788327127693
9788328732179
9788308088807
9788853635044
9781974720149
9788381325349
9781444951387
9788368218022
9788383902951
9788383602813
9788366964495
9788328729933
9788382305791
9788383014951
9788324099412
9788301196561
9781474990691
9788365401786
9788383213521
9788383380445
9781909621817
9788382076981
9788367135108
9788383420455
9788328163119
9789664484944
9788325349639
9781800784031
9788381918725
9780571230938
9788379672905
9788392491750
9788383588995
9788368295399
9788324086863
9788381757935
9788324089604
9788381505345
9788383090412
9788382227529
9788381919463
9788301166649
9788383192086
9781841883755
9788383820040
9788384063576
9788301238490
9788381069915
9788373271821
9788301243524
9788368097092
9788382136425
9788328072633
9788367931755
9788328727854
9788383357539
9788383291260
9788311184916
9783423218900
9788382663471
9788383019130
9788328721081
9788328393349
9788383827308
9788321349800
9788381913553
9788383907956
9788311175884
9788380384767
9788384182024
9788324098088
9788380328150
9786171513532
9788368044874
9788379646784
9788308085523
9788367334839
9788381751100
9788327169396
9788383822549
9788311173903
9788328911420
9786177989225
9786170993410
9788367834087
9780241686539
9788380745155
9788325347253
9788382744491
9788382033458
9788382651782
9788384291511
9788382495379
9788383603254
9788382308341
9788367616959
9788381434966
9788366644083
9788410048980
9788382953527
9781804947203
9788328169470
9788381685887
9788326845895
9788382653885
9788379716487
9788383618425
9783442243501
9788381884570
9780435895983
9788381410922
9788327669612
9788328155800
9788328167025
9788367925235
9788383715162
9788363559663
9788384062197
9788362744473
9788325343712
9788383910406
9788367212373
9788383900773
9788301218973
9788384440407
9780241509708
9788383214337
9788383612447
9788368370911
9783730614167
9788327106780
9788368380323
9788366022577
9788328169081
9781526686824
9788381415507
9788301242770
9788328903944
9788382136814
9788367668538
9788328096875
9788320065985
9788419654953
9788383621555
9788324089161
9788328171312
9788368350739
9788382652451
9788324412167
9788378874768
9788360689431
9780199538089
9788382664072
9788383354590
9780261103344
9788326494727
9788383902555
9788324085132
9788327686701
9788327169808
9788377293607
9788381354486
9788383216829
9788381886383
9788382898477
9788382727449
9788368370485
9788418173134
9788328171572
9788320045314
9788365773302
9788367341134
9788328900592
9788379125838
9788382023930
9788368382532
9788383105949
9788327164322
9788324094189
9788382528268
9786171516564
9788301223328
9788396458292
9788383108452
9788327714848
9788375179019
9782070642038
9788383189086
9788366173071
9788368591002
9788382806823
9788381884709
9788328730236
9788382524802
9788380329706
9788301207205
9786178115791
9788382995770
9788383870663
9788367237703
9788321117768
9788367805339
9788367204057
9788368068788
9788382993868
9788327168351
9788324072996
9788368283846
9788328913523
9781785039737
9788382529197
9786171513921
9788328901551
9788383741307
9788381917728
9788382654547
9788384029084
9788383504834
9788382899696
9788370208752
9788328907034
9788383357584
9788383358048
9788381353205
9788383612201
9788367353359
9788381918589
9782253161547
9788301247621
9780008129521
9788311180239
9788381415538
9780582236998
9788379324354
9788382070354
9786177395965
9788368053098
9788308083888
9780134609478
9788383853659
9788366147188
9788383912905
9788383015781
9788328303577
9788366234949
9788382663655
9788381418898
9788328190115
9788382134162
9788377799086
9788382411751
9788384440254
9788368033809
9788383610214
9788327680648
9780008340230
9788382081619
9788328724570
9788366178694
9788382656985
9788383882055
9788380383678
9788378457480
9781035437030
9788365964182
9788324155668
9788301245665
9788382413175
9780241621240
9788366560048
9788368044782
9788326836886
9788379648481
9788367859424
9780008590185
9788379325214
9788382527674
9781542020787
9788327415264
9788384021743
9788327163387
9788382152999
9788381885942
9788308088395
9788368402087
9788368033250
9788328079755
9788381439336
9788383433448
9788382749489
9788368471502
9780007489466
9788328067790
9788382528718
9788368263398
9788383293431
9788368069068
9788383614281
9788380620513
9788383433479
9780241970478
9788368302639
9781526624512
9788366234611
9786176799481
9788382081374
9788382224153
9788381353717
9788382029499
9788383875453
9788301224899
9788383960920
9788396032478
9788383521589
9788383614137
9788381714976
9788379646456
9788367237000
9788384350249
9788384180457
9788368317343
9788379325962
9788383621340
9788368352177
9788383677903
9788383908113
9788379716838
9788375176438
9788375616880
9788328927322
9788328910669
9781398516434
9788384381762
9788324090051
9788320064766
9788381507851
9788384254240
9788308085592
9788383875804
9788383618319
9788368283044
9788383433547
9788383885483
9788394027827
9788367996273
9788324087402
9788320060607
9780552573764
9788397121232
9788384171318
9788433925244
9788383612737
9788308043707
9780241620243
9788381757515
9788383504902
9781472295972
9781408364062
9788382025651
9788383306643
9788383158310
9788366285361
9788328915589
9788383615424
9788377888100
9788370209131
9788383505497
9781804955970
9788382652765
9788328732247
9788383671406
9788367402125
9788383875316
9788366329959
9788367195386
9788325341206
9788368611892
9788383303031
9788382745436
9788368258776
9788366762732
9788328913943
9788384273319
9788382073188
9788384184394
9788380362864
9788378989820
9788383188577
9788382790672
9788380329027
9788328167797
9788327164278
9788383878249
9788368240146
9781509844548
9781847496249
9788383676869
9788328169128
9788382725599
9788328923478
9788394678647
9786177940288
9788383218212
9788383616377
9781638589372
9788328388000
9788383500867
9788382527216
9788380985513
9788328174481
9788368262551
9788382751369
9788328169579
9788327168375
9780349442839
9788383852423
9788380087613
9788380656871
9788328901162
9788383878942
9788380599871
9788383719429
9788383014456
9788382581348
9788383572628
9788324095896
9788384180174
9788329113953
9788381715072
9788328345898
9781638589341
9788367949170
9786178650155
9788375799132
9786175482575
9786171516632
9788367343657
9788383381220
9788382020564
9788327159151
9788320053555
9781405941617
9781526635228
9781399821339
9788388435171
9788324411207
9788375700718
9780552174794
9788368367126
9780241745168
9788383294469
9788395752032
9788324061945
9788301237929
9788327163585
9788367784474
9788381504546
9788327669728
9788383183206
9788368610789
9788381232463
9788327687920
9788328914216
9788325345617
9788383433011
9788383293394
9788324088270
9788383676715
9788327163974
9788308086421
9788396465801
9788368473346
9788311175921
9788381718127
9788382028607
9788383718965
9788323353355
9788382343649
9788383434117
9788328399211
9788327126276
9788397575301
9789664481011
9788301221362
9788367859844
9788328157521
9788413390987
9788383906119
9786177968077
9780241454138
9783736320857
9788383532240
9780008289164
9781787462458
9786175484593
9788366310988
9788383383293
9788301234621
9788367512862
9788381715119
9781526676511
9788301242602
9788382894622
9788383436241
9788368087185
9788380089976
9780008649555
9788368479188
9788370208882
9788328173071
9788383223339
9788366753679
9788382310313
9788382033113
9781529110777
9788370209407
9788382581485
9788381728065
9788381918756
9788368560114
9788382073591
9788466373173
9788367813327
9788368364170
9788380578500
9788383296906
9788382894806
9788328178267
9788308081785
9788382034530
9780134319032
9788375173468
9788326841101
9788324055913
9788308088210
9786178318055
9788383150789
9788383108902
9788375799743
9788383295732
9788365480958
9780241985489
9788368302349
9788382891874
9781509839483
9788383352008
9788368344028
9788320065756
9788381448697
9788375657067
9788382028577
9788383910536
9780241411544
9788366243361
9788311175228
9788382628159
9788383751252
9788328162037
9788384160879
9788301164010
9788368468700
9788383909691
9788381591737
9788384025840
9788383877280
9788383962061
9788382411805
9788368240078
9788328736191
9788327696786
9780134850016
9788328149878
9788380971301
9788324096688
9788377798638
9788328161528
9788326826412
9788383911977
9788328155787
9788377311271
9788368084344
9788380384033
9788383715421
9788367498005
9788368205701
9788367727143
9781408729885
9788367335188
9788328155732
9788328731363
9781526617163
9788381724043
9788382132984
9788382656909
9788323740308
9788328398054
9788382742916
9786171514096
9788383877709
9788382808841
9788328914766
9788383674117
9781408855713
9788366285132
9788382028553
9788324074785
9788308083574
9788383822785
9788379158584
9788327660947
9788383012292
9788320063417
9788382896800
9788382895322
9788368352153
9788377408766
9788383290911
9788382899054
9788377859940
9788384411933
9788368227468
9788368045468
9788368223354
9788301240325
9788381913881
9788383356990
9781787466166
9788328085169
9788384173879
9788383350363
9788328735934
9781405992008
9788384171240
9788383215969
9788379158539
9780552579186
9788381516136
9788366753921
9788396349606
9788366053403
9788301215187
9788380593336
9788368226263
9788308081761
9788384256428
9780241386736
9788383619866
9788381446617
9788367022071
9788382227468
9788301221836
9788327165060
9788382524529
9788326843259
9788328097940
9788384183748
9788368625028
9788384360019
9788383913001
9788383356235
9788367069465
9788366356429
9781032030609
9788395397561
9788383356907
9788324055104
9788366750968
9788393217878
9788301249359
9788373274228
9788310139818
9788383670706
9788381720939
9788328152359
9788366325760
9788381884761
9788383522630
9788380744714
9788381393652
9782253004011
9780063351745
9788382407532
9788381814713
9788381950428
9788328921306
9788383859347
9788382108019
9788381756808
9788383850429
9788328929760
9788367054621
9788366625198
9781860499821
9788310145000
9788383534121
9788382526882
9788383108773
9788382725582
9788383587158
9788382032635
9788382664423
9780571330133
9788368516340
9788328919792
9788384020043
9781398525047
9788397307933
9788383215839
9788384171998
9788327126917
9788383350707
9788384350157
9788383108391
9788377784877
9788301239626
9788382404647
9788368370447
9788383383798
9780141374109
9788383811598
9788375178739
9788368560718
9788383521459
9788381325714
9788367195294
9782864973492
9788381577731
9788382664348
9788327167835
9780349437071
9788370206321
9788383874838
9788370208950
9788328393592
9788381255660
9788383579757
9788383624365
9788383102672
9780593078624
9788328174863
9788368084214
9788310144812
9788328084391
9788366866973
9788379126293
9781399753425
9788381434928
9786175483350
9781471152191
9788368371277
9788370209575
9788382657265
9788368560756
9788328171282
9788381754088
9788382408522
9788383910611
9788328928305
9788328170384
9788379714681
9788395423901
9788380758889
9788325347963
9788328900165
9780008611958
9788381143219
9788367071673
9781474922074
9788328739376
9781846573019
9788366586932
9781405939614
9788384021347
9788381506694
9788328737198
9788383719115
9788384250013
9788380384910
9788381060783
9788328910188
9788325337544
9781035431335
9788381720243
9788378662839
9788327169518
9782070625796
5906302606054
9788362903580
9788383674445
9788381918404
9788384301715
9788383185415
9788324047802
9788383214900
9788328087712
9788367215039
9788327107015
9788383881263
9788367949200
9781909621992
9788382729603
9781781256244
9788327167927
9788375173727
9788310134851
9788367121408
9788383380094
9788368295849
9780349440736
9788375174281
9788367900188
9788383191058
9789669153388
9788373440722
9788382526653
9788381448178
9781529102703
9788373273849
9788328102972
9788327107855
9788382661095
9783426308257
9788383913605
9788378867050
9788382312065
9788381500920
9788381505994
9788367551335
9788366630291
9788367925204
9783426527955
9788382802054
9788383227344
9788327746351
9788382654509
9788368121148
9788368226386
9788368240610
9788382728873
9788328734111
9788377296905
9788301243111
9788382034516
9788328167933
9788379646807
9788379646760
9788383713397
9788382953114
9788367323871
9788382993776
9781250231444
9788328732018
9788368053456
9788308076798
9788383827391
9788301236502
9788328726567
9788382752915
9788383622019
9788368381931
9788301245535
9788366229198
9781805463368
9780349437057
9788367075824
9788321349077
9788375657210
9788301240943
9788380317086
9788367071772
9788368223064
9788383432007
9788375780642
9788366969285
9788380877184
9788368383263
9788328931138
9786175230022
9788381915038
9788381259583
9788397162860
9788367996266
9788380387508
9788328728141
9788380879775
9788368549522
9783190985807
9788366328563
9788383851297
9789669152381
9788324067718
9780241977163
9788327167569
9788382093247
9788328933279
9788383911052
9788382729795
9788367925778
9781408869178
9780723281375
9788308086407
9788301237004
9788382722123
9788368295528
9788382081848
9788383820347
9789664480311
9788381320689
9788383670003
9788301232030
9788382623604
9788367555623
9788367461405
9788367500548
9788420610979
9786175854075
9788846832214
9788381353892
9788381883238
9788383678559
9788382745320
9788366013780
9788381919753
9789664483855
9788383600796
9788383906201
9788375174649
9788393002757
9788328729728
9788373271630
9786175484036
9788328096943
9788301248819
9780552172462
9788382524635
9788327128010
9788368436693
9780241205914
9788326844393
9788383910123
9788367668903
9788327671691
9788368068764
9788382950205
9788368370171
9788388791857
9788382032833
9788382743999
9788382663556
9788418173141
9788328923409
9788395110580
9788328736177
9788383502663
9788382130560
9788382582178
9788328156913
9782075187695
9788308088197
9788368610321
9788382743388
9788382627664
9788365601773
9788381449861
9788383350905
9788380381353
9788326440663
9788311180758
9788382032840
9788382139464
9788366195318
9788368592474
9788324064199
9788382025316
9786176799306
9788382309712
9788301156237
9788383182384
9788368380088
9788382107111
9788383013633
9788382316490
9788301220068
9786171299733
9788380747999
9788383871691
9788381882644
9788301205980
9781335534613
9788327673039
9788367690010
9788383154299
9788301207731
9788328905016
9788383356334
9788368589474
9786178178918
9788383624822
9786177688982
9788328731080
9788382011012
9788328921184
9788383522081
9788383912561
9788383154909
9788327165251
9788382999570
9788328165854
9788384026533
9788383715766
9788381685214
9788381721080
9788383199344
9788383876894
9788381036351
9782818947173
9788328735378
9788366661950
9788382497649
9788383614083
9788383588278
9788382079739
9788368158786
9788324083978
9781526605399
9788328908147
9788328734326
9788383827452
9788380385450
9781035005697
9788408193029
9788324085477
9788382998764
9788384174159
9788327168658
9788370712358
9788368599091
9788328190061
9788367515474
9788381756471
9788328736337
9788383294599
9788466377126
9788368265842
9788368692570
9788383908816
9788383351544
9788383622132
9788382750430
9788367949804
9788383204918
9788383913155
9788382603040
9788382027310
9788381886215
9788382893458
9788381720908
9788328923058
9788328932623
9788384024256
9788382629569
9788381689571
9788383870588
9788328739260
9788301231071
9788382135084
9788327163301
9788383215389
9786175483701
9788382752908
9786171508873
9788328915336
9780008537739
9781974728985
9788368610772
9788367996808
9786175482322
9788382996579
9788076880078
9788328930063
9788367891387
9788384390344
9788328165946
9788366325043
9788378879701
9788368560299
9788311177949
9788324070176
9788383876917
9788383850726
9788328732704
9788383615912
9788327127624
9788327127778
9788382582338
9788382726923
9780241955819
9788366619098
9788323342120
9788383184784
9788384174463
9788362890705
9788466349864
9788327168450
9788375179217
9788380329645
9788383194646
9788382745009
9788301212124
9788368611809
9788370148775
9788382224252
9781368014748
9788383621210
9788328164840
9788383352855
9788328153837
9788382084276
9788382403862
9788368367287
9788368053692
9788320059014
9780063375017
9788382582383
9788328163027
9788381722216
9788368479515
9788368302233
9788366195370
9781909621787
9788328174320
9788324582648
9788367515603
9781398725188
9781529978001
9788382891744
9788308088920
9788367137157
9788328173101
9788367353595
9788367240222
9788327169716
9780241508176
978837014825602
9788368191042
9788360963302
9788328369818
9788383913575
9788364045707
9788327167989
9786177940875
9788381069267
9788381912761
9788311176133
9786175482797
9788367545792
9788328171152
9788328173057
9788382029291
9788383874630
9788327169532
9788381951029
9788382748819
9788383192093
9788383208282
9788328921566
9788367176385
9788382990690
9788383353036
9788383522999
9788328098459
9788370208851
9788380871472
9781474939584
9781446308769
9788383017983
9788379325313
9788310139603
9788383199498
9788383600222
9788381862394
9788382136845
9788328910065
9788366575486
9788328919143
9788383674919
9788384390832
9788375171259
9788379326112
9788366873995
9788380342682
9788378874331
9788380383159
9788366573697
9788383627724
9788382952483
9788368647211
9788383184579
9788383573625
9788382581768
9780691200309
9788380757127
9788383581644
9786171508774
9782072999352
9788320063622
9788382034189
9786175484944
9788375658682
9788324038718
9788384020722
9788377463352
9788375176834
9788382661385
9788325341749
9788376607573
9788328903913
9788383570990
9788383189949
9788370206697
9786175480519
9788368267754
9788383108759
9788328094321
9788381505338
9788311176812
9781426333187
9788368800555
9788382521245
9788377406403
9788382991109
9788380386129
9781405951517
9788383522951
9788382032796
9788383199450
9788381974516
9788381500968
9788383613314
9780241415528
9788382898552
9788328175921
9788384021651
9788301220938
9788383910574
9788382028089
9788383900124
9788383854458
9788383900810
9786171514133
9788366201613
9788382990775
9788381417709
9788380363540
9788367212786
9788383383033
9788383802657
9788384061275
9788368262988
9788327630483
9788384274897
9788383740805
9788383600789
9788367513739
9780857529633
9788382138863
9788381910781
9788368380316
9788308081969
9788328171466
9788328160231
9788375178302
9788379321841
9788366661134
9788327739209
9788327716835
9788326843068
9788311175471
9788382314151
9788368121124
9788324069200
9788383588049
9788368069501
5904356580696
9788377293362
9788379647828
9788383822020
9788310142252
9788328162839
9788311185159
9788382747003
9788382521016
9788328050587
9788328145887
9788383356228
9782070446469
9788365717436
9788301220778
9788383183190
9788384170502
9788365411297
9788382313604
9788383882093
9788328155510
9788325342432
9788367889018
9788381066785
9788368560749
9788393578641
9782072866531
9788382133486
9788381915304
9788381438773
9781399752084
9788374899925
9788491961109
9782350787824
9788380086197
9788383910390
9788382526370
9788328160255
9788375174717
9788301229474
9788382513028
9780261103580
9788367510356
9788372724175
9788311170858
9788328173088
9788380597877
9780099435112
9788362058617
9788381725095
9788383353340
9788328931398
9788378868293
9788381326926
9788370207342
9788310138446
9788382749830
9788324094783
9788328923843
9788368053517
9788328727410
9788382316308
9788381321310
9788368043525
9788311184800
9788328166134
9788328174054
9788311178977
9788328909571
9788301193904
9788367715263
9788370209414
9788380656734
9788375791372
9788382082814
9788328174955
9788383152820
9788380578784
9788384171219
9788383627281
9788383876979
9788362903856
9788324095025
9788380656840
9788382413090
9788383874708
9788324075331
9788367948296
9788328920279
9788383532981
9788370207656
9788382747089
9788381884662
9788375799316
9788301223212
9788382070033
9788382224238
9788308086063
9788301228323
9788384027387
9788368135312
9788327126740
9788327126726
9788491299790
9788381755733
9788328162846
9788382407556
9788381656467
9788367727709
9788327162052
9788367217866
9788396743091
9788383882963
9788382657210
9788373929982
9788366380615
9788328073159
9788382314649
9788382135367
9780008834937
9788328076860
9788384172544
9788328358416
9788383871646
9788381010993
9788328135628
9788379323135
9788383301631
9788383013046
9788383356464
9788383980942
9788326750700
9788383586274
9788368350128
9788328725102
9788384174135
9788367861045
9781448217373
9788324079933
9788383589251
9788379128112
9788365401717
9788311169890
9788383825335
9788368383607
9788328923980
9788368382426
9788383715001
9788328916111
9788384410196
9788382748604
9788383291307
9788368069921
9788383820712
9788328903395
9788383603582
9788383713991
9788382034172
9788368592122
9788367022033
9788326837449
9788384300633
9788397195073
9788381449885
9780241590539
9788375780260
9788383357928
9788382742978
9788328732032
9788383297705
9788383601687
9788366416352
9788368191646
9788364077043
9781804947814
9781292241579
9788383574103
9788377760017
9788383194523
9780552576796
9788301177867
9788382343120
9788381885157
9788384250976
9788328910317
9788383096735
9788375178173
9788396349613
9788396667175
9788368069976
9788311186118
9788383303789
9788367545341
9788367793056
9788383105451
9788383227993
9788365717443
9786175481813
9788383626505
9788382581690
9788383990224
9788395860782
9788301236649
9788328168633
9788381727761
9788383382791
9783442243952
9788308086315
9788373841017
9788380081673
9788301177799
9788382026948
9788382411386
9788301181871
9788367500395
9781847498243
9788382863918
9781804956397
9788382581225
9788377058497
9788377058725
9788362976904
9788379646463
9788326823473
9788328177079
9788366912458
9788383676494
9788367551922
9788383013060
9788327165138
9788383853178
9788383521053
9788310139931
9788301242688
9788327128058
9788367948272
9788393198917
9788383523866
9788853631640
9788382722178
9788367178334
9788368063363
9788383384368
9788328929395
9788328156074
9788396062925
9786171506473
9788381716871
9780241624142
9788368536102
9788324063369
9788383911939
9788327747051
9788328904798
9788367164801
9788371346552
9788377400272
9788366526235
9788328728554
9788368370430
9788310142009
9788383384382
9788327731241
9788382301359
9788383096810
9788308088319
9788368352740
9788383874173
9788328110861
9788384183632
9788368383881
9788382109870
9788383381640
9788380362321
9788325336240
9788384381434
9780131774292
9788324068388
9788324069507
9788367604451
9781405941075
9788380624207
9788382953015
9788301226503
9786175483145
9798893731415
9788328908840
9788308043516
9788375652468
9780718192006
9788308088302
9788375168525
9788311186125
9788383502908
9788301240899
9788327662729
9788382795875
9788327731197
9788383521756
9788368262315
9788324089567
9788368240221
9788368180091
9788310144546
9788370541781
9788368068924
9788328171329
9781847941831
9788366178335
9781399601320
9788383602943
9789661545914
9788382953923
9788328394841
9788380879485
9788320063790
9788380539631
9788367931960
9788366736733
9788381752480
9788382747164
9788383523521
9788379158522
9788382659467
9788374145671
9788382526608
9788381437639
9788368471724
9788396349651
9788328168213
9788382527223
9788324403813
9788383191782
9788383913919
9783835306288
9786177563500
9788382226133
9788382136258
9786175480977
9788373272422
9788383872612
9788383719320
9788382891072
9788327105752
9788367164764
9788382998153
9788379543120
9788381353939
9788382581973
9788373929494
9788395799426
9788367816519
9788328386907
9788382654998
9788328909939
9788382028614
9786177388981
9788383017969
9788383350134
9788379323371
9788379325559
9788397468481
9788301239459
9788328910799
9788328720848
9788368516258
9788328175280
9788383017556
9788383296340
9788308084595
9788383912370
9788383305851
9781529386660
9788383610672
9788383961064
9788388435843
9788375179460
9788328161924
9788395846809
9788383523767
9788375798883
9788308085837
9788382027648
9788324098200
9788380597044
9788328394872
9788397389960
9788382301992
9788384350287
9788381755542
9788383019116
9788383522500
9788379324545
9788328923812
9788384028926
9788383600871
9788384291726
9788382251586
9788328737235
9788311183803
9788383719283
9788383356174
9788380759978
9788370209421
9788382729313
9788368280128
9788324095438
9788383616995
9788383381442
9788375765823
9788311179851
9788384240120
9788379124121
9788383885087
9788327162120
9788383880129
9788381886284
9788366501157
9780134034300
9788366839984
9788328911482
9788382315325
9781526632791
9788379999002
9788328157842
9781803362564
9782070462322
9788382990577
9788328929876
9788328162310
9788301245702
9788366134836
9788382624885
9788384028193
9788383158389
9788382726015
9788381270281
9788382034868
9788853631893
9788383353708
9788311163676
9788383824727
9788381719971
9788324054879
9788328732988
9788367925983
9788301199395
9798888434833
9788368121476
9780231123419
9788311175358
9788308086520
9788382134278
9788367016445
9788381419703
9780241638507
9788383601397
9780415434799
9788382808193
9788311172371
9788377882238
9788367308243
9788328925700
9788383612683
9788367426343
9788383189598
9788383351384
9788383290973
9788365773289
9788382158465
9788384173862
9788327672612
9788368191943
9788384250501
9782266276276
9788383382593
9788383351353
9788327669933
9788328902312
9788328726116
9788368753370
9788382653304
9782818907900
9788383504322
9788382657197
9788365401571
9788383351513
9788381881401
9788382529210
9788383577609
9788383906188
9788382659719
9788381504119
9788384440001
9788367900164
9788367859325
9788382890310
9788324094219
9788382581041
9788324088713
9788381812955
9788381413152
9788382750775
9788382410969
9788366195219
9788328708419
9788383676654
9788367834438
9788310138019
9788377351352
9788383677880
9788397195011
9788368204452
9788367861441
9788366644151
9788326838439
9780136788249
9788368352245
9788308068946
9788380576179
9788383622552
9788380745780
9788379714391
9788370149253
9788327127020
9788381411691
9780349437729
9788328913455
9788382995862
9788310143006
9786175483220
9788328734685
9789662909456
9788383014036
9788368021318
9788383750927
9788383873756
9788383677422
9788384300107
9788301198237
9781509828067
9788383019536
9788367946001
9788328734838
9788383013138
9788397881815
9788383181042
9788377296516
9780747558620
9781399744331
9781399611411
9788324086412
9788368217292
9788383912936
9788328713901
9788308080993
9788382581614
9788363502102
9788383011592
9788308080146
9780140449112
9788383190822
9781784165086
9788382723533
9788373270237
9788383822648
9788383381152
9781399745321
9788383577494
9788311164413
9788384440360
9788365480972
9788368283853
9788382893670
9788328925779
9788384270226
9788324087419
9788301196691
9780241442289
9788328171824
9780091902674
9788328906563
9788383250953
9786177968114
9786178299057
9788383613987
9788324080403
9781408876985
9788382408911
9780008412760
9788373391475
9788328931190
9788382139570
9788395895944
9781853261015
9788382748871
9780571322862
9788310138712
9788076881266
9780135196731
9788382752892
9788368262483
9788368611618
9788381686549
9788383108803
9788383381725
9788383579795
9788328178571
9786171513617
9788367558310
9781398527669
9788367217101
9788324068081
9788326845222
9788383430713
9788383913254
9788365351692
9788327169464
9788384380512
9788380745704
9788382026375
9788366570092
9788368742275
9781783419456
9788301234522
9788383383347
9788327166258
9788364846816
9788328123939
9788383877884
9788383961941
9788311183964
9788382309478
9788380119949
9780241993798
9788367075770
9788367288156
9788328727533
9788383903941
9788382407549
9788324076727
9788383719948
9788383821115
9788367016889
9788383677613
9788368262650
9788368591484
9789664481653
9788325337001
9788383981123
9788361987284
9780718180317
9788381325950
9788383912011
9788383213460
9788494947568
9788320064803
9788381506380
9788381918893
9788368053661
9788367338929
9788367215992
9788383352015
9788327491794
9788301223359
9788386293872
9788328177178
9788322451632
9788328728035
9788384270073
9788386581108
9788375657364
9788380317499
9788381918459
9788384302385
9788396874108
9782070368075
9788368265293
9786175484463
9788368381108
9788301197124
9788375176889
9788368242430
9788367974288
9788328919464
9788383602745
9788382720167
9781292191638
9788383905143
9788383523231
9788301227562
4820245450301
9780241630815
9788368005394
9788328385122
9788384021552
9788367845588
9788328913189
9788381353687
9788370209155
9780241350362
9788381503242
9788325341756
9788381919760
9788383811628
9782253251453
9788328900622
9788327168634
9788324087143
9788383193076
9788383713458
9788365803795
9788382411997
9788383670942
9788368295436
9788364311352
9788381727280
9788382251296
9788383199191
9788328072794
9788327715449
9783866470576
9788377478158
9788366484061
9788383186221
9786171516625
9788367323345
9788383108360
9788301186951
9788382933291
9788383678634
9788368227512
9788311187849
9788382402988
9788383018171
9782882502568
9788301198688
9788383710259
9782070446568
9788368223323
9788382524796
9788379126415
9786176792321
9788383382074
9788367054669
4820245450288
9788383911779
9788365601124
9788383520681
9788324059003
9788381919449
9781444715460
9788368218749
9788382314373
9788327687234
9788380328877
9788380747555
9788328928947
9788368045918
9788368005783
9788380876767
9788382740806
9788379125685
9788383677897
9788383673905
9788383578422
9788368692808
9788301240813
9788382625240
9788367447584
9788326836947
9788328922808
9788383882390
9788382312461
5000000042555
9788383357614
9788308081556
9788368144857
9788384186022
9788383436364
9788383228082
9788381352086
9788396524843
9780349434315
9788325347239
9788301181246
9781399633987
9788382950847
9786175482551
9788383603247
9788380087590
9788386293803
9782017054917
9788383851792
9788383432588
9788368191004
9788381414210
9788328903050
9788368562637
9788382664089
9788375173369
9788382743197
9788328917828
9788381500715
9788383990057
9788368069013
9788382524505
9788383902111
9788383380742
9788383912790
9788373998889
9788380874923
9788368267044
9781529954319
9788367247696
9788383881324
9788327127372
9788382405804
9788365843951
9788326838255
9780340766163
9788380879096
9788375703993
9788368059458
9788327163905
9788368053968
9781594632785
9788368753066
9788382162998
9788328707788
9788324062287
9788328170445
9788381353847
9788382749038
9788328905429
9788326837104
9788367859370
9788383801940
9788327730749
9786177279180
9788396449498
9788366234352
9788382409512
9788367324977
9788383811727
9788368059366
9788383384283
9788324094004
9788328736818
9788382748758
9788328092297
9788383613802
9786178318215
9788383357447
9788368265316
9788301205683
9788367093101
9788328911406
9788366178984
9788383877624
9788368471120
9788324095360
9786175480779
9781909621527
9788383523903
9788368371673
9788383719467
9788383106533
9788383854465
9788382624908
9788301225759
9788311177734
9788383827551
9786171292642
9788395423956
9788311183506
9788368370331
9788395954719
9788328068254
9782747083447
9788308088333
9788328927070
9788381814447
9786178253561
9780008659271
9788328908932
9788379151332
9788383588353
9788383611150
9788366217508
9788380578241
9788383382746
9788383010496
9788364384868
9781509808670
9786171507050
9788327163912
9782073080028
9788383380841
9788383384894
9788368367478
9780241372791
9788328906952
9786177395903
9788382651775
9788367685375
9788383297699
9788328175372
9788324095032
9789606930027
9788384173947
9788328391871
9788382029055
9788375176995
9788382932430
9788368021790
9788383532035
9788383803845
9788328095090
9788384024324
9788368021448
9780241998960
9788383383118
9788395085406
9788383503172
9788328171060
9788381327107
9788381503983
9788383717104
9780273743811
9788301245924
9788383577593
9788368560503
9788328722156
9788382529104
9788367948081
9788328162877
9788382743210
9788367551588
9788377883013
9788382134797
9788370207434
9788380537248
9788382808780
9788368204636
9788393002726
9788375178883
9788383521602
9788368468014
9788383181752
9788380364219
9788328176027
9788370208981
9788364481178
9788383524030
9788368536645
9788324059157
9788373928671
9788380086470
9786178441104
9788380383197
9788383960746
9788311177499
9788366085558
9788382307610
9788383884974
9788365676122
9788383432984
9782253166429
9788382655650
9788366252547
9788379648405
9788366057449
9788367817462
9788367742887
9788382403886
9788396656131
9788381886819
9788382581560
9788366178274
9788368242782
9788368419184
9788383576107
9788366586918
9788384027103
9788367215787
9788383905570
9781405933698
9788381515306
9788310137234
9788367515122
9788383382975
9788384172049
9788383884745
9788377407080
9788363841621
9788328170308
9788381756761
9788382027617
9788373929302
9788383858166
9788370209391
9781909621473
9788368204438
9788383750378
9788379158027
9788382165081
9788384174104
9788301159979
9788380748811
9781974746293
9788368302592
9788382654462
9788328918580
9780241503492
9788383911731
9788368560886
9788383719436
9788396729095
9788328162273
9788328914575
9788311166523
9788380596290
9788381354912
9788367323864
9788383873022
9788381506878
9788367859417
9788368021387
9788367996891
9788328393844
9781784871727
9780141373065
9788368265163
9781408749111
9788382131574
9788382079982
9788382726909
9788367674522
9788382581829
9788383097503
9788366555716
9788383716992
9788381507158
9788379124749
9781783417599
9788325346188
9788360521670
9788327166333
9788380745742
9788328177260
9788382527964
9788382722758
9788378867760
9788382317862
9788382807554
9788368218275
9781847498588
9788383980621
9788383223186
9788311183612
9788382658835
9788383603506
9788379125081
9788383619057
9788324088317
9788367949217
9788328162754
9788382996821
9788326844683
9788381723275
9788367690423
9781474952866
9788377761939
9788368592627
9788397190122
9788381257978
9788368191707
9788382220353
9781788816861
9788381689106
9780241418703
9788366285309
9788379127528
9788382251326
9788381500821
9788367075879
9788383380278
9788328170674
9788380754577
9781529954302
9788383437064
9788381109628
9788380598485
9788383381497
9788382744484
9780241553732
9788381503464
9781292085609
9788368591194
9782070438228
9788367834377
9788383625454
9782070348558
9788328913035
9788301227968
9788382032451
9788382659023
9788324095650
9788383220789
9780552149525
9788382743944
9788324089642
9788381729291
9788367845397
9788379327232
9788381501156
9788301244576
9788383357713
9788382303384
9788328165922
9788328169425
9781783448258
9788367663496
9788327686374
9789669153326
9788382084337
9788328931244
9788382660784
9788383353371
9788383014340
9788328732476
9788383185156
9788383357119
9781399829250
9788367845366
9788308084076
9788327696670
9788383881102
9788383871769
9788382582192
9788384291313
9788397152489
9780702342394
9788328917835
9789664483725
9780241558942
9788367335133
9788373998841
9788366964341
9788368380033
9788382665307
9788368352702
9788327739544
9788375175639
9788382581751
9788381813464
9788382998023
9788497594240
9788328735156
9788308085646
9788328170513
9788380498921
9788327730992
9788366964334
9788328928831
9781398527645
9788368383409
9780008685157
9788382154207
9788383752921
9788375155822
9788382997859
9788301204266
9781526635297
9788311181588
9788384291306
9786177940431
9788382078923
9788380386884
9788383912394
9788311186569
9788320061581
9788383015699
9788367996204
9788383294582
9788328730298
9788382653618
9788384252956
9788381292818
9788383216133
9788301219017
9788310143143
9788301223373
9788382525670
9788383614434
9786177688401
9788374272391
9788383296364
9788381447683
9780241334355
9788367195638
9788381413695
9788384023396
9788383351223
9788367353458
9788368087260
9788377441695
9788367813570
9788395948176
9788382721393
9788383803883
9788382159615
9788328723887
9788326838859
9788383584638
9788327746771
9788382525397
9788383019673
9788382529326
9788328165458
9788383296357
9788384253946
9788383218199
9788367212588
9788368479225
9780008499778
9788328177093
9788328900288
9781840118520
9788383380520
9788383677545
9788328730601
9780136791096
9788382499094
9788328161610
9788382660913
9798886630435
9788383207261
9780099594574
9788367512336
9788381061285
9788383673516
9788324067435
9788483235010
9788383293455
9788382721409
9788382307986
9788382728385
9788368541090
9788383523910
9788311184664
9788396554000
9788367996105
9788382655148
9788375532975
9788384174098
9788366057470
9788381505666
9788381503822
9788380363755
9788308086100
9788382311969
9788381885447
9788383622699
9788368069372
9782070585236
9788368226126
9788320057140
9788383217871
9788366610170
9788382131703
9788386383863
9786176791454
9788383202402
9788362058914
9788368473407
9788367215930
9788378457602
9788367216630
9788383436562
9788383186504
9788382032376
9788375653854
9788383382982
9788383382159
9788382581898
9788328914445
9788368549393
9786177968060
9786177688197
9786176798095
9788325345440
9788370209346
9788367710008
9781398527591
9788366729483
9788396656155
9788383752365
9788311180031
9788381808774
9788380596719
9786171511040
9781861972781
9788326841927
9788327165091
9788366482951
9781786530011
9788382629866
9788383880167
9788328164727
9786175232323
9788383911878
9781529385434
9788366195028
9788380577688
9786175851203
9788328910379
9786177688821
9788327662156
9788382024715
9788380576292
9788382021486
9788383524214
9788383629513
9788383193670
9788383355696
9788381600026
9780241677100
9788308088609
9788382028539
9788383533391
9788328169685
9788383189109
9783938484142
9788383876993
9788380876798
9788326841514
9788383627168
9788381885799
9788328931862
9788382167771
9788368059564
9788383811789
9788383381466
9788308068762
9788381886420
9788375109306
9788382315059
9788381398022
9788382030884
9788383742687
9788373929142
9788380591479
9788383215976
9788367759557
9788308085110
9788328166332
9788310145017
9788308083406
9788397548954
9788382999402
9788368560374
9788383302188
9781473681286
9788326832420
9788382311914
9788308085585
9788381502382
9788383570396
9788383670256
9788328733046
9788366526723
9788367805872
9788368218039
9788382405620
9788379649754
9781909621459
9788325337520
9788363960889
9788368228670
9788324068746
9788328732919
9788368350432
9788368135725
9788381815840
9788381434126
9788368059199
9788393383375
9788383106731
9788328073203
9788368560701
9780141038995
9788375173277
9788384180471
9788383192468
9788383383958
9788327128140
9788368516326
9788325341282
9788381353090
9788326837463
9788382993035
9781409197959
9788383384979
9788383579856
9788383355252
9788311184817
9788383710433
9788320055801
9788396823908
9788380383616
9788383672267
9788368181135
9788380879539
9788381918411
9788327661883
9788380599932
9788328737969
9786178280666
9788382741889
9788301211783
9788381918534
9788383902890
9786177688319
9788326826887
9789664291238
9788328394827
9788366117464
9788480636780
9788363579890
9788328728905
9788381680479
9788366863323
9788328919679
9789664480014
9788383211657
9788383355139
9788382523485
9788368217681
9788367790345
9788310143082
9788381725101
9788368560091
9788380593459
9788383015743
9788368069099
9788383826875
9788368087192
9788381816236
9788325573164
9788445011409
9788328925830
9788301215583
9788381812511
9788383713694
9788326836688
9788383874043
9788311176232
9788382742367
9788311176287
9788328919686
9788368471441
9788382951332
9781529919622
9788324093472
9788327730855
9788328171053
9788496489646
9788382029161
9788382316124
9788328729902
9788324089666
9788368364613
9788311178014
9788367757058
9788382025811
9783421070111
9788383210650
9788368258721
9788383291673
9788383616964
9788383619781
9781509887187
9781804710456
9788381729338
9788367925259
9788383850696
9788382498158
9788311184763
9781529099461
9788382995657
9788367685436
9788328732674
9788383196435
9783540649984
9788383741468
9788383190723
9788384171769
9788367022637
9788325344092
9788370208790
9788383716558
9788371344718
9788301201142
9788382890211
9788367513708
9788383880211
9788327671264
9788365807700
9788361309284
9788383383774
9788383012001
9783423262460
9788383357478
9788328164291
9788367515689
9788380158214
9788328152649
9788375657289
9788382891836
9788383882895
9788311173910
9781781090589
9788327167156
9788368370119
9788379124909
9788301188108
9788383618975
9781844223268
9788383613406
9788382527919
9788382025040
9788383156026
9788301243999
9788379125883
9788382952117
9788382658774
9788368381030
9788383990002
9788326842207
9788377771785
9788383877631
9788383579962
9788381919289
9782203007673
9788384026786
9788328159068
9786171513600
9788311184220
9788381919647
9788368402223
9788368059687
9785867936334
9788381883429
9788301237226
9780552577564
9788381354271
9788383382135
9788368383386
9788382604306
9788380329874
9788381442237
9788383623597
9788324075805
9788383904047
9780241376195
9788328919761
9788383911342
9788368562934
9788320064469
9788384183724
9786171268340
9788383625867
9788382413137
9788383382715
9786175480649
9788382138597
9788368217001
9788301183608
9788368053074
9781292156125
9788328722811
9788301221416
9788368331615
9781638589396
9788383741956
9788383641133
9788383358079
9788370158897
9788301231095
9788383671185
9788383714554
9781408727591
9788383853802
9788383226156
9788383876566
9788396997180
9788301240998
9788328398238
9788382727364
9788383904061
9788377479100
9781529176902
9788367515955
9788328164826
9788328170339
9788381684361
9788383577715
9781445182643
9788382109498
9788310110220
9788383611181
9788381353403
9788368395419
9788366178847
9788386581351
9788396475640
9788384181553
9786175230008
9788308069820
9788383621463
9788328091016
9788381726429
9788899358716
9788383800714
9788382498776
9788367715256
9788382650617
9788381446488
9788382527872
9788378867784
9788383521626
9788301194918
9788383856803
9788328732186
9788497592437
9788328918979
9788445009079
9788382525083
9788328163058
9788328164604
9788382740370
9788382808667
9788379125036
9788367558501
9788368516579
9788383503141
9788366285651
9788383106151
9788383290737
9786171503960
9788370144302
9798888437452
9788375174762
9788381886031
9788365400468
9788384173794
9788367461856
9788326842184
9788328064508
9788383192932
9788383908984
9788368044683
9789669152930
9788379859085
9788383380148
9788382652420
9786175483572
9782818932056
9788325344689
9788379156672
9788368536300
9788383436593
9788380329843
9788366949973
9788327127808
9788367335195
9788389472762
9788380578975
9788466332286
9788381326452
9788308083598
9788311167667
9788310140517
9788383879673
9788328730496
9788311167124
9788370209506
9788324068272
9788396466921
9788383614250
9788382313956
9788375790375
9788328066465
9788375173345
9788367759724
9788381418478
9788367793247
9788384382004
9788381439633
9788381718035
9788382582376
9788383215907
9788382742220
9780141388656
9788327670526
9780349008035
5902983911845
9788383434100
9788368302813
9788377761434
9788382807868
9788382225921
9788382743708
9788324066674
9788382654592
9788393070367
9788328733794
9788328164444
9788366989733
9786175230367
9788381713139
9788383436968
9786175484265
9788367513326
9788382411706
9788383822747
9780241481554
9788366500853
9788382525168
9788382021981
9788384275450
9788383297729
9788383859286
9788320063042
9788383614267
9788380797413
9788326838644
9788383800738
9788328923706
9788394678661
9788368087161
9788420610993
9788384171196
9788301228521
9788383625850
9782253006725
9788383011622
9788328927445
9788382493085
9781509827695
9788320060072
9788328931893
9788383213620
9788368599039
9788311181335
9788367178358
9788324076796
9788384021583
9788384391266
9788382953602
9788368265507
9788368021356
9788366939325
9788383711904
9788373929784
9788311166233
9788383802831
9788380327559
9783126051194
9781529000825
9788328048997
9788301221232
9788301249533
9788383578385
9788324084890
9788328905528
9788383961996
9788397677258
9788327160065
9788382032130
9788383715469
9788371362811
9788301221584
9788366912212
9788383713359
9788383523330
9780135172322
9788383352770
9788367093675
9788383211664
9788301247829
9788381516167
9788320051384
9788381693707
9788328910836
9781292155104
9788383576114
9788368541403
9788383679600
9788301231187
9788368204674
9788382951233
9788308084434
9788382027099
9788383626727
9788382024159
9788383624433
9788310137128
9788383381787
9788383876481
9788367515726
9788383616698
9788370208011
9788371188664
9788380749313
9781785125140
9788377296455
9788367974509
9788383872421
9788367288804
9788328161795
9788381753340
9788383901879
9788380745995
9788363685089
9788328730885
9788383522609
9788384273562
9788368283617
9788379324361
9788311167155
9788381354653
9788328164888
9788368402230
9788380212190
9788324065738
9788383913148
9788328731196
9788381725903
9788368059038
9788381712828
9788328933712
9780141328010
9788368402094
9788381254731
9788324093854
9788382070873
9788383502588
9788383107424
9788383577586
9781399755238
9788383980447
9788381721844
9788383716770
9788328728288
9782253012542
9788366517776
9788381917544
9780241562949
9788366599482
9788367217675
9788325346805
9786171516434
9788328171473
9786178178635
9788368562552
9788324092789
9788328169456
9788383578361
9788382727944
9788383714769
9788367515504
9780140167771
9781803709970
9788368059670
9788328162822
9788382075885
9788381884563
9788383854014
9788367668002
9788308086858
9788367948371
9788328718661
9788380746039
9780545042208
9788380747845
9788328166455
9788378879640
9788367334945
9788379127276
9788379325634
9788383351551
9788368364064
9788368180534
9788366012332
9788381883214
9788383577678
9788311185715
9788377889237
9788368267747
9788383383651
9788328933903
9788324099948
9788383800004
9788367665230
9788367215961
9788383622057
9788380089433
9788381417396
9788382526172
9788328178908
9788380745667
9788376725932
9788382525014
9788383677590
9788382138559
9788383383767
9788381505888
9788367710237
9788381813587
9788381723220
9788383622705
9788384251133
9788381413565
9782371045583
9788381354288
9788384173848
9788384258743
9780241562017
9788383961361
9788366360761
9780241419830
9788382408560
9781787474413
9788382132687
9788328727861
9788328920446
9788328734432
9788383196053
9781035030972
9788384273616
9788373272446
9788328173095
9788383218892
9788371418778
9788382083088
9788380871069
9788383296203
9788381398909
9788384160503
9786176796541
9788383961088
9780007350971
9788377760444
9788328901209
9788367353168
9788324073795
9788381442480
9780063212602
9781405293181
9788368267488
9783736320840
9788382314670
9788327163066
9782072902345
9788368258714
9788382529302
9788383523019
9782210754478
9788367817295
9788328165465
9788301242275
9788382411263
9788325346133
9788328927469
9788383381145
9788383017563
9788367121866
9788383433950
9788383801414
9788328727670
5900336013604
9788324067381
9788366520301
9788384273302
9788383501628
9788368045369
9788381500661
9788379124213
9788327716958
9788383012285
9788324584482
9788328732056
9788383576176
9788382932621
9788383570228
9781914502071
9788378868149
9788383740393
9788311174559
9788383017976
9788383533056
9788325347109
9781447278337
9788382083408
9785389088009
9780241401125
9788384253823
9788368560053
9788324090235
9788383381329
9788370204891
9788380086616
9788368317381
9788382932508
9788328733145
9788383381695
9786171508804
9788383820286
9788367406024
9788368240061
9788375174250
9788328726895
9786177940127
9788383520339
9783191078911
9788366285453
9780241596265
9788308080818
9788368005066
9788367335287
9788360333488
9788367513029
9788382892925
9788382998214
9788383741215
9788383719962
9788328095380
9788324083442
9788367023115
9788328076433
9788368021769
9788366912021
9788367859349
9788327165336
9788328927827
9788383858708
9788375659399
9788365925251
9788380329782
9788383293653
9788383198040
9786171514485
9781526691262
9788372977021
9788379433759
9781835872932
9788383289601
9788301153458
9788326838682
9780571311576
9780241663653
9788325346720
9788328165441
9788368560572
9788381417402
9788382165289
9788382073256
9788382510461
9786171512771
9788367353472
9788327164490
9781405947558
9783191585808
9788381862363
9788368562378
9788324095599
9788328920255
9788301247539
9781526624314
9788320055306
9788382520286
9788383355115
9788383740485
9788367817561
9788328918856
9788381881289
9788383214665
9788366451155
9788377762387
9788301235444
9788327747112
9788383678412
9788383800240
9788328073975
9788383308210
9788301225742
9788382527308
9788367545679
9788326841088
9788324093571
9788328714212
9788311168787
9788382581546
9788376487649
9788383307039
9780008765002
9788383713588
9780241515549
9788375178586
9788326845970
9788382133646
9788384060698
9788324050604
9788328919693
9788320054118
9788327168665
9782818925324
9788382953732
9788380630710
9788381144612
9788383751665
9788382899627
9788376727943
9788382523195
9788380746503
9788383521060
9781788402729
9788367323406
9788327696557
9788383295688
9788494947537
9788308083024
9788328395299
9788368367560
9788367974448
9788301239787
9788383355832
9788328922204
9788382408607
9788383228433
9788384380796
9788366912373
9788382993349
9788328382923
9788301234096
9788383508160
9788383357409
9788382225969
9788383218076
9788368218565
9788384172094
9788383803562
9781509828029
9788367022101
9788379155804
9788360963821
9788381883627
9788328930971
9788382933130
9788328924482
9788381326575
9781846047831
9788368267877
9788375171198
9788382025859
9786175483992
9788310139955
9788380623163
9788377059197
5907762020138
9788365222374
9788383874579
9788367237024
9788382748802
9788383382111
9788311173620
9788368217278
9788372505583
9788383185866
9788368084375
9788383308135
9788382404043
9788383103853
9788328933194
9788382752663
9788301245757
9782072917752
9788383614274
9788328919020
9786175484609
9788326828393
9788382747034
9788328072558
9788373274495
9788367510646
9788375532609
9788395827006
9788380597259
9788383017419
9788301215842
9788368135473
9788328095106
9788383827223
9781784876111
9788328165908
9786175230374
9788383196862
9788383629988
9781784875749
9788381326070
9788368181401
9788363156947
9788381917124
9786177688739
9788301235611
9788383307374
9788381919609
9788377295960
9788381350006
9780241992210
9788375763706
9788383522739
9788381757119
9788327163134
9788327687906
9788320066142
9788382082784
9788376606835
9788383913926
9788367426466
9788382315745
9788380381056
9788383183657
9788328926431
9788384252840
9788327168474
9788370208394
9788365401748
9788327673091
9788328900240
9788367016667
9788383677569
9788328395367
9788325347482
9788380599918
9788327167958
9780789760395
9788383612256
9788383640860
9788382032666
9788381755160
9788367616751
9780723289036
9788383881232
9788368180817
9788328905337
9788383602356
9788384091272
9788364311277
9781786818942
9788383434070
9789664484975
9788381752220
9788310140364
9788326827037
9788328118492
9788367461870
9780099593584
9788383912783
9788328175488
9788308084199
9788383676906
9788378873952
9788382511611
9788382076738
9788383436531
9788308075609
9788382524864
9788311179332
9788368395099
9788328927308
9788329101950
9788327715180
9788383091112
9788328175471
9788327166807
9788381957588
9788395133473
9788375171136
9780241650967
9788382997767
9788328170162
9788381297936
9780552154635
9788383672458
9788328914193
9788383199474
9788368267853
9788367502900
9788397190856
9788382033700
9788328116597
9788383624396
9788325346638
9788381719209
9788384302248
9788383505756
9788368223965
9788382953961
9788383871608
9788383353692
9788328177000
9788326837807
9788382933512
9788361131939
9788320048728
9788383802640
9788381640152
9788382226447
9788328162785
9788382745177
9789664482018
9788363502478
9788382493061
9788395378232
9788383523316
9788383303710
9788367262156
9788377312520
9788328906921
9788384270240
9788382132359
9786171513051
9788366338357
9788382581911
9788367817721
9788324098743
9788383011523
9788381354998
9788368589511
9788383157955
9788383803494
9788382082708
9788311185364
9788377762509
9788368069440
9788382315561
9788368302226
9788383822846
9788383196992
9788382665123
9788380498983
9788367426787
9789661053563
9788380086203
9788382075205
9788381516150
9788384029459
9788382528374
9788367845274
9788383617756
9788328091238
9788383875323
9788328905252
9788383715070
9788368228458
9780241669754
9788383522227
9788383588643
9788366969742
9780241740613
9788368317664
9788301195557
9788384253083
9780241950425
9788384254134
9788367759434
9788301165642
9788382400793
9788383912721
9788301244712
9788324086887
9788382891966
9788383750668
9788383870717
9788383196534
9788311174412
9783791354668
9788362903764
9788383210087
9788383586793
9788324093359
9788326805295
9788384273852
9788382662061
9780133101171
9788327670120
9788384290668
9788364776571
9788383578378
9788382310887
9788381448000
9788368292084
9788328732872
9788383353425
9788381417419
9788383506005
9788328925274
9788368542240
9788383505763
9786177688463
9788328737358
9788324069378
9788310130327
9788328906594
9788382082982
9788368263350
9786171517981
9788380329973
9788380574342
9788328171718
9782070582419
9788382651003
9788328920125
9788365717955
9788368370416
9788366577442
9788368068726
9788301218386
9788381259705
9788381504126
9788326841958
9788383872124
9788383961347
9788383750637
9786171285835
9788382032338
9788383603018
9788383576053
9788381911993
9788381065627
9788383283418
9781409598992
9788383523484
9788382158120
9788328166912
9788382133974
9788384270844
9788366939691
9788383579696
9788382952216
9788384060964
9788381354516
9788382032727
9788327696984
9788368158281
9786171291447
9781398529489
9788327127280
9789664484623
9788383016504
9780008197056
9788382745566
9781464228629
9788320053685
9788381324410
9788367925969
9781529019650
9788328912335
9788383570198
9788368592320
9788308074411
9788383524191
9788367558297
9788382740271
9788328180123
9788380575776
9788368217506
9788380624689
9788380870529
9788381410830
9788365401564
9788366234826
9788381814171
9788373774636
9788368068993
9788378397519
9788396673367
9788328915312
9788382581522
9788368227260
9786175482049
9788382310894
9788367545914
9788384273708
9788382665079
9788382996746
9788383194752
9788374535243
9788375799354
9788379310098
9788381682855
9788308084236
9788382663815
9788384300169
9788366329362
9788327169846
9788383197883
9788383357768
9788381714174
9788383156750
9788327163547
9788328165304
9788384030417
9788301243258
9788396694041
9788301244583
9788368262735
9788367534185
9788383181035
9788308085974
9788368283655
9788308044568
9788381724159
9788328902770
9788382624915
9788367759489
9782846816120
9788381506267
9788370209193
9781784872885
9788383826677
9788327660992
9786171288409
9788383219240
9788383189680
9781292077963
9788368692136
9788383904092
9788383882208
9788327171085
9788308084953
9788381684798
9788311173378
9788301242510
9788365404428
9788381435406
9788383640242
9788382995763
9788383011585
9781804187623
9788379125135
9788382408584
9788373929944
9788367341950
9788383290492
9788383622590
9788328178298
9788392305163
9788382581416
9788324089581
9781800810471
9788373999381
9788397152496
9788383874531
9782267043020
9788368725056
9788383804187
9788382524475
9788396547569
9788383904139
9788367338172
9788397162839
9788382081817
9788384270394
9788395954757
9780006486121
9788380386082
9788328735866
9788328737938
9788382105902
9788301142032
9780008660239
9788383715919
9780007368594
9788308086704
9788383014388
9788368262414
9788381727099
9788301207489
9788368226553
9788308080115
9788308083529
9788383193830
9788382135299
9788301240936
9788368352764
9788497785891
9786177395675
9788367053945
9788382027341
9788328917866
9788383357720
9788383671222
9788381813778
9788367710176
9788846833525
9788383614489
9788325345334
9788382953411
9788382932980
9788381449694
9788384411209
9788383294490
9788310141408
9786178318390
9788386293834
9788328907263
9788383210186
9788382317299
9788367323444
9788379322855
9788383291024
9786171511156
9788301246624
9788381352833
9788377295861
9780571385027
9788328167018
9788383107882
9788383181165
9788382413243
9788328911147
9781398505278
9788381811583
9788383108186
9788367996853
9788382623765
9788382512724
9788381724814
9788384301333
9788383874142
9788328729735
9788382722772
9788381444071
9788328167919
9788328921658
9788383676197
9788328927094
9788381913294
9781977695314
9788383191737
9788382932409
9788394690700
9788375658996
9781974734399
9788301235024
9788325332044
9788383820873
9788383352817
9788384029602
9788380877061
9788324089307
9788383625898
9788367054843
9788384350089
9788308083642
9780241638682
9788380873452
9788301229603
9788381911603
9788383199153
9788328928817
9788382950267
9781909621626
9788383824321
9788383282824
9788382308396
9788383578453
9788368068108
9788367323451
9788395643330
9788383853048
9788395682483
9788382897791
9788382310672
9788368560381
9788367121811
9788367727723
9781638589297
9788328171206
9788383859361
9788308085981
9788383303147
9788384270561
9788362687404
9788370207007
9781035414536
9788381723923
9788327661456
9788364488184
9788367727006
9788382464481
9788382342598
9788383015750
9788380578197
9788381069854
9788384250198
9788381727419
9788384411902
9788320619829
9788379324279
9788383856377
9788326824579
9788301244262
9788382512212
9782330156800
9788383672250
9781803704906
9788380385467
9788076881174
9788383181653
9788383580425
9788328096011
9788367834780
9788384290743
9788362863396
9788301241360
9788382316315
9788384030165
9788384029077
9789669154088
9788397554603
9780241974902
9788367823081
9788301162825
9780141199610
9788365650924
9786176795674
9788384026663
9788308083000
9788382081879
9788381502108
9788384025321
9788381724012
9788373272156
9788328923072
9788383181882
9786176792550
9788383297767
9788375179989
9788367335096
9788380498402
9788381506823
9788301228842
9788327687241
9788396646293
9788320065039
9788382409833
9788383601342
9788327166616
9788308088586
9788383670386
9780008687694
9788381443166
9788367215923
9788366615335
9788382491487
9788368069969
9788378879251
9788301223281
9788382226911
9788853632142
9788375171891
9788377293942
9788320043075
9781529434996
9781911751113
9789669153203
9788366749467
9788380596900
9788383380834
9788381860154
9788326843792
9788308088241
9788328907720
9788328737433
9788382933529
9780789758682
9788383871776
9788382102611
9788324095759
9788311185951
9788383715278
9788324054961
9788328739246
9788360963418
9788384175903
9788366416253
9789664485071
9788324065813
9781529954272
9788383853789
9788370205706
9786177968022
9788384270264
9798225019280
9788368226140
9788382220858
9781804188439
9788328902893
9788381716666
9788384160626
9788381800846
9788325344054
9788383718972
9788301152581
9788383906577
9788395409608
9788383750569
9788381352222
9788311169906
9788327163851
9780753560068
9788382134469
9788383627540
9788368217520
9788383600208
9781847941497
9788381693677
9788397190726
9788381729079
9788384027233
9788367813617
9788382034820
9788382020694
9788362194261
9788324048496
9772353164340
9788328087521
9788310142542
9781292166155
9788328152632
9788328919983
9786177688470
9788381325844
9788381354523
9781509842896
9788381814768
9788320065794
9788382750300
9788383670102
9788381860253
9788383211480
9788321351292
9788327166067
9788367793131
9781846881732
9788324088393
9788311174979
9780008756819
9781804940266
9781526635266
9788367668927
9789664483718
9780702340574
9788328725744
9788325347079
9788368144536
9781408729465
9788301246976
9788383352459
9788384290651
9788383576619
9788383714370
9788328171756
9781785656477
9788375658446
9788381816076
9788382235999
9788381502221
9788368267105
9788363842901
9788301225452
9788323511922
9788381716093
9788368758436
9788382408966
9788368063141
9788308089033
9788383506234
9788323746799
9781464228605
9788383602370
9788383670515
9788308074565
9788382747072
9788382138108
9788328909694
9788382027280
9788368647228
9788383351230
9788328901971
9788328118515
9788365168115
9788383105130
9788367551151
9788325344320
9780241605868
9788370208813
9791022402774
9788327730022
9788327126962
9788308073216
9788383424989
9788379125210
9788383641577
9788381727778
9788383871073
9788365717634
9788383907338
9780241630877
9788328931022
9788382805666
9788383826974
9788380329461
9788367247214
9780861546732
9788368144598
9788384252413
9788373271678
9788327659804
9788383156842
9788368204667
9781399713740
9788368189100
9788381354530
9788305136709
9788367817257
9788323761822
9788383907994
9788383350721
9781846276958
9788383190907
9788383875996
9788381168366
9788367742528
9788381884723
9788382024210
9788366555082
9788381435154
9788328911529
9788382740134
9788383302669
9788379127061
9788327738455
9788381728058
9783499009167
9788383740447
9788308084175
9788324412105
9788383713120
9788379325887
9788381885621
9788328153745
9788365400543
9788382311471
9788367093682
9788308080986
9781292208398
9788380598546
9788383576718
9788375178043
9788383357751
9788381448017
9781400337897
9788324092987
9780007527502
9788367790376
9788382932492
9788381351430
9788372723314
9788382138993
9788328921443
9788383574059
9788381414807
9788383010236
9788377138939
9788382411522
9788381755849
9788383858197
9788383435336
9782253934417
9788374271011
9781784704858
9788367685337
9786175230398
9788324400829
9788383623580
9788382660807
9788381109611
9788366762336
9788324090044
9788381889933
9788328726239
9786171507173
9788328905764
9788383882437
9788383523163
9788383904894
9788381354684
9781784878887
9788383354545
9788324067787
9788382995107
9788383225005
9788377762721
9788311174870
9788301241773
9782822211284
9788328727298
9788383719245
9788384410042
9788301243531
9788381258258
9788367551489
9780008646745
9788377760222
9788382658569
9788366325067
9788327165961
9786178093020
9788328725782
9788379761258
9788380387379
9788373929463
9788328164901
9788383617411
9788381885126
9788383613932
9788301238032
9782253005902
9788301242992
9788382741438
9780141345741
9788383199221
9788380329102
9788328047921
9788383384092
9788324068050
9788324074730
9788384174760
9788328922310
9788382493092
9788383434261
9788492649518
9788381721097
9788383521688
9788329101875
9788368647198
9788397128132
9788382157079
9788383905150
9788381326940
9788383710099
9788382250367
9788384171271
9788367324601
9788366404601
9788364526732
9788367793285
9788383579726
9780007920709
9788383216683
9788383107592
9788328174887
9788320066449
9788324400539
9788367502863
9786177940769
9788381885096
9788383211510
9788381437653
9788382411331
9788381885614
9788381815482
9788320051513
9788384271230
9788368267143
9788383210193
9788301241803
9788368541601
9788367793346
9788381500111
9788368367584
9788301230142
9788327168344
9788383523040
9788308084151
9788301184179
9781780898339
9788375781557
9788379323425
9781854598318
9788382410891
9788368226065
9788308084731
9781474942997
9788301241353
9788394678692
9798886631418
9788375063592
9788383194660
9788384030820
9788419702036
9788368800609
9788383106502
9788301220075
9788326840166
9788328729698
9788382582369
9788384172810
9788381067294
9788383600963
9788382749229
9788383306735
9783551557452
9788383910079
9788367288163
9788327672087
9788368589801
9788382307399
9788327127983
9788383911380
9788328921788
9788384390382
9788383228648
9788383297279
9788368516524
9788382029086
9788383193816
9788382082999
9788382073881
9788367685696
9781398622548
9788384250532
9788327687487
9788379154333
9788384026588
9788368471618
9788308053065
9788382076714
9788320048629
9781408372722
9788370209872
wiedzmin-komplet
9788383182636
9780007574612
9788367948289
9788381434973
9788328170063
9788382932591
9788301216733
9788328909618
9788328722989
9788368380477
9788383218304
9788368158410
9788324069521
9788382022834
9788327165886
9788375179194
9788327168405
9788324086672
9788382133943
9788381919920
9788367665285
9788381917810
9788382403954
9788384250594
9788368033267
9781409582038
9782017863410
9788382581461
9788383154237
9788396795878
9789661545716
9788379321698
9788328155701
9788366899001
9788308073827
9788376201924
9780552175340
9788384275122
9788368639247
9788381755061
9788383505374
9788381109307
9788328906280
9788368610031
9788328734135
9781853261008
9788383100012
9788381885430
9788382317145
9788301246136
9780552175715
9788368647266
9780141339139
9788308085677
9788367925303
9788381814089
9788397090590
9788383873015
9781910702680
9781909621411
9788324068371
9788328099975
9788382729320
9788384061244
9788324058662
9788379127719
9788328926912
9788328915763
9788377760314
9788325343040
9788366603318
9788383623498
9788328919303
9788383601144
9788328713284
9788328733244
9788383884219
9781787636071
9788328730632
9788301238759
9788383298566
9788301247706
9788367616652
9788311174429
9788328913912
9788328170254
9788392484912
9788328178373
9788383523057
9788383014401
9781405291767
9788328711327
9788301194567
9788301246549
9788380380196
9788381879194
9788383383620
9788368205671
9788361298373
9788382138337
9788383353937
9788308084007
9788324068760
9788301240479
9786171500242
9788301165406
9788377798379
9788325341497
9788383015200
9788366729278
9788382990720
9788383353098
9788371347832
9780241397350
9788368364477
9780552160896
9788389239969
9788328935136
5900336013628
9788366729001
9788384186084
9788384273739
9788301225735
9788328170520
9788368471137
9788367867320
9781445182629
9788368262599
9780141394596
9788383880440
9788328728158
9788383350295
9788383185064
9788367759380
9788382932850
9788308070406
9788383714356
9788383910314
9788383532936
9788383522425
9788382082234
9788374899031
5906154099509
9788383855868
9788383504896
9788382656657
9788384027370
9788311172890
9788325348052
9788328925786
9788381419390
9788375175882
9788384063743
9788368370607
9788382227499
9788301181499
9788384182444
9788396646217
9781399611466
9788862749213
9788368283327
9788365650788
9788382743364
9788310140708
9788383960906
9788301241599
9788308086117
9788328151918
9788383356914
9788367817547
9788382072266
9788383353678
9788382081640
9788366630482
9788367996228
9788311174221
9788328395909
9788301242435
9788366107441
9788383381121
9788381353281
9788383013787
9788320049596
9788327168337
9788382026993
9788381950947
9788328911246
9788384391235
9788381886451
9788381435727
9781804296226
9788383676142
9788311173804
9788381889865
9788377293751
9788379649686
9788381394031
9788366178441
9788301236717
9788310143686
9780241992401
9788382070859
9788320052213
9788381684439
9788310143181
9788382893946
9788380746602
9788301234294
9788324090464
9788328735842
9788383503134
9788445013960
9788383625553
9780007140060
9781529021844
9788382251920
9788383357911
9788381881272
9788383824826
9788367480253
9788378876809
9788365170842
9788324412150
9788381914932
9788368367614
9788366057937
9788375534177
9788383523965
9788368218541
9788382932539
9788380594784
9788383624310
9788326842016
9788383305196
9788378748731
9788368541366
9788380329966
9786171515451
9788383914114
9788383850412
9782362561658
9788368516500
9788395960512
9788383908632
9788382899399
9788381815673
9781783415786
9788383355290
9788301218317
9788396997142
9788368302257
9788381715102
9788327164087
9788328388031
9782350785493
9788383010564
9788328151444
9788327164568
9788382740257
9788366416673
9781780220710
9788383715025
9788383851051
9788383961033
9781526637888
9788368541687
9781405933674
9788378432616
9788368045932
9788383713304
9788381886239
9788382314366
9781035412860
9788328733015
9788382411317
9788381917612
9788374899697
9788366749139
9788383151205
9788383106991
9788328923867
9788368542080
9788383912677
9780241999844
9788384256824
9781526626585
9788394094157
9788395409615
9788368380507
9788383221908
9788327423955
9788383109305
9788327673206
9788366232563
9780571334650
9788383216164
9788383380780
9788365601261
9788380086166
9788383219219
9788383157856
9788383980553
9788328733695
9780143129745
9788376609904
9788328925311
9788383522838
9788367715676
9788397047808
9788383573052
9780141396507
9788324094745
9786175231333
9788408072799
9788383851822
9788365401502
9788325347437
9788324079216
9788382999884
9788397275973
9781464228575
9788324067428
9782350786568
9780008774585
9788395366307
9788325347475
9788381715126
9781405283885
9788328178892
9788382891737
9788383871950
9788381912488
9788308081693
9788325345013
9788382744224
9878374443517
9788382132014
9788325347987
9788394678616
9788327658678
9788382528282
9788380537972
9788327746474
9788383292045
9788408163442
9788328067141
9788383304519
9788381910859
9788384029589
9788379649594
9788328377370
9788308086742
9788323737575
9788383623443
9780008532819
9788375172263
9788383215822
9788366237940
9788383611952
9788383600888
9788380748194
9788382952414
9788383911564
9788382080773
9783423718622
9788383573250
9788383302157
9788375176513
komplet_lektury_klasy_1_3
9788301232627
9788381503020
9788328166301
9788383850054
9788382529548
9788301223151
9788384258392
9788383623085
9788383381916
9788310140609
9788326842818
9781838854805
9788381440998
9788367949385
9788311177352
9788383981185
9788328161733
9788367135030
9783764531027
9788382744439
9788383717159
9786178318628
9788381354400
9788383615493
9788419735201
9788383350073
9788367426732
9788396660145
9788382495089
9788320064810
9788301223519
9788383195988
9788382994360
9788328071582
9788368059298
9788367022002
9788383522234
9788381687256
9781847493521
9788320043921
9788328169036
9781526650535
9788328153868
9788382032277
9788377799383
9788310144041
9788367513715
9788382079722
9788368217353
9788395303760
9788384290620
9788378879510
9788367075749
9788384028605
9788373272705
9788326836633
9788381504089
9788324236664
9788368541724
9788360963111
9788380594807
9788381714020
9788367759212
9788324411344
9788381146272
9788383350226
9788383913889
9788320044935
9788368473285
9788368205480
9788365170156
9788328915800
9788367515108
9788380794269
9788379128044
9788375748666
9788383180274
9788383216171
9788396749406
9788366603707
9788327680839
9789664485088
9788383673608
9788383904429
5900336013635
9788327125910
9788383601809
9788320063288
9788396449450
9788383012858
9788382107050
9788328911260
9788368181227
9788382659863
9788381503648
9788382032116
9780753553916
9788381577052
9788483235294
9788328165915
9788375181838
9780552576789
9786171516748
9788381712125
9788301237240
9788364077036
9788320053425
9788324060108
9788367816410
9788383384238
9788383191843
9788324099610
9788382748574
9788308081563
9788383625508
9788382464801
9788367665216
9788368132335
9788301227845
9789664483442
9788382494655
9788368535143
9788376603223
9788383105727
9788367974400
9788395545825
9788382523409
9788382083132
9788326838880
9788324067978
9788383189239
9788397263314
9788383821139
9789664480298
9788328162006
9788384300213
9788381713689
9788382402483
9788384350188
9788328171961
9788383904122
9788382991901
9788324046201
9788362737734
9788366335530
9782253104216
9788382995596
9788499893747
9788328177116
9788381354967
9788328920248
9788382658514
9781409314196
9780195288568
9781948174442
9788328734340
9788367834070
9788301149659
9788367834483
9788375175776
9788383298511
9788310142733
9788368109153
9788383670096
9788383017204
9788383211527
9788382750539
9788324411320
9780349433806
9788328383661
9788382526424
9788383588070
9788381950619
9788366555068
9788383229249
9788367815789
9788328168459
9788328736634
9788383010007
9788490569412
9788365222909
9788384172582
9788382520477
9788382082241
9788382629897
9788308085011
9780241597019
9788327167620
9788328734630
9788383715964
9788382933109
9788383912240
9788383710198
9788365739407
9788383913766
9788383382265
9788326841040
9788383522272
9788301247416
9788380578951
9788328916463
9788383621470
9788383350387
9788383874128
9788301144814
9786178318307
9788368121582
9788328164772
9788327127068
9788383295602
9788379719921
9788368516869
9788373998476
9788381578271
9788384252208
9788370208974
9788383296920
9788383198361
9788381325332
9780241649039
9786171286450
9788383716657
9788368045192
9788384252468
9788383820453
9788382660623
9788328732513
9788308089125
9788375659252
9788382953862
9788328915404
9788397468405
9788310139214
9788377409138
9788378867647
9788383615851
9788384186114
9788395895982
9788368226188
9788368263671
9788383874111
9780356514215
9788384026830
9788328165717
9788384022436
9788383530772
9788367075800
9789664480663
9781250172556
9788382952704
9788364505805
9788382891768
9788383672243
9788324061327
9788368370829
9788382808834
9788379711758
9788383712406
9788383500942
9788308083932
9788301245689
9788382028188
9788381398268
9788328925649
9788308088975
9781409131939
9788367135320
9788368560930
9788384381977
9781784872724
9788383616186
9788301185220
9788384490334
9788370209773
9788384273456
9788383874517
9788381444392
9781804959602
9788301214272
9788383207391
9786177960675
9788375178678
9788383905938
9788384252987
9788383811475
9788380089747
9788383626130
9788383224183
9788382026979
9788320050295
9788382310207
9788368549294
9788368367140
9788383199016
9788324088560
9781473680418
9788393645107
9788381915694
9788367817448
9788301247393
9788381716772
9788383581040
9788381065849
9788367817264
9788327738394
9788383194714
9788382138870
9788383803142
9788368352092
9788379716593
9788383871851
9788394850289
9788381919432
9788368402162
9788383679174
9788366526211
9788368087239
9788382991048
9788383383132
9781835407417
9788383522760
9788368471595
9788383504308
9788383250335
9788383196336
9788383183510
9788328733909
9788328170131
9788367996365
9788301231361
9788368592276
9788366237568
9788384181652
9788367551687
9781911746140
9788368352320
9781538771600
9788383380674
9788327166777
9788381544115
9788383351391
9788381448130
9788383520568
9788367996464
9788382808803
9788376603216
9788327680235
9788396649263
9788383531786
9788380875234
9788383750699
9788379127962
9788394964184
9788383913865
9788383299600
9782378561123
9788383910444
9788328732469
9788366005976
9788368180015
9788382996753
9788383710082
9788328173422
9788380747272
9788382029048
9781784973193
9788368542554
9788367513357
9782253940845
9788324083701
9788384030684
9788382932362
9788382720334
9788328080386
9788326844812
9788328178366
9788320057638
9788397059276
9788381687119
9788366501294
9788396831118
9788384271964
9788383521732
9788373271708
9788382520453
9788365842190
9788383960876
9788377297179
9788327106889
9788383293707
9788383577432
9788383532776
9788328161061
9788324028573
9788325334727
9788310143549
9788384061619
9788383677767
9788383014418
9788383291321
9788380434172
9788382223378
9788382895605
9788383871585
9788383350370
9788380152588
9788383290195
9788382997866
9788383523095
9788383875972
9781529953800
9783829764001
9788368560022
9788367022903
9788327672476
9781509838851
9788383911915
9788393771196
9788382899641
9788380872516
9788382407518
9788380730403
9788308085332
9788327169426
9788328175266
9788366586963
9788378878391
9786178318154
9788368226003
9786177537822
9788383211879
9788328169630
9788368468229
9788381914673
9788373277489
9788328915411
9788377761502
9788328906020
9788368549805
9788380651661
9788380384804
9788383105925
9788368352627
9788367817738
9788378459095
9780241630891
9788384061565
9788311158689
9788301248345
9781405968973
9788379127573
9788328931718
9780099562979
9788373779303
9788301195120
9788382316179
9788328353404
9788383905372
9788324088300
9788382075922
9788381726795
9788396775863
9788368240559
9788381883566
9788373194922
9788382993875
9788384252833
9788368059090
9788382725322
9788382658828
9788367715409
9788328919471
9788365602589
9788383911748
9788367534178
9788301242664
9788324095803
9788308081778
9788383194950
9788368240511
9788383740973
9780241003008
9788383520698
9788383209753
9781035428939
9788368479164
9788368380064
9781529386820
9788384410219
9788327169570
9780755359424
9788324094257
9788383602066
9788383874135
9788328175617
9788308085547
9788383228266
9788368263381
9788383213262
9786171515468
9781847498861
9788394590239
9788383196855
9788383875286
9788368542417
9788373993594
9788382461220
9788382511833
9788311178557
9788384301128
9781529978193
9788327498144
9788301233310
9781399611404
9788383587165
9788381562942
9788397018464
9788383962993
9786175484197
9788383602783
9788397190153
9788320061659
9788383215952
9788367793025
9788384027141
9788368069464
9782070419227
9788373504943
9788382029024
9788367545884
9788301237554
9788367974349
9788328727908
9788328730076
9788377404188
9788367512312
9788382653311
9788368109030
9788328398122
9788327127891
9788383294919
9788328909243
9788324098262
9782330156794
9788367178471
9781782955504
9788366960954
9788301242169
9788381067300
9788324055777
9788375172898
9788374761758
9788375798128
9788328737297
9788382995978
9786176794769
9788320060379
9788383602462
9788383158372
9788328164482
9788328714700
9788380748231
9788384275351
9788381720922
9788388922886
9788381811682
9788375659214
9788368692747
9788383195964
9788397548961
9788370209162
9788326838156
9788382652628
9788328164574
9788311169555
9788328165977
9788367014496
9788375658576
9788383884271
9788383719092
9781464244674
9788382728880
9788328162198
9788328151963
9788382952711
9788383532325
9788368217445
9788376602769
9788320040791
9788328337343
9788383197326
9788387025700
9788381354868
9786178437855
9786175483978
9788383293448
9782075187749
9788368132571
9788366409347
9788379127382
9788324064182
9788367217538
9788381886826
9788382409345
9788382654561
9788366356399
9788383195001
9788328096219
9788328178137
9781444758832
9788499081281
9788383298986
9788395681622
9788382950489
9788327673046
9788360297704
9788327731227
9788383712413
9788384381151
9788324411283
9788383901749
9788382409840
9788327126948
9788384290217
9788384256398
9788382664782
9788324074570
9788368205565
9788301119027
9788383742014
9788367512787
9788382109771
9788320042948
9788382520002
9780861545896
9788367084284
9788383801827
9788383909455
9788382139471
9788381326889
9788375178340
9788328928299
9788383194530
9788383188508
9788308086094
9786171511064
9788383105697
9788383213156
9788382624656
9788384182031
9788366243200
9788367813457
9788381444033
9788383522166
9788328353497
9788383155616
9788383717128
9788383180694
9788308081075
9788328169371
9788383912974
9788364565953
9788323722502
9788370207595
9788373929883
9788383432229
9788383913339
9788367121675
9788380742505
9780241418826
9788320057829
9788383602530
9788383196091
9788380919594
9788368053302
9788376491875
9788381713825
9788380748118
9788367219891
9788383381671
9788368473223
9788367690829
9788327663078
9788328365810
9788383521763
9788368338232
9788382896084
9788301221157
9780241550540
9788325344030
9788381917605
9788328162082
9788383573700
9788382809411
9788373394384
9788384270196
9788382745283
9788382743920
9788326841200
9788367931090
9788308080191
9788383713625
9788382133400
9788383382098
9788380579002
9788384411247
9788383876467
9788328730175
9788381916462
9788368610239
9788324068074
9786177973439
9788373999978
9788378980728
9788853635068
9788327662392
9788328735590
9788383150574
9788382106275
9788383990118
9788328167940
9788383522517
9788362779185
9788328091696
9788383357188
9788382104806
9788383188966
9788380574045
9788381325912
9786178012199
9788301234553
9788328084988
9788368370379
9788383718088
9788380576322
9788383207223
9786177688531
9788311181069
9781974714827
9788382341386
9781399633772
9780241550533
9788368610475
9788384350133
9788327482839
9788382661903
9788377760895
9788383622583
9788325346829
9786175850367
9786178012922
9788381445979
9788328170704
9788368053241
9788383670829
9788397509207
9788308086834
9788373272682
9788381419727
9788382750782
9786171514072
9788379673049
9788328161542
9788497935609
9788325344696
9788308085714
9788384300176
9788380497795
9788396465894
9788383107622
9788383198149
9788383353081
9788383019543
9788311183278
9788383910239
9788368158519
9788383107950
9788383197616
9781408856772
9788367891523
9788380329669
9788381351881
9788383010441
9788326827143
9788380578548
9788324095230
9788382405057
9788328174030
9788469836453
9788381297110
9788382028478
9788382658521
9781472127037
3210000000000
9788382526721
9788383010700
9788379128099
9788383186245
9788368823042
9788366657557
9788375765663
9788383520865
9788382498462
9788384270219
9788367742221
9788384173985
9788383355962
9788367551601
9788382809497
9786171500211
9788375365399
9788367859448
9788367327459
9788365558268
9788325345600
9788383990019
9788382167917
9788328197596
9788367867818
9788383913131
9788308068212
9780241243268
9788368262582
9788384024331
9788383504889
9789403215167
9788384027400
9788380385047
9788375174960
9788383627199
9788326843969
9788381914178
9788328165632
9788368045970
9788383190921
9788381757485
9788383910994
9788383480770
9788326826474
9788373928824
9788328915688
9788383353913
9788380082472
9788368043532
9780241599198
9788368223040
9788301226282
9788383877433
9788383520889
9788328178441
9788308064016
9788328729834
9788366790841
9788383356037
9788368005516
9788380085251
9788327746221
9788310140227
9788395261848
9781473231061
9788383800745
9788383676579
9788324068418
9780349434278
9788328926455
9788367360357
9788328916364
9788375780468
9788368228359
9788383103419
9788383506029
9788383523897
9781409550259
9788328717381
9788378980674
9788365925183
9788383093536
9788383106625
9788322452110
9788381712262
9788367195591
9788368436815
9788328072787
9788383015255
9788378868699
9788383677675
9788374279420
9788373277540
9788328731851
9788366429031
9788308086575
9788380656680
9788367545730
9786178373658
9789667047290
9788383879222
9788383628820
9788383960234
9788383106595
9788419654915
9788384252963
9788383913186
9788383672182
9788328165021
9788368044720
9788375762846
9788383227627
9788382661750
9788383354187
9788383679518
9788498387940
9788328162402
9788370206352
9788383852515
9788366232242
9788327460318
9788382991871
9786178178734
9788383196077
9788328174214
9788383582955
9788379158058
9781509826377
9788367867955
9788368240443
9788379124398
9788383602189
9788367616935
9788301243104
9788383676562
9788383576145
9781509827794
9788324092895
9788368742046
9781292142234
9788363156565
9788367137140
9788324013876
9788379649549
9788328727588
9788370209827
9788382413045
9788383570273
9788383382531
9788368352931
9788301236168
9788328909359
9782070200184
9788324067985
9788375781960
9788368005035
9789661091213
9788382529579
9788360850541
9788382084436
9781335534590
9788382105872
9788326839528
9788381958400
9788366263987
9788380874053
9788384174173
9788324060665
9788375658743
9788383015774
9788381914222
9788383522494
9788383877907
9781975371036
9788393583799
9788368371666
9788384021705
9788367805476
9788381816281
9788383296265
9788383433486
9788370208387
9788301248116
9788373019195
9788368283525
9788367759403
9788383582436
9780241295564
9788383826943
9788325341862
9788380342262
9788382134926
9788382582314
9788328911116
9788384381106
9788383581651
9788383713908
9788368044904
9780134306407
9788328096042
9788377479070
9788367343626
9788846810793
9781408845660
9788376099453
9788383533933
9788383905235
9781409350156
9788384174067
9788301230609
9788383380179
9788383010526
9788368242225
9788382109658
9788301243333
9788327127754
9788383803777
9788383913698
9788367793438
9788327687159
9788366650534
9788397035423
9788364488498
9788367512879
9788381230056
9788383523439
9781471408960
9788368367973
9788328158900
9788366863286
9788383719009
9788383874548
9788382662238
9788382749595
9788383610931
9788384252239
9788383211640
9788327662651
9788383579535
9788324084456
9788383885742
9788382411492
9788368295535
9788382072310
9788328166059
9788328999343
9788381167574
9788310141972
9789661090025
9788382313376
9788383208022
9783126740074
9788397496729
9788301241704
9788310143563
9788381353502
9788383629575
9788311172265
9788328906990
9788382251425
9788367665322
9788328145320
9788382108507
9788383740720
9788324078530
9781509824908
9780008350451
9781974710041
9788368367348
9788383740508
9788328170377
9782072950377
9788383629537
9788375653274
9788327170835
9788328157583
9788382314618
9788383523071
9788310139054
9788382750676
9788382663099
9788308086025
9788382134858
9780008643027
9788427039650
9788384174739
9788382529135
9788383354910
9786178401979
9788308080412
9780753519875
9788383182957
9788374829403
9788368338423
9788327686640
9788379150083
9788324094400
9788366912229
9780241618110
9788384027080
9783126751247
9788383625935
9788328923782
9788383522845
9788383010489
9788384183717
9788301197889
9788324095049
9788397401730
9788308083758
9788383585420
9788367054942
9788328167568
9788328922136
9788381919623
9788382724172
9788301173838
9788383676555
9781529147506
9788308088937
9788383586229
9788384290736
9788324093557
9788321351162
9788326824104
9788375659245
9788367974547
9788368589672
9788366243187
9788383350868
9786175480595
9788328174375
9780133347968
9788383382852
9788366939608
9788323566496
9788381430869
9788382028164
9788383962832
9788382899597
9782070416851
9788384029626
9788311176195
9788373929067
9788384182765
9788373271791
9788383677576
9788380594722
9788368541335
9788368364699
9788383619033
9788328141407
9789669935946
9788382135992
9788368382181
9780241459072
9788383903835
9788382528077
9788382032567
9788326845215
9788383911908
9788383601038
9788328736245
9788328155718
9788383218069
9788326733574
9788382312126
9788380746053
9788367288262
9788383013084
9788382662535
9788311173897
9781784872588
9780723286288
9788325345570
9788395015854
9788383614342
9780141377094
9788382628210
9788383912820
9788382748642
9788383208015
9788383199610
9788374271974
9788328903807
9788367324199
9788366237933
9788324069071
9788384172605
9788381168441
9788368044485
9788381910019
9788311183209
9788311181410
9788382524482
9788381415569
9788383617732
9788377761373
9788327165121
9788328085213
9788328911178
9788381724951
9788366753440
9788301219864
9788382996012
9781526687142
9788384020685
9788382897524
9788368352061
9788382659610
9788301227678
9788301233747
9788367545129
9780241412725
9788382652352
9788383297187
9788383751245
9788382524062
9788328089068
9788380027473
9788381725262
9788363957780
9788382033175
9788382724189
9788328169524
9788368097146
9788383611136
9788324069026
9788320061338
9788328919488
9788308089118
9788328165342
9788328099043
9788383297248
9788383353920
9786171238657
9788383852980
9788366328976
9788381445320
9788301140823
9788327167187
9788382307948
9788382310580
9788381812528
9780241624289
9781529160642
9788383217628
9788382744125
9788365341389
9788368262292
9788383621166
9788381444316
9788367845281
9788383105956
9783835306493
9788366178755
9788384180198
9788368059816
9788383502953
9788379125586
9788328151895
9788301222093
9788381353427
9788383018256
9788367889322
9788301245306
9788382664881
9783551358059
9788380577084
9788383295756
9788368364774
9788381294904
9788383383866
9788382582345
9788383850863
9788324095957
9788382316322
9788381915090
9788363502096
9785041110468
9788301204129
9781638585541
9788375176919
9788311174580
9788328110274
9788366866225
9788383910642
9788327162229
9788381354615
9788381394123
9780241597064
9788375799361
9788375176131
9788383218007
9788383877150
9788381503372
9788383294476
9780141359939
9788382084061
9788382291377
9788328389878
9788305136730
9788382224726
9788381500777
9788383910741
9788367817752
9788328173330
9788384024232
9788498480559
9788381415729
2000511100006
9788382751321
9788382659986
9788380497764
9788367668026
9788382998054
9788367996327
9788383523798
9781292248400
9788384291269
9788396349620
9788367054645
9788383875880
9788382316582
9788381883634
9788382308525
9788380497917
9780753559024
9788383109398
9788327167538
9788381782036
9780141340821
9788382743319
9786171516885
9781472248183
9788382526820
9788370209384
9789669788023
9788324055661
9789667047276
9788383106496
9788328164819
9788373272262
9788367690362
9788382655599
9788301237738
9788301230944
9788381354264
9788381918763
9788382154795
9788397554689
9788384382219
9788381914048
9781526637840
9788328736498
9788365345653
9786175230282
9788328723788
9788379934607
9788382620290
9788380596306
9788366981324
9788327660985
9788326824920
9788383195780
9789603611738
9788383522890
9788381069304
9788382953725
9788853643957
9788327166029
9788301228859
9788383850047
9788367710619
9788373778573
9788328730984
9788383356198
9780241562284
9788326840593
9788384411568
9788325336424
9788382743975
9786177537846
9788368611137
9788328174351
9788325341138
9788311173422
9788328907492
9788383435688
9788365646491
9788383619392
9789666799657
9788373928015
9788383090559
9788375798920
9788381686433
9788327166722
9788382995640
9780241340189
9788368592290
9788311186521
9788320062977
9788383524207
9786175230657
9788368258660
9788325348618
9788383217901
9788375178708
9788368381061
9788382828016
9788381914321
9780241399873
9788328900271
9788380874190
9788308086247
9788368536492
9788382528091
9788328922273
9788382026917
9782070585205
9781784871765
9788326841217
9788380598430
9788383381701
9788383820606
9788381500760
9788328925120
9788328177208
9788363965372
9788368479621
9788382405972
9788382034417
9788382995374
9788382310566
9788368204681
9782070373581
9781035020164
9788380626065
9788301247454
9788383520513
9788366753341
9788364384530
9788327126825
9788367931106
9781783786138
9788310135179
9788383990408
9788368371000
9788367262118
9788383102641
9780008554392
9788383571010
9788383905686
9788382652345
9788383199375
9788367164177
9781784872755
9788383383071
9788301225032
9780241550670
9788324092727
9788389933867
9788383906454
9788383213101
9788383214856
9788367545457
9788383307251
9788328914858
9780241568477
9788383355627
9788378450207
9788328169661
9788383719108
9788301230081
9788383915722
9788375174946
9788381325615
9788373998964
9788384290071
9788381503754
9788381503785
9788327717467
9788367891820
9788301221164
9788383521428
9788382317800
9788310137166
9788301230180
9789664484487
9788308085004
9788382528398
9788381725477
9788311160873
9780273772170
9780593054642
9788382343717
9788375652567
9781509306725
9788382753219
9780349440668
9788327663412
9788308084274
9788328393134
9780132867566
9788311180369
9788328015494
9788363786151
9788367334846
9788383384474
9788383291284
9788382032086
9788383107660
9780368160011
9788382341911
9786171511606
9788378867111
9788310137753
9788366263284
9782016264140
9788384029503
9788380572386
9788383433608
9788366729469
9788383351834
9788367530286
9788382131284
9788381885959
9788381028202
9788327668936
9788328920897
9788368302332
9786176797128
9786177688234
9788368263190
9788382528657
9788383980980
9788381919630
9788384185117
9788308086964
9788368068092
9788383671765
9788383716855
9788301228071
9788379324972
9788382137033
9788384028940
9788383610146
9788328904606
9788383433042
9788375173031
9788367813464
9788382139402
9788301173951
9788381447560
9788308089156
9788382740622
9788383879284
9788301243401
9788328172180
9788396010766
9788367555333
9788384241769
9788381435086
9788383306179
9788301179588
9788368005301
9788368742145
9788382748765
9788368135619
9788324093922
9780241735657
9788325702199
9788368217339
9788328906495
9788328924321
9788382990652
9788383876900
9788327166760
9788366967236
9788381918367
9788308086988
9788328907270
9788301143404
9788367406154
9798893736304
9788383350660
9788383610535
9788382314410
9788383532905
9788379648795
9788311180703
9788328092839
9788367137096
9788383383682
9788368191486
9788365401496
9788384185070
9788377292334
9788383589558
9788382496093
9788327688118
9788328098725
9788367757638
9788383602721
9788377735152
9788328933750
9788381354820
9788366328860
9788382828771
9788381889940
9788384025031
9788378875062
9788328739840
9788367974141
9788383588285
9788326841996
9788383012735
9788365400369
9788383017426
9788384027196
9788383107691
9788328166738
9788327107084
9788382524338
9788367075350
9788381353083
9788328911079
9788328066182
9788325343231
9788382650471
9788311178755
9781509825363
9788365645128
9788310139733
9788324088706
9788381919968
9788396745101
9788381500357
9788382083989
9788324087136
9788381909143
9788383751238
9788328916777
9788383740904
9788368560107
9788368069204
9781408181157
9788328178106
9788368228328
9788368087031
9788383882352
9788327660930
9788381861816
9788383435367
9788383613741
9788301236793
9788368227420
9782072902291
9788383742182
9788381351607
9788383212678
9781784706623
9788383383279
9788326837388
9788310138248
9788382080513
9788324057474
9788301205294
9788384026571
9788384270028
9788328731745
9788368283624
9788381418041
9788301230067
9788375656169
9788311169920
9788367402446
9788382440997
9788328924888
9788383611303
9788384185643
9788383016528
9788383719337
9788328926103
9786178253295
9788311182257
9788383912165
9788368265415
9788383216812
9788327730756
9788383532875
9788311174290
9781800817500
9788324070893
9788328172012
9788327127471
9788383357225
9788381913959
9788383291253
9788383183596
9788368295719
9788383193588
9788362836680
9788308070062
9788328912687
9788382581638
9781784876623
9788324401796
9788382529883
9781974751884
9788383355337
9788327672629
9788384172490
9788381752237
9788370158729
9788368283389
9788365846471
9788383627625
9788382078916
9788383523682
9788324052271
9788380387874
9788380383876
9788310143358
9788384020159
9788325341169
9788326838217
9786175484548
9788367212595
9781846275975
9788381549950
9788396475633
9788381540896
9780241463079
9788301208202
9781473231108
9788382723779
9788381326094
9788382749816
9786171508972
9788324094202
9788324060160
9788383622118
9788327127242
9788368158847
9782842057985
9788328904323
9788383911854
9788328162686
9786177688968
9782253106630
9788383600932
9780241396957
9788381474542
9788382726954
9788382724240
9789660389762
9788368180671
9788382998535
9788383912387
9788363667979
9788466379991
9786178441432
9788383198224
9786175484494
9788382020588
9788365168276
9788328165373
9788383803326
9788384181201
9788384390559
9788311185661
9788301233228
9788383380056
9788327165107
9788382033984
9788373440623
9788368383232
9788328728066
9788301244668
9786178318253
9788382727586
9788328914247
9780241558317
9788383850993
9786177940912
9788367867634
9788383431406
9788320058147
9781398527560
9780241558959
9788301196400
9788381324168
9788383355221
9788381714488
9788384182000
9781419749469
9781509842926
9788382136807
9788367512947
9788328736863
9788383804637
9788367790314
9788368189506
9788381398220
9788375798463
9788380982666
9788384020777
9788326845154
9788383873282
9788328729803
9788383153339
9781444941845
9788328175433
9788367212663
9788383901510
9788384183137
9788383600468
9788389136206
9788325346997
9788328906624
9788383207209
9788367889261
9788384171783
9788367510653
9788328903876
9788379124558
9780141469010
9781405507752
9788383713229
9788328380936
9788367084741
9788381884716
9788382748833
9781836047148
9782070360024
9780008499761
9788328071391
9788382744637
9781398527621
9788381882262
9788328333833
9788365400383
9788382653793
9788380328624
9788383290232
9788366436909
9788367217514
9788383158471
9788328007871
9788324068296
9788301217174
9788383300825
9788328735095
9788368226362
9788327747341
9788328327313
9788383354019
9788324411009
9788382134414
9788308085479
9788374953962
9788308086971
9788301237967
9788383199245
9788301235710
9788382726848
9789463990332
9788383801384
9788368402117
9788368144123
9788383619965
9788367513722
9788383012759
9788382722086
9788384180976
9780321815743
9788382729054
9788382034714
9788383103327
9788383911847
9788383215372
9788301241902
9788383615790
9788382724998
9788311172968
9781909621664
9788381433198
9788367237772
9788366712263
9788375175011
9788328094789
9788327738684
9781405915199
9788366969698
9788301229252
9788396011404
9788327126658
9788301223496
9788383884004
9780349438467
9783836593625
9788380747449
9788377294444
9788383091457
9788328737174
9788381860161
9788382028171
9788328735644
9788368191363
9788375780949
9789606930065
9788367502092
9788382953466
9780241330135
9788383093017
9788375517828
9788368068795
9788370203931
9788368044478
9788307035383
9788382722109
9780241516270
9788327695710
9788320619317
9786176798491
9788367212557
9780751374230
9780140390315
9788383855134
9788379126118
9788383574929
9781529004335
9788382162493
9788367727235
9788328917637
9788308085066
9788328088306
9788375796414
9788368068733
9788384029633
9788368589498
9788076880054
9788382995565
9788365650771
9788328164529
9788328178328
9788382529067
9788383430515
9788383812182
9788367071703
9788328162495
9788396025821
9788382723793
9788383214696
9788381394154
9788383882512
9788301219918
9788367054546
9788382628487
9786177940400
9788379156634
9788328906709
9788311180659
9788383523477
9788397162877
9788383199122
9788395948183
9788383871677
9788380747166
9788384029657
9788382133615
9788382027556
9788381756754
9788370209254
9788320036459
9788397671706
9788381717922
9788377761793
9788377771129
9788327164575
9780007902309
9788382403732
9788383913223
9788324068777
9788328162631
9788382028126
9788382890716
9788393177332
9786175485064
9788367710572
9780141324906
9788328724761
9788381444828
9788375796926
9788328068261
9788382309348
9788368021530
9788368242188
9786178253318
9788328178397
9781804942949
9788383884066
9788301244194
9788311173309
9788382133769
9788373394216
9788301241049
9788367341707
9788383383170
9788381721059
9781529020373
9788327673022
9788382951042
9788382663525
9788367085199
9788324096695
9788310136626
9788382495140
9788382034608
9780008350505
9788382724202
9780241609934
9780134552767
9780241630792
9781784876593
9788382932324
9788375651416
9788381398152
9788375340655
9788383194356
9788368181302
9788367946018
9788328093232
9788328912588
9788328915121
9788375179873
9788328934597
9788381724487
9788325315313
9788378235163
9786171514188
9788382749649
9788311177659
9788328911987
9788381913911
9788328092723
9788328732643
9788310134691
9780132599849
9788383183558
9788383871035
9788367845243
9788324068753
9788328167711
9788383301600
9780241327104
9789662909302
9788367931991
9788368053913
9788328728196
9788370209292
9788366325593
9788383876221
9788382083798
9788381010078
9788381689045
9788383579979
9788328738065
9781909621855
9788367996969
9781408809105
9788383520551
9788328168701
9780241989524
9785040898558
9781408372548
9788383880365
9788328901155
9788383800110
9788324052349
9788383579405
9788381431729
9788327128003
9788384382530
9788328927599
9788383627595
9788380497900
9786171283237
9788311183025
9788366070981
9788374207225
9788381505864
9788383108315
9788377762578
9788301217204
9788328915855
9788320065343
9788382024951
9788383017631
9788382527124
9788384253984
9788384390023
9788382993806
9781847802583
9788301249007
9788301235642
9788382892932
9788383980829
4820245450189
9788381447294
9788382520767
9788311184909
9788383435558
9788384410202
9788383601472
9788328735958
9786175484029
9788327662354
9788367891233
9788382650686
9788381755207
9788368516081
9788326843754
9788368217971
9788327165824
9780349132600
9788383717029
9788328730960
9788383572444
9780349429489
9788382721461
9788367500524
9788383381046
9788328730366
9788373996410
9788383218885
9788368611984
9781529043525
9788384258781
9788382521849
9782070619023
9788367889070
9788384023297
9781503954182
9781529337761
9788365853882
9788366325197
9788328134119
9788382078510
9788382222142
9788372972965
9786177866809
9788384380765
9788383190969
9788328926684
9788364505935
9788383855820
9788368021349
9788383194479
9788382029093
9788384172087
9788367685788
9788324079667
9788366939677
9788382224542
9788383602967
9788328727595
9788381415385
9788324085637
9788368217179
9783126740029
9788327746238
9780140265415
9780571373635
9788325343224
9788387025793
9788382313192
9788365846808
9788381448703
9788326807596
9788382664430
9788324065370
9788328169340
9788328907997
9788364488160
9788377760468
9788383383095
9788382728071
9788368069280
9788323340621
9788383712277
9788383522012
9781526635280
9788382224351
9788383227368
9788328169722
9788383209234
9788383206011
9788367054706
9788379713530
9788328919105
9788380599499
9788383602295
9788368419269
9788383384108
9781841956121
9788379325146
9788384027356
9788324045204
9788382749809
9788367498869
9788383382722
9788383014357
9788383850856
9788377296745
9781836044413
9788383751061
9788367690041
9788367759731
9788328164598
9788382028928
9788384258149
9788383380810
9786171514010
9788383910659
9788490565933
9788328037304
9788383915692
9788368181289
9788368367072
9788382727906
9788328162594
9788383800523
9788382890334
9788368338263
9788379713417
9788327166272
9788377312544
9788368562286
9788382951295
9788301243159
9788324042692
9788383227610
9780135911631
9781841213743
9788382798371
9781781255117
9788368381450
9788368205442
9788367996426
9788367513906
9788381108546
9788324067022
9788383290454
9788367793483
9786175851500
9786178248819
9788395261893
9788328170247
9788324098217
9788381105019
9788367426442
9788381067874
9788328158139
9788383213644
9788382168655
9788368045550
9788382401141
9788384025192
9788368265965
9788370209612
9788327662446
9788386581191
9788326845833
9786171514294
9780141439501
9788311179837
9788327167316
9780241337004
9788381063869
9788320060157
9788382805192
9786171517295
9788899358709
9788325346126
9788384029183
9780195074772
9788378649748
9788328727724
9788380748927
9788382525038
9788368005615
9788301228118
9788382521429
9788382309744
9788368611199
9788328173149
9788377407806
9788383962498
9788365650795
9788325555504
9788373394339
9788383010694
9781847493743
9788326842078
9788328911208
9788366939929
9788381504713
9781788688734
9788367817974
9788368352894
9788301244125
9786177820931
9788383676760
9788367996716
9788375780246
9788301174767
9788383752112
9788382744644
9788301232443
9791094613023
9781783088355
9788366982321
9788324099924
9788367121477
9788381886925
9788373271746
9788368611120
9788380744479
9788367974653
9788384021477
9788378458753
9788383626697
9788370205294
9788301232115
9788368263893
9788382581133
9788381814102
9788380594739
9781405281287
9788383710068
9788366729759
9788382316087
9780861544271
9788383802114
9782070448029
9788383751320
9788384064917
9788375762457
9788383587790
9788383913599
9788383192178
9788384024294
9788383383965
9788301193560
9788379324569
5902983916789
9788367515986
9788382525458
9788379326273
9788311177673
9788383601953
9788383182537
9788327126795
9788382720068
9788383629544
9788324411993
9788381504072
9789664481660
9788381919746
9788381447614
9788382748826
9788383961668
9788366661448
9788382996364
9781784871604
9788375173062
9788311185722
9788368053333
9788381814980
9788383904597
9788383873176
9788384381519
9788311184688
9788383912578
9788378989837
9788381418058
9788383902531
9788301174583
9788382223477
9788367793384
9788328178533
9788326842009
9788328134683
9788381727808
9788382744194
9788363624262
9788383581002
9788383879710
9788395656231
9788367071987
9788383219189
9788308083482
9788383673684
9788377469798
9781529177497
9788308085233
9788301141516
9788377400715
9788383214382
9780261103573
9788381728898
9788378875468
9788328908017
9786177989218
9781474986601
9788368109719
9781804993392
9788397162853
9788381294867
9786171292918
9788367069649
9788381320597
9788383610740
9788301230586
9788328067820
9788370208776
9788380874787
9788383603346
9788396874122
9788383106977
9788365970015
9781784706371
9788326840708
9788368541625
9788383016979
9788382317732
9788301246280
9788368302370
9788365803610
9788383381626
9788382865479
9788380383791
9788308088890
9788328169173
9788301237196
9788381398183
9788383186085
9786171513969
9780241414576
9788383603377
9788382895803
9788383214177
9788381069632
9788383189215
9788381727693
9788301248529
9788380599857
9788381885973
9788383882130
9780141367873
9788368591309
9788379647545
9788365891648
9788377442029
9788368338393
9788381688994
9788366610682
9788383018935
9788382528541
9788396518002
9781398527683
9780241558577
9788328727830
9788308086346
9788368217704
9788367758659
9788366285279
9780141439778
9788382653786
9788381912440
9788373274648
9788382524963
9788328907706
9788379543663
9788360689745
9788366912342
9780751541977
9780448490151
9788301243562
9788328159044
9788383961316
9788380598492
9788368823059
9788381811743
9788368383256
9788326845260
9788382752649
9788381882477
9788383671413
9788327127518
9788383875255
9788380493322
9788383907987
9788382406894
9788381861182
9788384180136
9788382750140
9788308084090
9786175482803
9788384381090
9788328155978
9788381352048
9788310139085
9788382315400
9788301214326
9788383713144
9788368262896
9788384026632
9788368240429
9788383104027
9788378876281
9788384030202
9788373774896
9788368021981
9788324027224
9788382031430
9788328161740
9788329100618
9788383602158
9788365170347
9788382521979
9788380384514
9788383210056
9788365835543
9788381601436
9782882502520
9788301228934
9788368419498
9788328726291
9788383875187
9788328731974
9788383903798
9788371976506
9788830103139
9781529015003
9788383870328
9788328174740
9788327697547
9788383355313
9788328916678
9788308084748
9788381916882
9781400309184
9788379126323
9788382028843
9788328174627
9788382154108
9788381353694
9788363502089
9788383751290
9788381811644
9788327163417
9788384025147
9781399631334
9788383961446
9788383904399
9786171291041
9788382405996
9788367288064
9788328919167
9788328933309
9788326841361
9788383716688
9781509826391
9788384027431
9788377760345
9788370209605
9788382406061
9788383990538
9788383198187
9783423220149
9780062846921
9788846830104
9781509865987
9788383296838
9788373929265
9788383880587
9788327658456
9788328905382
9788383627175
9788325346164
9788382581188
9781406644296
9788383909721
9788384182796
9780593237182
9788383383040
9788381715034
9781423124016
9788391769874
9788381434829
9781784872809
9788383573755
9788368240405
9788367665377
9788367164467
9781526366382
9788383293219
9780241999868
9780563520344
9788308073049
9788383294162
9788379156658
5906660386117
9788380596344
9788367875875
9788382034561
9781473200104
9783730602287
9788328087774
9788396888853
9788383017662
9788383292076
9788383804705
9782072763588
9788327738110
9788375941586
9788383186160
9788397548930
9788328158863
9788366704619
9788324059485
9788380324299
9788395889745
9788383305790
9788368479201
9788363957247
9788382136012
9788380747296
9788381238755
9788364668258
9781444952773
9788383710358
9788382076516
9788368317770
9788368352948
9788383205991
9788382723564
9788381914505
9788368674125
9788380875869
9788383912745
9788381917285
9788373273825
9788328734722
9788383520032
9788364347849
9788368549126
9788383288215
9788417858384
9788379324095
9788323353157
9788383621036
9788383616544
9788328727052
9788327167996
9788383715711
9788382657166
9788384440186
9788383381374
9788382309355
9788368383584
9788383610870
9788377884683
9788381713818
9788382581409
9781464221354
9788380577039
9788328337350
9786171514508
9788328732315
9788380385733
9788328731219
9788383357140
9788383433226
9788367685412
9786178318642
9788383750149
9788328165502
9788327169556
9788328083905
9788366526013
9788383380797
9788324068579
9788383297101
9788327166630
9788395757471
9788364391200
9788382525786
9788301243395
9788383186252
9788383305134
9788328126244
9786176795353
9788325341619
9788382074895
9782070703357
9788381034487
9788380577671
9788380089259
9788324410330
9788325346263
9788382727609
9788382951912
9788324095582
9788382622911
9788328157248
9788384181171
9788308084557
9788367891332
9788362514762
9788384252451
9788383879680
9788382952551
9788381815499
9788383384788
9788382027525
9788381889704
9786171514065
9789664483589
9788383824963
9788367925952
9788367515788
9788383679402
9781472223227
9788383828008
9788368189681
9788381754125
9788366285347
9788301240707
9788365970398
9788324087129
5907377431190
9781784081355
9788382411799
9788328386600
9789720049636
9788382665284
9788367793254
9788326841507
9788381725484
9788383504841
9788367512749
9788382623598
9788326825583
9788301220280
9788320066869
9788367949101
9788325346751
9788368611144
9788364311338
9788381721479
9783939991656
9788327165152
9788327125866
9788310138750
9788383215778
9788382746693
9788308040126
9788382529289
9788383877044
9788328165809
9788368643060
9788368263954
9788395084317
9788301195564
9788368381917
9780241442265
9788368097085
9788367288736
9788325345792
9782070364770
9788381415750
9788383803944
9788382749618
9788383351346
9788368263176
9788382132267
9788324096640
9788383577722
9788328711945
9788381444460
9788381756235
9788383883946
9788382750393
9788328386518
9788383433806
9788383716893
9788367195027
9788381886888
9788365650429
9788381419710
9788383296272
9788383507538
9788362521203
9788367551861
9788367545761
9788382727555
9788383187624
9781784755621
8590228036803
9788325346461
9786171285934
9781836041313
9788375179750
9786175230114
9788381010375
9788076881648
9788381326353
9788367639873
9788327126955
9788324058136
9788310135209
9788383225135
9788381275934
9788327738165
9788383353869
9788366555013
9788383302638
9788383713915
9788368045444
9788382998146
9788382227093
9780241388990
9788328906242
9788382991574
9788382402940
9788328171749
9788380876842
9783442243969
9788381140720
9788382659740
9788383189710
9788383013121
9788383622156
9788328173262
9780241733592
9788367758598
9788383716619
9788301231781
9788311174139
9788324074556
9788365773616
9788382223101
9788383505251
9788383300283
9788368132786
9788383521930
9788370208905
9788383577487
9788381728041
9788368068771
9788383296128
9788379935505
9788382309195
9788368191097
9788383383200
9788328169586
9788383384375
9788383828114
9780385327831
9781509846887
9788383352350
9788301220297
9788375534290
9788328913417
9788320065442
9788328913264
9786178253271
9781509830763
9788328919716
9788384301272
9788383090368
9788383677750
9788383618289
9788383674551
9788383613451
9788382529593
9788373272392
9788383673967
9788383740218
9781292270777
9780349437675
9788383211763
9788328727311
9788379154708
9788378553441
9788382529807
9788366328822
9788381953863
9788382722970
9788383524269
9781408884423
9788378868538
9788381919050
9788383912646
9788381725668
9788396649249
9788383305400
9788328909380
9788379649495
9788382308372
9788383907864
9788366482371
9788383615301
9788383505114
9788365889034
9788320050844
9788379151677
5000000042548
9786175481899
9788368610413
9788308084335
9788328919990
9780008659295
9788379155675
9781474986106
9788382747096
9788383612379
9788382499070
9788389387653
9788301227531
9788367665308
9788383820767
9788382726992
9788328731349
9788383500010
9788383913452
9788328088832
9788397281318
9788382995534
9788381719964
9788380925427
9788383752389
9788383900117
9788367216906
9788384301661
9781474994699
9788368701029
9788366762152
9788383018799
9788395835384
9788325342418
9788381813983
9788368090062
9788373929180
9788382309454
9788370206017
9788383351988
9788383522906
9788382749281
9788324402083
9788383619620
9781917415200
9788367288460
9788383911984
9788397509245
9788383191751
9788367805575
9788383292786
9788383904221
9788383187754
9788380599635
9788311175693
9788365796981
9788375175677
9788328922587
9788308083420
9788368383799
9788365400444
9788383181134
9788383284248
9788326842900
9788383576091
9788368560923
9788328725737
9788383013282
9788382155778
9788325346362
9788328166325
9788326823145
9789664484951
9788311183490
9788382155006
9788383853192
9788383622569
9789664484531
9788383902098
9788308088234
9788308081822
9788382991789
9788368267198
9788382133226
9788383301174
9788328380165
9788368542356
9788368158687
9788382133967
9780321657299
9788397121829
9781909621794
9788388507205
9788382651768
9780008331658
9788308083222
9788381683388
9788384182468
9788368005646
9788327687449
9788382582277
9788326843204
9780201183993
9788328737884
9789604430086
9788383570419
9788379716548
9788383150437
9788408279990
9788384390962
9788328061590
9788310139160
9788383874555
9788381435048
9788362730353
9788366577589
9788384023488
9788365401755
9788382620078
9788368204742
9788381230346
9788367195072
9788301232801
9788368267648
9788360685600
9788383355061
9788328913479
9781529410747
9788383189888
9788329100410
9788397281370
9788383616445
9788324096473
9788328930407
9788381419420
9788382411379
9788368158984
9788328164628
9788368589757
9788379647859
9788381291750
9788368591262
9788324090105
9781509305537
9788328732209
9788383902852
9788367996068
9788379642786
9788382340396
9788368158397
9788328915459
9788382624663
9788326843785
9788383188812
9788364505799
9780349429441
9788325339319
9788383821122
9788364047688
9788383913032
9788324088775
9788368191295
9788383010519
9788328175662
9788368395471
9786177395996
9788328901513
9788383676159
9788301173821
9788368109184
9788383383750
9788381354936
9788367889186
9788383104959
9789664481929
9788383380292
9788382025385
9788363444662
9788381919814
9782253145011
9782882506986
9788384172797
9788383613482
9788377134382
9788328905504
9788381516396
9788383856407
9788379716500
9788383350806
9788326840326
9788383481180
9788384171820
9788326827891
9788383106007
9788383509051
9788301213145
9788367288439
9788382165074
9788328176003
9788324095988
9788325341305
9788383910604
9788383589909
9788328172203
9788324090549
9788379647361
9788380622296
9788301206857
9782330155544
9788326841347
9788382582055
9788367176262
9788365168283
9788396656179
9788383302836
9786171283527
9788383801810
9788324071173
9788327669162
9783423262477
9783861530466
9788328174399
9788367069939
9788383910505
9788383431383
9788396060921
9788311172425
9788382995992
9786177969098
9788301246334
9788367674508
9788383626420
9788382033861
9788383990330
9788383875262
9788396343017
9788383215761
9788324066179
9788367758604
9788381545303
9788311176140
9788363842420
9788381753104
9788366762169
9788368069174
9788382525137
9789403215143
9788396524829
9788383882727
9788328044968
9788491220312
9780008389093
9788324094707
9788368317497
9788328914285
9788328929968
9788384030288
9788376491882
9788324050611
9788397224322
9788382723823
9788301249120
9788381811668
9788328393783
9788383882338
9788382312751
9788382581577
9788377731741
9788379935109
9788383804835
9788324238057
9788381066877
9788382226102
9788328094352
9788383627151
9788375615531
9788373997066
9788373271722
9788382999969
9788368367195
9788375102161
9788328737587
9788383801728
9788378876298
9788382411270
9788375544725
9782070360420
9786177688166
9788320059830
9788382034004
9788377761595
9788381885492
9788381325905
9788383355634
9788368516494
9788395122491
9788367178884
9788368692396
9788383216089
9788378867067
9780349146362
9788327669971
9788381710725
9781399726979
9788367247245
9788382314960
9788379158256
9788382220674
9780241963678
9788375533941
9788365684707
9788328737983
9788384028216
9788301235406
9788382135985
9788368283358
9788328912045
9788383355818
9788324089659
9788381729864
9788381719551
9788301206185
9788365341594
9788383380568
9788327127747
9788328092495
9788381515115
9788383503769
9788380871397
9788383880648
9788396079398
9788381915670
9788380597327
9788383880679
9788383509068
9788308083260
9788380573635
9788368473445
9788384301197
9788383351605
9788327687999
9788324067664
9788383299501
9788377798331
9788368542578
9788383911533
9788368610154
9781836043713
9788308083147
9788383434681
9788328151864
9788363860653
9788381414364
9788301233259
9788366338692
9788328072466
9788301222796
9788328920484
9788366873834
9780099513131
9788383210384
9788327168504
9788395604539
9788380872493
9788365400352
9788328738997
9788383676081
9788367875882
9788383601878
9788308083321
9788379717842
9788383751030
9788382744668
9788375534276
9788327739599
9788367710961
9788327127846
9788370208820
9788320046151
9788366555556
9788380575783
9788466356800
9788366330528
9788381101028
9788377798065
9788378459989
9788383879314
9788328921931
5902983902041
9788367500333
9788382227574
9780241647523
9781529113921
9788383180953
9788367075367
9788301245733
9788382309614
9788383910215
9788367217316
9788382890914
9788383672205
9788383612249
9788383874852
9788320040012
9788301235413
9788327169594
9788328096127
9788301235765
9788381889902
9788397756441
9788365838148
9781408725764
9788382154702
9788076881259
9788383353005
9788368227529
9788366620025
8590228038463
9788324085088
9788380599116
9788368295122
9780241459478
9788382581836
9788327712189
9788383913650
9788382033267
9788383903569
9788383432762
9788320557169
9786175510766
9788375534320
9781803705286
9788383878522
9788328901674
9788382623383
9788368292060
9788370208110
9788394639501
9788311176966
9788328924659
9788310136244
9788381721707
9789661545730
9788368053159
9788375659115
9788301187606
9788368541106
9788328145900
9788328166318
9788383214313
9788381352291
9786177940080
9788383716848
9788382401219
9788383884387
9788380576841
9788382899351
9788381729680
9780349436395
9788383010540
9788310138217
9788325345433
9788382655971
9788324093052
5906302606047
9788433967961
9788326843044
9789669153357
9788380598607
9786175484432
9788383614335
9780718180904
9788378868040
9788383821740
9788366657885
9788380329751
9788382933581
9788383356723
9788382032826
9788311174306
9788328933446
9788325344368
9788382662290
9788378868491
9780349441672
9788383627755
9788324085934
9788383353302
9788378554943
9788368344011
9788365369604
9788324412174
9788373392526
9788381010276
9788328916715
9788311181267
9788328723856
9788368419337
9788383296319
9788327712066
9788383382173
9788382030600
9788378454717
9788382581010
9788368132342
9786177395842
9788382024494
9788367295314
9788368560633
9788308042366
9788368295276
9788383960449
9788383641652
9781447227830
9788301214425
9788368180381
9788397002708
9788396729019
9788381578288
9781509826360
9788311179790
9788395948114
9788301235116
9788383356419
9780099557586
9782017141228
9788360685525
9788383622682
9788495587503
9788324089482
9781445182582
9788384030141
9788368592351
9788375655759
9788301234591
9788328732902
9788373394322
9788383615325
9788367996471
9788328911734
9788382413236
9781408359501
9788381883177
9788382314205
9788383912608
9788383191775
9788377797525
9781408831151
9788328050617
9788367426725
9780857527691
9788378867746
9788383576688
9788328739130
9788375651324
9788301187682
9788371347153
9788382072617
9788367996594
9788375799927
9788384027271
9788381727822
9788383627779
9788328153998
9788382070378
9788328907881
9788310124951
9788328174436
9788381353984
9788328715981
9788381503587
9788327715784
9788382079067
9788367216197
9788327163523
9788368536119
9788395661341
9788382750478
9788367262217
9788383382777
9788383671789
9788383298344
9788328925809
9788324058075
9788383876955
9788383614168
9788381813259
9788383874685
9788382740172
9788381813655
9788328734913
9786175483886
9788311185739
9788368226430
9788381503389
9788328165328
9788382404319
9788383713274
9788383188010
9788328098008
9788381444064
9788379325658
9780241357552
9788381444835
9788383198897
9786175484456
9788384258897
9788375515305
9788308085530
9788320057379
9788380498693
9781529114461
9788383188867
9780141331973
9788382071665
9788382138269
9781509854516
8590228044709
9788328726628
9788384300640
9788383804668
9788381504607
9788383611433
9788380748002
9788382138160
9788328732940
9788368228748
9781108836487
9788308040270
9788382744507
9788365230140
9788301243784
9788368536720
9788368265156
9788382659054
9788382726046
9788383109275
9788383189963
9788383217789
9788383188874
9788383018812
9788381354035
9788328727847
9788383182117
9788366057548
9788370208622
9788383621227
9788383190181
9788383821160
9788383880945
9788311185302
9788383710389
9788381168328
9786175482308
9780008376086
9781335534606
9788381951425
9780241668528
9788367690140
9788382404005
9788301223144
9788324076055
9788382628104
9788320049343
9788383740188
9788328162587
9788367996907
9788328352629
9781501329494
9788367121422
9783734327490
9788328161672
9788373276413
9788327669056
9788380324343
9788384302194
9788396549310
9788324079384
9788321352251
9788382951431
9788382654448
9788320056709
9788391161784
9788328168176
9788302131738
9788382750270
9780099516552
9788383353654
9788381503334
9788383850986
9788382411737
9788327168146
9786171511033
9788382072273
9788328923713
9788368180282
9788367790925
9788381816649
9788375172959
9788396010773
9788328166400
9788368576412
9788383904634
9788383196770
9788308075289
9788366966925
9781974722853
9788383382050
9788382310214
9788373271753
9788395674358
9788384174814
9788381414036
9788379325511
9788301243692
9788328924741
9788383106649
9788311170094
9788323746959
9788383015217
9788381354813
9788382729368
9788396792600
9788396458209
9788362842162
9788366285514
9788384029596
9788328904347
9788382952971
9788379127535
9788379714001
9788381353649
9788382032925
9781409582069
9788375763799
9789669152855
9788328163089
9788328907461
9788382306330
9788383180069
9786175484135
9788381710954
9788368608083
9788383713922
9788327663276
9788382664317
9781909741829
9788377799895
9788310142979
9788384172766
9788381504461
9786178012885
9788382657340
9789669429308
9788328165403
9788375154207
9788382081824
9788328733879
9788383601786
9788301247898
9788384023235
9788383355504
9788383294957
9781405926898
9788370207816
9788383879406
9788384301722
9788383870762
9788383213415
9788383350844
9788327687951
9788382582291
9788383019741
1
9786175483121
9788381167918
9788395504402
9788367545594
9788382792867
9788384382233
9788308084687
9788328174726
9788418459740
9788382743289
9788382892581
9788381814614
9780063251984
9788324079179
9788380386266
9788368350760
9788379325368
9788368144192
9788381445306
9788383293301
9788367859387
9788384020005
9788328162228
9788383800127
9780571386635
9781398701021
9788326837425
9788383019765
9780007351022
9788382308501
9788384258774
9780205259489
9788396918024
9788383980706
9788362903788
9788381353489
9788383356808
9788328917460
9782072874710
9788384170564
9788327126603
9788382032109
9788383820026
9788324067732
9788382440683
9781780748344
9788367996631
9788384024171
9788325348069
9788365758378
9788366657533
9788383436302
9788328164468
9788328734692
9788366750999
9788301247584
9788367805377
9788373272538
9788368542042
9788383980171
9788379991655
9788328165885
9780241632666
9788466380515
9788375799385
9788382525717
9788328155688
9788381101097
9788383910895
9788325341480
9788383304250
9788301230289
9788383355191
9788397090538
9788383381893
9788311173712
9788383811987
9788381609111
9788377797464
9788328153677
9788383906669
9788327686794
9788382511697
9788383615042
9788383960562
9788381438728
9788368205411
9788311185982
9788381860796
9788383183244
9788383522111
9783453441903
9788381433082
9788365505064
9788324052394
9788383306889
9788383013640
9788367324892
9788375799798
9788383198736
9788383219172
9788382103632
9788310139771
9788328153851
9788301241001
9788383622088
9788384171745
9780241975541
9788383521657
9788368560367
9788382307368
9788383435800
9788379643714
9788383802695
9788381353960
9788371345753
9788325341916
9788382138528
9780008102166
9788384181003
9788383621456
9788382582246
9788383804828
9780241402382
9788382729306
9788382526356
9788381106993
9788383824635
9788366575752
9788367515351
9788383626444
9788360169056
9788364505584
9788328177031
9788382083996
9788383960425
9788382491753
9788324068609
9788374808323
9788324068449
9788328729544
9788379326457
9788308085301
9786171511842
9780241379356
9788466371285
9788310141217
9788368317466
9788327127662
9788383215419
9788368639124
9788368228236
9788382155099
9788383194035
9788383294568
9788328092785
9788367034142
9788368560459
9788383871615
9788380385153
9788308052389
9788328190474
9780752858807
9788384302323
9788383583716
9788380873131
9781787633759
9788375799569
9781529970487
9788376868097
9788367447744
9788375658231
9788328155947
9780822327141
9788383714196
9788373776258
9788383712352
9788383018966
9788367075473
9781853260094
9788382950755
9788383382937
9788384240175
9788324098972
9786171286566
9788324064908
9788380746862
9788368560893
9788326841590
9788383603353
9788383712703
9788383710280
9788382083040
9788384252376
9781037204982
9788324098606
9788382081725
9788361596523
9788324090518
9788384172001
9780552177269
9788366707511
9788328738881
9788384258071
9788382743722
9781407132082
9788383198705
9781847494344
9780241630778
9780241752289
9788383503677
9788382653762
9788381813495
9788368541038
9788367512770
9788328182035
9781408832189
9788383383408
9788366505629
9788381788762
9788383016177
9788328164055
9788328190016
9788328097209
9788396898890
9786176798958
9788367513869
9788380497474
9788328085220
9788308080948
9788383912110
9788329100311
9788396795205
9788384186039
9788367813518
9788368226591
9788382725261
9788328165571
9788383298474
9788310143938
9788328174948
9788328736894
9788373276567
9788366219847
9788328126367
9788328906969
9788367817684
9788324099368
9788383522319
9788367816076
9788366555358
9788380576599
9788324095155
9788368350401
9788383618937
9788368059502
9788383625522
9788367974264
9788328166806
9780008663834
9788381883375
9781405928564
9788386581375
9788368370973
9788382314137
9788311176805
9788301235734
9788368608700
9786176793397
9788368059588
9788383215341
9788327479471
9788375653939
9788368471526
9788383616162
9788368692198
9788381757003
5036905055956
9788382134513
9788383189734
9788311178182
9780802145987
9788383188959
9788327659521
9788383197739
9786175231609
9788382721362
9788327167613
9788373273191
9788382727791
9788367135016
9788308084205
9788368516265
9788383181950
9788384021668
9788380576827
9788370207854
9788327699596
9788327292636
9788368419429
9788366501997
9788395938405
9788383750231
9783314218682
9788328738775
9788382522723
9788328915138
9788381163620
9789661434379
9788366416604
9780141985350
9788328162679
9788382953695
9788383098258
9788385568964
9788363803186
9788383579702
9788367805315
9788384300275
9788383351643
9788328166585
9788325339326
9780008735098
9788383434674
9788370206291
9788368263060
9788368027327
9788377400111
9788383156613
9788324090686
9788328164178
9788383019918
9788368725216
9788408163435
9788381889698
9788381419765
9788377881361
9788382659726
9788383380872
9788383672076
9788395243301
9788324096459
9781786892737
9780141352497
9788386293735
9789667047405
9788367757652
9788382412024
9788365531964
9788382311952
9781405950305
9788383306353
9788384250792
9788375793444
9788383436081
9789664483930
9788382224269
9788301226121
9788328737372
9788382130195
9788384028902
9788375176544
9786171517745
9788383355825
9788367121521
9788483462034
9788368265118
9788377137062
9788381727266
9788311184992
9788381756358
9788311175327
9788379325276
9788324077298
9788375765052
9781472270252
9788383196886
9788366380202
9788328190146
9788328921795
9788383715032
9788384290248
9788327681058
9788375175509
9788328918337
9788325346607
9788380385108
9788375178654
9788383852379
9788384171738
9781398701045
9780008305819
9788328071452
9788382138610
9788380745032
9788327127921
9781846143830
9788408277170
9788395409677
9788328169159
9788382026849
9788383356730
9788380797147
9788383380827
9788320059625
9788388435195
9789669152831
9788320049589
9788382312799
9788368144840
9788382529432
9788394808365
9788383572642
9788381919890
9788381913300
9788383960036
9788382080636
9788382752236
9788368381894
9788383576664
9788378879664
9788301243968
9781473651395
9788379156870
9788382109528
9788384382073
9788367323178
9788381294133
9788377058466
9788328916166
9788372724250
9788368591026
9788383523958
9788397047839
9788328169197
9788367784450
9788327661548
9788381717212
9786177940806
9781838697365
9788311175747
9788383714745
9788382896794
9788328164833
9788381326582
9788383355863
9788324087105
9788378876489
9788381414371
9788368364521
9788383875477
9786175483985
9788383218359
9788301197803
9788366520035
9788366650046
9788383589206
9781529378726
9788367949866
9788392491767
9788328167681
9788383751405
9788373273948
9788384021620
9788368576535
9788370207755
9788380744899
9788383300177
9788384300688
9788382029581
9786175484302
9781444790023
9788382952605
9788383741529
9788382408126
9788328922860
9788366866669
9788383622125
9788381327282
9788383351865
9788328054127
9788383105499
9788368381016
9788301234218
9788368226690
9788328156845
9788328925229
9780241301975
9788395397516
9788327127587
9788328905146
9788382468854
9788383018805
9788328738089
9780008610678
9788324403615
9788375533361
9788374899987
9788384273548
9788383293639
9788381728430
9788378868774
9788361935238
9788366195769
9788377732847
9788381685658
9788383156132
9788301221249
9788378554585
9788397190177
9788327164742
9788382306620
9788367931168
9788384171202
9788380747852
9788362046607
9781509842889
9788324089987
9788383521855
9788383878850
9788383710242
9788328102644
9788383382760
9788365846198
9788382806946
9781784872908
9788375178500
9788368371635
9788367931045
9788381396011
9788383677392
9788383350431
9788301220891
9788383383811
9788379934027
9788381717441
9788384180419
9788383912523
9788383672489
9788368218862
9788310139443
9783406677496
9788381418690
9788384184417
9788368562583
9788382752700
9788328702332
9788381434744
9788383910062
9788383820477
9788383716671
9788367931601
9788853631220
9788368364958
9788301244064
9788383880747
9788383715988
9788301241766
9788308086353
9788382251623
9788374190206
9788311185579
9788381718059
9788368218886
4820245450356
9788383435657
9788382406351
9788381327190
9788308065730
9780349433455
9788382650624
9788365717849
9788368337020
9788368262476
9781804182574
9788383574950
9788381447812
9788308085073
9780241331194
9788382031003
9781836041320
9788301188863
9788324095124
9788328905603
9788379999903
9788382663877
9788368069082
9788366436237
9788383719405
9788394757106
9788382026306
9780241476703
9780141188041
9788383382562
9788366939356
9788384382158
9788377405130
9788328731677
9788328166530
9788328735170
9798886632507
9788301246914
9788368283235
9788383357652
9788383357416
9788384174197
9788328170773
9788328168060
9788365717573
9781974718719
9788383091174
9788377409657
9788384030264
9788367867443
9788367861700
9788368180404
9788368516593
9788327162106
9788328922655
9788327715609
9789403215174
9788367616799
9788382895858
9788383505565
9788380747500
9788368228229
9788384180464
9788366429055
9788382314397
9788328331907
9788384172827
9788382806113
9788308083123
9788368516234
9788381391825
9788367817646
9788383502335
9788324058655
9781974722846
9788368383430
9788368381887
9788382027563
9788324094028
9788381886864
9788373272279
9788323517993
9788383713786
9788383751337
9788308088579
9788380573147
9788381322584
9788383015712
9788368758511
9788324099467
9788408243588
9788363842543
9788324054817
9788383912486
9788325346713
9788382722093
9788382895902
9788383870786
9788368367744
9788383905242
9788328733725
9788381719391
9788328736375
9788366967229
9788383509013
9788367426459
9788328164611
9788301221263
9788328170353
9788368217469
9788380870628
9788328727762
9788367759564
9788328173408
9788383294483
9788367512916
9781840224344
9788382951318
9788383297156
9788383195445
9788383812199
9788328735989
9788384029527
9788368599114
9788381886079
9788328174566
9788375179903
9788383710457
9788366912250
9788382621334
9788384411551
9788328929647
9788382728651
9780273727590
9788368189926
9788382306170
9788382728606
9788382891171
9781405920131
9788379122189
9788383523446
9788382310689
9788383719252
9788383715261
9788381725224
9788366555020
9788368267464
9788328726987
9788368692150
9788308085325
9788381162029
9786177563760
9788382952629
9782070407989
9788384272145
9788381871655
9788328714809
9788384381670
9786176798552
9788301213138
9788381354325
9788301240950
9788384020050
9788383296937
9788380577121
9788379646470
9788328174252
9788367353571
9788368263992
9788376607146
9788383214399
9780135301012
9788382083545
9788368383553
9788310137920
9788368283013
9788383907697
9788367948357
9788383960258
9788383626499
9780099526773
9788373774117
9788381910040
9788383295244
9788328173224
9788323353812
9788368610840
9788368331493
9788383622002
9788308074404
9788384020029
9788383911816
9788360963708
9788395203824
9788368381153
9788368180176
9788301247737
9788328178816
9788382316100
9788383382630
9788383199542
9788382083736
9788378867074
9781846590900
9780241342466
9788381725514
9788383211862
9788382993684
9788368473469
9788368542400
9788328725331
9788327167668
9786177989140
9788368144802
9781473231139
9788301187255
9788382136944
9788301247478
9788327699602
9788364384486
9788395423932
9788328911888
9788328149380
9788326839696
9788384026878
9788368267211
9788368352641
9788381755481
9788327126979
9780131112414
9788328164864
9788328114371
9780349441634
9788367665124
9788382027570
9788324098071
9788381812559
9788383882956
9788382726596
9788362521128
9788383350769
9788382022629
9788368109085
9788375798951
9788328162488
9788383740386
9788383586373
9788328730939
9788381880954
9788301213831
9782070377220
9788320056761
9788301248802
9788382305432
9788365404589
9788383870779
9788366969001
9788382238969
9788367341813
9788382081220
9788381712927
9788381505826
9788368364071
9788383600574
9788382651959
9788368541441
9788383679020
9788368045819
9780241459461
9788368302578
9788384440223
9788381810869
9788395423994
9788327169204
9780702342400
9788328052703
9788383014487
9788397307957
9788384171981
9788378458937
9788368059076
9788382894646
9788377072431
9788383903378
9788362521647
9788324059065
9788375175721
9788381687164
9788326843808
9788383913667
9781444957655
9781685795061
9783442249237
9788367498777
9780134686189
9788380327696
9781446315873
9788382138603
9788382341379
9788382083163
9780349439358
9788328739604
9788383180311
9788382582222
9788301246464
9788383908199
9788383226743
9781399710060
9788382665383
9788382995602
9788328170346
9788383381213
9788381142830
9788383872025
9788382740417
9781292342825
9788327746825
9788383010250
9788367551960
9788311185616
9788320063028
9788382658507
9788383960432
9788383600277
9780674725867
9788328908321
9788381886949
9788375942866
9788382894271
9788381919418
9788384025178
9788383577562
9788381691949
9788301240301
9788371834158
9782322400492
9788311167292
9788384023402
9788328177062
9788324090648
9788311186026
9788380834460
9788383382418
9788366997226
9788381811408
9788301248031
9788383382180
9788328900608
9788308048382
9788381255837
9781526600752
9788368364408
9788308088265
9786178517823
9788378875529
9788382305661
9788382527551
9788324411733
9789661090070
9788383672229
9788301236533
9783755300137
9788325345822
9781405958912
9788360963180
9788370208592
9788382749205
9788382033274
9788375781892
9788846835673
9788311176003
9788381412032
9788368479935
9788373928930
9788375176292
9788368560039
9786177940318
9781509830299
9788328175235
9781473233805
9788324053513
9788382891386
9786175483343
9788325343279
9788368591286
9788367931700
9788366657359
9788381502528
9788383741833
9788328096929
9788367461344
9788368371215
9788381108485
9788324097982
9788366416321
9788380796379
9788381755092
9788088403654
9788375176193
9788327161024
9788382070040
9788311173828
9788395619366
9788310139702
9788328169500
9788381724036
9788379124756
9788383878201
9788379647606
9788383600284
9788381910170
9788311180635
9788382529340
9788363464110
9788382526028
9788383717395
9788308088371
9788383153964
9788380572454
9788324094691
9788382343076
9781847493699
9788382133448
9780008501242
9788363502430
9788327166241
9780241469408
9788367323239
9788310142085
9788381545938
9780007440849
9781529386738
9788383740492
9788365442062
9788383960951
9788367875998
9788382081954
9788383208275
9788384290439
9788397451490
9788366501355
9788368242362
9788383351964
9786175231012
9788383194905
9788367889339
9781035090747
9788383616469
9788368381382
9788383303307
9788380981546
9788328165151
9788380879911
9788381716734
9788367996976
9788379156818
9788383220475
9788384026861
9788382932584
9788381725460
9788327660497
9788382309515
9788383717852
9788382626360
9788382084221
9788327105110
9788383308524
9788327670496
9788328157880
9788327165329
9788386581764
9788367513234
9788381714471
9788382158946
9788383382371
9788373271937
9788378867944
9788368541557
9788379543540
9788382998344
9788383913933
9788383960555
9788328733510
9788328085077
9788328102927
9788382496994
9788423327980
9788328174306
9788375780703
9788383803579
9788382084573
9788387313791
9788408282334
9788368109221
9788328073210
9781509850945
9788383521008
9788328723955
9788366267091
9788383640631
9788327663481
9788383850559
9788311176690
9788383856742
9788394774660
9788383292540
9788383195766
9788383719443
9786171508781
9788383523606
9788383355689
9788324088591
9788377762257
9788384026762
9788383211855
9788362779222
9788383188072
9780141345659
9788383912028
9782253934790
9788381756204
9788383877723
9788301213756
9788380085596
9788382310153
9788379711765
9788383616155
9788383196039
9788384021866
9788310143211
9788368053364
9788308088524
9788367805261
9788373929326
9788365830814
9788367817707
9788382131215
9788328153882
9788383820460
9788382742930
9788368592368
9788383573007
9788382307931
9788383600901
9788381354745
9788367335324
9788325344023
9788327658630
9788301236366
9788383884707
9788368589665
9788308070529
9788383520322
9781529135541
9788320055429
9788366473393
9788325346201
9788389152619
9788376603209
9788308081358
9788328731608
9788367510585
9781529375992
9788383802299
9789664481776
9788327660244
9788383602769
9788383381008
9788381326476
9788320050776
9788383602493
9781805223757
9788381448307
9788367639866
9788383573045
9788365400291
9782818967362
9788368371093
9786178203818
9788326843402
9788401029813
9788368180459
9782203001206
9788382224245
9788382027846
9788381503426
9788383157894
9788327170613
9788383094199
9788366912199
9788383904528
9781909621749
9781526677082
9788381327343
9788324092093
9788367845199
9788301208684
9781803684550
9782070404155
9788308088692
9788380983717
9788378870005
9781839766121
9788360963852
9789661090209
9788368228298
9788383801766
9788368560510
9781780229133
9781471116636
9788311179189
9788395015878
9788382663198
9788383801209
9780192759153
9788370208585
9788382722499
9780063373662
9788320045772
9789664484586
9788383182360
9788383961705
9788384030660
9788381351904
9788320066548
9788328170643
9788377771594
9788384300817
9788368352429
9788384060063
9788375180305
9788384180440
9788368562392
9788383192116
9788328067844
9788368586268
9788328170117
9788383874159
9788301248642
9788383431420
9788328153776
9788383576602
9788370209803
9788328907294
9781847499318
9781472250087
9788383601922
9788382744279
9788382029826
9788382932218
9788381353786
9788324089956
9788382581928
9788382139587
9788366736177
9789669788030
9780241454350
9781292306148
9781785037344
9788396811394
9788383182001
9788324095797
9788328929951
9788382130133
9788381724982
9788381394772
9788383194707
9788396656186
9788383106830
9788381755276
9788384021880
9788367759717
9788382305456
9788382726602
9788382659603
9788368344004
9788383623528
9788366325210
9788367343336
9788328733206
9788378878216
9788382133196
9788384410547
9788367121804
9785040918737
9788383619880
9788383751351
9788383524276
9788380328068
9788384251348
9788383214917
9788384254158
9788374898218
9788367859929
9788383219127
9788328177048
9788328174191
9788383960609
9788328734609
9788301245504
9788382655674
9788383305752
9788368180329
9781974749485
9788383907666
9788311174900
9788383356051
9788324076451
9788311168749
9788382750133
9788324005468
9780571273577
9786175850459
9788328924871
9786171295957
9786177969111
9788379325412
9788301239824
9788328090460
9788367859943
9788368121285
9788383616797
9788366085886
9788382663860
9781529388183
9783125570122
9788382495850
9788324085699
9788326844805
9780008625757
9788383383316
9788367323758
9788328905863
9788382029369
9788367949927
9788324055814
9788381352079
9788328171725
9781787330153
9788383980966
9788383299464
9788395423925
9788383871349
9788360963579
9788328153691
9786177329687
9788383198880
9788311176010
9788326842573
9788383621203
9788383507941
9781509825387
9788382496871
9788366147348
9786176795889
9788301181321
9788382305920
9788375170825
9788368226409
9788324026524
9788379648627
9788368610307
9788383960968
9788383380063
9788379324552
9788382168648
9788323777823
9788328166349
9788397351820
9788381814300
9788328734364
9788328929180
9788386581290
9788368189568
9788382951349
9788301226725
9788383156545
9788383615387
9788384300770
9788384021736
9788383628813
9788383824710
9788383626413
9788382136821
9788374249270
9788328169753
9788380089242
9788301246525
9788379673292
9788382316186
9788383873442
9788383751696
9788383104140
9788324410576
9788383876450
9788382135787
9788328739154
9788383719412
9788328922228
9788374898393
9788328903517
9788383215259
9788324092680
9788367823203
9789664484777
9788382582079
9788324093861
9788382138153
9788382305814
9788368021684
9788382029475
9788383850740
9788381721332
9788383875118
9788383962009
9788366866560
9788328172142
9781975392765
9788368639025
9788382527988
9788380495258
9788368084580
9788366482968
9788368191592
9788383383729
9786175484319
9788368516241
9788467536072
9788366969261
9780008589127
9788327293626
9788328910867
9788383878485
9788383714752
9788383679150
9788384411896
9788366575257
9788383016832
9788382932379
9788384183762
9788382604573
9788383710075
9788383157863
5900336014762
9788328736320
9788327170279
9788381684729
9788383194998
9788328734890
9782746813137
9788383877365
9788383714530
9788368549782
9788328161122
9788378876823
9788375780956
9788365401731
9788368135701
9789664484388
9788368371383
9788380593152
9788311175044
9788383188034
9788367016346
9788384182482
9788396714848
9788382897708
9788384301654
9788378867821
9788374012980
9788328178021
9788383107288
9788382315806
9788324068432
9788328735507
9788382520323
9788384412282
9788382898576
9788325346102
9788381813341
9788380759794
9788366004542
9788326843235
9788308086377
9788382661279
9788368265453
9788328923423
9788382082036
9788301242305
9788367845380
9788383109312
9788366085848
9788380499171
9788383357232
9788367121347
9788383602240
9788366707542
9788378453703
9788328391574
9788382743333
9788325341794
9788328153165
9788383524146
9788371984587
9788373392816
9788361987468
9788328153103
9788324089796
9788365846235
9788368608007
9788383182681
9788384410240
9788382226386
9788368364811
9788301232184
9788367216852
9788324094141
9788327126764
9788321353067
9788328922594
9788383017549
9788367334754
9788383196428
9788383910932
9781509827763
9788368191219
9788381725019
9781509808649
9788383211992
9788396058867
9788328168107
9788383911656
9788327167859
9788328736030
9788320066159
9788368005004
9788373272910
9780241400753
9788328728059
9788327167552
9788383435749
9788382952544
9788301220013
9788328166257
9788320055719
9780008653149
9788383106762
9788328167230
9781292202044
9788383877020
9788383714349
9788383802763
9788383613796
9788380624962
9788381681308
9788383524290
9788310143679
9788324063307
9788328910485
9788383502632
9788375793277
9788368591101
9788328903210
9788311176942
9788380385948
9786175484425
9782818940372
9788383616919
9788324056378
9788382744545
9788382497212
9788368302608
9788370207847
9788301160050
9788383714486
9788368338362
9781292250946
9788382990348
9788324097913
9788383381718
9788324095063
9788328170414
9788382406627
9781638589464
9788328163003
9781853261589
9786171502635
9788383628257
9788379156351
9788382491746
9788368364323
9788381109222
9788383875644
9788383216072
9788381755856
9788328931343
9788382413328
9788366229655
9788383507521
9788367974165
9788328921603
9788466350891
9788382133219
9788301237295
9780857056849
9780241590546
9788328178427
9788324070275
9788368181234
9788382308303
9786175231593
9788384025086
9788366005761
9788368419467
9788325343255
9788366644717
9788328738713
9788382032321
9788383210506
9788383299518
9788384030356
9788383624723
9788382073294
9788383962887
9788384184424
9788368097153
9788382490886
9788383010502
9788328907553
9786171504011
9782253168843
9788381144278
9788328718913
9788328738645
9788381396387
9788368069402
9788368242218
9781847927033
9788375799835
9788383913643
9788383621548
9788380748255
9788328050327
9788382748840
9788383182711
9788382032260
9788376865300
9788383521619
9788383198699
9780241595930
9788382992670
9788324068913
9788308086681
9788381713610
9788383619835
9788367551366
9788379998166
9788384271643
9780063050471
9788328384729
9788308085844
9788383741055
9788383382272
9788311178526
9788375177305
9781843914426
9781408869123
9788383602752
9788328903289
9781292263809
9788382891935
9780008588267
9788327127617
9788368109368
9788382163926
9788384030080
9788382075168
9788383531717
9781847493507
9788381753746
9788367817950
9788383881621
9788320064612
9788383880877
9788301229955
9788383354491
9788384274903
9788367690171
9788381446716
9788381505314
9788326845024
9781292274256
9788383803500
9788328090606
9788382527636
9788366471238
9788382137408
9788397496774
9781405955195
9788383295367
9788308085561
9782080470416
9788382290554
9788377761922
9781836430827
9789664480977
9788383600673
9788328924789
9788383381602
9781509834587
9788375799248
9788375175370
9788383713298
9788328167278
9782253106753
9788366555679
9781529954234
9788383352565
9788375659030
9788382664362
9788384270851
9788328925205
9780241416983
9788383523347
9788328916784
9788383627564
9788383614069
9788383302393
9788326837630
9788382075175
9788381912495
9782253085799
9788328162075
9788383382401
9788324060238
9788383382647
9788328901568
9788373929647
9788328151925
9788366451094
9788328731776
9788377760079
9788368382563
9788381719049
9788382528411
9788324094998
9788383912332
9788367710213
9780857525857
9788311166240
9788311179141
9789664482674
9788325341084
9788301241407
9788361640400
9788368560220
9788328166295
9788383750538
9788382031546
9788328926950
9782253907947
9788381505697
9788301234430
9788383882369
9788383299013
9786171514058
9788378866572
9780008511227
9788384300824
9786175480663
9788327746801
9788327165312
9788382524970
5902983909460
9786177940059
9788383912509
9788384254141
978837014836202
9788301236557
9788382497205
9788382893014
9788383601755
9788382951561
9788384272039
9788368262025
9788366654778
9788328180000
9788382656299
9788383217642
9781510105249
9788381503495
9788383572611
9788328167964
9788383508351
9788384031438
9788368370997
9788301208226
9788328060968
9788366005440
9782020252607
9788367135047
9788328926028
9789664484517
9788853631275
9788383302997
9781509869367
9782253079248
9788328080362
9788382664942
9788382528237
9788381721639
9783311101390
9788381755795
9788380747593
9788382747133
9788381861083
9788396438157
9788383856032
9788383107943
9788308073124
9788328171510
9788320045482
9788324057290
9788382411225
9788375174472
9788379327829
9780241984062
9788383614991
9788328907096
9788378744184
9788381500166
9788327659545
9788383015729
9788383304779
9788367793919
9788328921085
9788374899703
9788328171183
9788325347086
9788383190501
9788308089101
9788308088982
9780141324913
9788382933499
9788383710150
9788381434607
9788301212278
9788381066419
9788381447553
9788382525472
9788368549256
9788327712462
9788383873275
9786178178840
9788397002746
9788383678214
9788310143754
9788368338119
9788368283587
9788383206097
9781292251127
9781444761733
9788379323159
9788381950664
9788328903005
9788326843426
9781474985925
9788383157597
9786176792789
9788384020739
9788328164383
9781909621886
9788328166745
9788324056293
9788368371734
9788379769681
9788328162211
9788382662702
9788386293773
9788381504485
9788378868026
9788383219080
9788367075244
9788324068975
9788365239174
9788373929104
9781405955027
9788328166189
9788392297062
9788383909097
9788370209490
9788328162808
9788382303827
9788384170823
9788382032901
9780134276717
9781847495778
9788382801279
9788383641829
9788382079050
9788380324909
9786175852972
9788364278587
9788383222813
9788382581539
9788328008991
9781529992687
9788328156777
9788382317695
9788362103133
9788382527490
9788327107398
9788381911375
9788381918527
9788311176218
9788310142573
9788308084847
9782017181408
9788384024164
9788328723160
9788324239566
9788381501743
9788383623078
9788377760475
9788301222710
9788381682374
9788384290996
9788368263473
9788366644700
9788328932647
9788301247003
9781474921213
9788381354097
9788327127167
9788383216102
9788368542547
9781780749457
9788324083497
9788365807243
9788383678054
9788383521664
9788383902623
9788310144270
9788382933079
9788382307917
9788381502290
9788379154470
9788383103440
9788301244224
9788382897913
9788367032087
9788396827739
9788367135184
9788880702733
9781529387513
9788383612324
9788325334000
9788328167049
9788380383036
9788380088696
9788366949386
9786171511538
9788324068869
9788383751429
9788383302935
9788386581658
9788308076262
9788382620993
9788381885256
9788383670263
9788328917491
9781474996730
9788382652703
9788320053005
9788383218144
9788377796979
9788384291528
9780789759795
9788845296925
9788324086894
9788328160224
9788383216843
9780241387047
9788328930100
9788384240212
9788301241391
9781529095258
9788363842840
9788375795141
9788367343664
9788383304410
9788326841095
9788381714167
9788378748205
9780241289129
9781784872878
9788377295052
9786171511415
9783551557414
9788327661371
9788383613888
9788383600727
9788383678207
9788328907201
9788383870335
9788383827315
9788383532097
9788381352901
9788366173040
9788384301142
9788368367423
9788382624830
9788367247115
9788328929852
9788324096619
9788328920637
9781784876661
9788375169485
9788368371949
9788383095240
9788381500104
9788311174511
9789664484616
9788395397585
9788327695833
9788368191028
9788375085969
9788382405064
9788327662774
9788383585727
9788367816274
9788382309119
9788367784634
9788382750799
9788368479416
9788379124206
9788382109337
9788396734808
9788498381498
9788375657159
9788327688033
9788383306322
9786178248192
9788383614052
9788382075939
9788368317411
9788301232313
9788383618906
9788328736269
9788383611945
9786175483824
9788375174458
9788367212465
9788383012841
9788408080794
9788383611204
9788374379847
9788368283662
9788383710266
9788383827438
9788381810890
9788379649709
9788384020760
9788382664331
9788378394884
9781784870539
9788382744651
9788301215453
9788379155361
9788383383897
9788368383225
9788310124975
9782070462872
9788382137651
9788365168146
9788383714240
9786171516540
9788301215774
9788383712697
9786175851661
9788328736580
9788383615356
9788327498274
9788368419276
9783880453180
9788379323517
9788311180291
9788383431864
9788383214344
9788320619867
9788382031980
9788373998810
9788382224313
9788328096882
9781444968392
9788368742206
9788381718004
9788383298528
9788382994339
9788383018119
9788381789899
9788328909021
9788367137089
9788311185586
9788383524085
9788308083925
9788366762749
9788367758611
9788383381879
9781974738748
9788308086414
9788360963319
9788383671369
9788382070965
9788382413069
9788382529043
9788383910529
9788325346089
9788323744856
9788382313598
9788383229096
9788382892567
9788310112347
9788379153893
9788383521138
9780552176088
9788368647600
9788328923645
9788368021271
9782070440580
9788310142245
9788382315554
9788382892420
9788378876793
9788328728356
9788383381909
9788419654939
9781784709020
9788383014968
9788301231064
9788383710204
9788382130591
9788382725292
9788382990706
9781529978155
9788382310641
9788383871813
9782371048300
9788365807250
9788361972730
9788328169944
9788383291529
9788383624440
9788367500319
9788367685993
9788328910355
9788382748734
9788310140982
9780241956816
9788320063035
9788382078220
9788381354905
9788301239435
9788324087495
9788382310245
9788383383941
9788383221014
9788320037531
9788383900438
9788374898362
9788377799321
9788383383859
9788324086993
9788368381344
9788383520506
9788328152151
9788367461528
9788328163232
9788323760368
9788382084238
9788382991925
9788383357218
9788368401042
9788383017792
9788328928695
9788368135961
9788368364422
9789669150158
9788382033144
9788383352961
9780241714348
9788380749702
9788383912004
9788328158122
9788324088799
9780008244873
9788383803340
9781526650726
9788367710015
9788380111615
9788301188870
9788301246785
9788396723758
9788383357737
9788382998863
9788311184695
9788383384221
9788328094765
9788382953718
9788366404588
9781408749050
9788328179080
9788379717033
9788301143091
9788367757669
9788328916197
9788383574806
9788328905894
9788324090020
9788383802534
9781529078206
9780140186246
9788373778641
9788327672452
9780141994437
9788301232597
9788381693561
9788380756816
9788364565809
9788328169203
9788327294739
9788373394193
9788383609638
9788328178281
9788368191547
9788328927667
9788380327795
9788496136496
9788383912714
9788382654523
9788327746429
9788324231942
9788396656162
9788382033960
9788367784870
9788301242152
9783518464045
9788368380026
9788383299624
9788328919204
9788383716725
9788383383255
9780241978726
9788384029572
9788397145528
9788328166639
9786178248826
9788328920101
9788384290699
9788384273630
9788366117709
9788327746498
9788384061442
9788382512625
9788384160640
9788328910720
9788378867852
9788328175549
9781529913569
9788367327183
9788325344856
9788383878751
9788368364453
9788383804507
9788328929470
9788328934955
9780241240021
9788382724554
9788383880075
9788383576183
9788367949040
9788308088067
9788382991116
9788367817004
9780435233082
9788328734302
9788373779273
9788375659306
9788324039852
9788383523996
9788383751924
9788327127594
9788382621525
9788324410880
9788381259408
9788383293387
9788382725575
9788383715995
9788381811477
9788397271005
9788368059151
9788328094697
9788379641635
9788328900332
9788328728004
9781786530806
9788366278318
9788380575943
9788320048810
9788328088474
9788368059724
9788383012766
9788384302316
9788382952032
9788368121575
9788383903354
9788328161641
9788308088050
9788383879987
9788384030301
9781804995808
9788308074190
9788377762523
9788381353458
9788381324489
9788326481628
9788383013701
9788383432496
9788383582245
9788381885386
9788382528435
9788382665314
9788366599994
9788366657397
9788366526167
9788324094110
9788383828145
9788383384184
9788367513500
9788381918428
9788383670676
9788328097520
9788381163897
9788381353328
9788323540021
9788383305653
9788373929517
9788383612263
9788366234789
9788367510066
9788378457466
9788383196978
9788383908748
9788328165793
9788382745115
9788381918558
9788327170323
9788368401103
9788383821849
9788381726009
9788328920187
9788383018201
9781473231115
9788327162045
9788383617992
9788366329829
9783468206047
9788383213095
9788363156930
9788382993844
9788327681027
9788375179064
9788383522418
9788327672872
9788383382319
9780349434339
9788301224974
9786175485019
9788367341622
9788301232573
9788310140692
9788366407251
9788373277502
9788368044010
9788382581126
9788383912707
9788328067783
9788328178793
9788383213118
9788383678467
9788373271692
9780008173319
9788381396660
9788301205614
9788383610948
9788383962177
9788366651456
9788368370591
9788377762073
9788383719993
9788366436138
9788383625614
9788395199257
9788383673875
9788380575738
9788368383669
9788383435923
9788328391581
9788381814072
9780141394671
9788328730458
9788328165625
9786178517762
9788395954726
9788382795851
9788328387454
9788328722583
9788377296936
9788368068887
9788381860864
9786177688753
9780241647479
9788397315051
9788384173749
9788328914940
9780241573730
9788383576657
9788383627809
9788383876962
9788301233273
9788830104129
9788382728101
9788366753914
9788367323970
9788383960524
9788327672995
9788383354361
9788383105604
9788375780680
9788383354927
9788391592502
9788379156436
9781780895307
9788327167347
9781035020133
9788383290744
9788328091030
9788383213279
9788370208059
9788328925359
9788383911472
9788383189673
9788382527230
9789669151162
9788328175099
9781292400969
9788383195834
9782818943502
9788382529791
9788380875340
9788368599084
9788301226824
9788382132007
9788382750485
9788383292809
9788366912007
9788301162818
9788382894387
9788382409239
9789669153333
9788380575820
9788301228309
9788368218589
9788320051308
9788382220964
9788327730978
9780134549163
9788311173590
9788381755412
9788324094752
9788328153172
9788382134780
9788383297651
9788367237956
9788383158495
9788377441664
9788382999563
9788383803395
9788395604515
9788301237103
9788383521497
9788383216850
9788383229157
9788362194100
9788328153820
9788383108544
9786178318987
9788311177574
9788311185623
9788380386815
9788383524184
9788310144676
9788383501635
9788382795806
9788328166578
9788383107011
9786178076115
9788368240276
9788377799543
9788383303116
9788383912431
9783126749305
9788381692908
9788324088683
9780241597033
9788370208103
9788383618197
9788383209821
9788311185043
9788368218237
9788382024005
9788328175211
9788370208943
9788383212005
9788375782028
9788380754768
9788383713151
9788366651982
9788384172599
9788382031478
9788383579993
9788308086131
9788381067430
9788311186514
9788380797857
9788383196084
9788324098378
9788324090471
9788380744691
9788301240288
9788383601311
9788327162410
9788368121681
9788383670959
9788363353001
9788383901862
9788301147846
9788382624687
9788382998801
9780241553640
9788382411645
9780141374192
9788383109169
9786176798484
9788379646746
9788367069601
9781909621572
9788325345716
9788328175631
9788301241193
9788382728866
9788382801705
9788389822437
9788383902081
9788367758260
9788382743050
9780349115252
9788396903808
9788328721654
9788381916912
9788381502993
9788382493078
9788383615936
9788367668644
9788382032864
9788382995350
9788384027288
9788381414470
9788328924673
9788367512435
9788367757621
9788381719223
9788382745252
9788365952035
9788381681551
9788382991581
9788381448123
9788383880280
9780857503626
9788383192994
9788301228279
9788383211312
9788382952575
9788328167957
9788383713830
9788383610009
9788383877143
9788328171633
9788324095902
9788382134179
9788383292434
9788382136371
9788368227727
9788383220895
9788380747982
9788383184975
9782081249448
9788383713724
9788324094813
9788328933705
9788382993042
9788368381368
9788311172326
9780241574225
9780135911822
9788382626513
9788383740645
9781638589327
9788301230890
9788310141521
9781784878771
9788365838094
9788382950922
9788380599604
9788368109832
9788367996235
9788382138788
9788382953053
9788328916951
9788368562897
9788379649600
9788396474483
9788373929661
9788328736405
9788378458579
9788382752670
9788846828989
9788381725910
9788381506144
9788366195233
9788301234812
9788383523675
9788326841071
9788366012141
9788328901469
9788381683449
9788328145856
9788328904286
9788382868425
9788382743937
9788383914145
9788368560725
9781785032431
9788382083484
9789661545679
9788367212298
9788301230562
9788328165519
9788381689090
9788383014395
9788383575452
8590228031730
9788301240332
9788328733176
9788308081648
9788368576306
9788328921061
9788328919808
9788366122680
9788379646357
9788384271957
9788366356917
9788301185589
9788328731943
9786175231159
9788308081334
9788382996722
9788308086476
9788326838460
9788365614506
9788375799712
9788382341546
9788374278836
9788328173446
9788383524160
9788383381824
9788327166623
9788370207939
9788382801804
9788384174234
9783499013195
9788384176399
9788384180389
9788846832177
9788383602554
9788382952667
9788383185149
9780241239018
9788394416102
9788382895995
9788383190228
9788382032857
9788367715072
9788328926462
9780135035832
9788377796801
9788383523088
9788374899314
9788381719537
9789664484579
9788366005433
9788383019994
9788383521770
9780702342370
9788375656954
9788383190945
9788380758780
9788383625911
9788382581232
9788382408041
9788383523941
9788382134308
9788382139273
9788368589740
9788383189284
9788382106046
9788327127914
9788379124640
9788383381688
9788384259122
9788310138439
9786175483633
9788382990713
9781398531277
9788310137661
9788384380529
9788308085684
9788328904361
9788381398206
9788381919104
9788368265088
9788383153322
9788328715288
9788308080887
9788381187725
9788382747157
9788383211497
9788327167590
9788383602363
9788383850498
9788367710824
9788382411768
9788379326464
9788382749724
9788382027211
9788383616773
9781292171982
9788379326280
9788381815581
9788383156620
9788383383552
9788310136176
9788366949416
9788383614038
9788324077489
9788370207946
9780241640159
9788368625165
9788327680662
9788375656190
9788368639230
9788327661685
9788311184268
9781471410765
9788308073209
9788382033519
9788382893182
9788360169063
9788383384009
9788383218298
9788384030004
9788367137126
9788382746952
9788383213309
9788328721296
9788384183649
9788382529005
9788328907423
9788383106601
9786171514041
9788328177307
9788368059526
9788366548824
9788327167101
9788383678597
9788368263879
9788328153592
9788326827280
9788383719290
9782070514298
9788367327541
9788370209643
9788383710327
9780008652326
9788381683364
9788374899307
9788377762318
9788368180244
9788382312201
9788383671932
9788375654738
9788366863309
9788366969407
9788368674088
9788328905061
9788368541359
9788383508801
9788366330535
9788324096671
9788367014380
9788384173497
9786175230664
9788301160920
9788327746764
9788381689717
9788378866862
9788367016841
9788382745382
9788381353755
9788382343687
9788301241162
9788383522913
9788383351773
9788381393072
9788382950298
9788397509269
9788383218489
9788380874015
9781529369069
9788366625389
9788382028713
9788381549622
9788383289380
9788384026649
9788367324052
9788368045215
9788381352307
9788377135969
9786177329779
9788383719078
9788383380315
9788308088685
9788324084708
9780008567385
9788364312854
9788397246522
9788328733657
9788384060469
9788381712590
9788384170809
9788382168457
9788383090344
9788383186214
9788327125651
9788323753445
9788383352091
9788381721066
9788327746146
9786175851975
9788384174746
9788368240351
9788384301302
9788384250181
9788301242053
9788383183572
9788366729933
9788382745405
9788381919784
9788324096237
9788383304502
9788310141064
9788379157303
9788384180488
9782818934487
9788382996258
9788326823336
9788327747068
9788328902688
9780140552607
9788324090075
9788383509921
9780008652265
9788382996029
9788382139303
9788366570139
9788301207151
9788383719238
9788491041733
9781857987218
9788382313680
9788382512038
9788384160909
9781783444199
9788383612621
9788368473384
9788328174962
9788375124958
9788311185944
9788365970954
9788328162365
9788376729480
9788324410484
9786171507012
9788373272835
9788368059731
9780006546061
9788383800288
9788382604375
9788377401088
9786178253776
9788383213040
9788383305974
9788324099504
9788380327733
9788382752977
9788382168471
9788383297149
9786171297968
9788396880451
9788382950458
9788383820576
9788383301792
9788499518916
9788368218558
9788392433545
9788382727692
9788382651812
9788377761090
9788375179910
9788382409307
9788383572734
9788381691680
9788384185537
9788382748659
9788308080870
9782253177746
9788395399923
9788368258950
9788382343533
9788328931985
9788328736986
9780241620236
9788382034738
9788308076736
9788382315776
9788383615349
9788301226688
9788327162038
9788323761402
9788383911458
9788367262750
9788382225884
9788381886758
9788328926288
9788367173063
9788382251203
9781647227920
9788361097518
9788382029574
9788382032352
9781409181637
9788328166196
9788382073683
9788367891080
9788363860202
9788383011646
9789603798316
9788383218151
9788311186538
9786178434182
9788383602387
9788328738171
9788383910840
9788383158136
9788383195933
9788383447667
9788382723762
9788328921696
9788383821474
9788383585772
9788384273203
9788384025161
9788383857909
9788384250006
9788365773555
9788382663884
9788383886626
9788383354811
9788373778832
9788364373800
9788383811581
9788367237765
9788367121453
9788383351797
9788375657272
9788379648467
9788383219066
9788373929869
9788308085370
9788382662795
9788379155873
9788382665185
9788397035492
9788368044799
9788325336912
9788383433660
9788392309710
9788394887216
9788364363863
9788396058850
9788397128156
9788367925921
9788378870265
9788366964181
9788368367379
9788383622101
9788328925502
9788328734876
9788328099050
9788368240597
9788368370898
9788367034029
9788380872523
9788328721302
9788383960982
9788372787866
9788367813488
9788371347498
9788328930186
9788382996807
9788381724777
9788382650747
9788383353821
9788375178548
9788382722246
9780008473280
9788382078961
9788328174764
9788377761663
9788377799154
9788383382005
9788383199382
9788382224511
9788367710947
9788301242411
9788326844539
9788383521015
9788382026573
9788328158108
9788392491712
9788382721010
9788381506724
9788382624892
9788381446273
9788383623108
9781503904453
9788382409550
9788328161696
9788301220631
9788368520859
9788367816540
9788368292008
9788383222615
9788366501003
9788301142575
9788366057623
9788383851020
9788395015892
9788368144529
9788311183018
9788375782073
9788384240205
9788383380964
9781526680068
5900336013659
9788383355603
9788328914278
9788328175334
9788382305531
9788360689752
9788368175110
9788328916081
9788308085103
9781529386691
9788368536072
9788311183230
9788365796837
9788328733114
9788367215442
9788382032758
9788301195540
9788381722575
9788328723399
9788368464092
9788382749915
9781509827732
9788383014128
9788323338024
9788383209043
9788383204383
9788308086957
9788384174258
9788368576337
9788379673131
9788383214825
9788367515665
9788325344870
9786171501669
9781974718726
9788389535412
9788308076958
9788375174854
9788324099498
9788328087811
9788329100007
9788383913551
9788384270578
9788383097244
9788377294949
9786171514492
9788381910897
9788383296333
9788382665208
9788382721683
9788367551663
9788384183700
9788368283709
9788308084939
9788367784535
9781529954289
9788328164932
9788328725867
9788311177888
9788328145948
9788327697653
9788301241551
9788383900742
9788395443152
9788383572390
9788383678566
9788382744453
9788368370508
9788384172100
9788365401779
9788382082517
9788373392571
9788382410822
9788323747918
9781784976415
9788366654020
9786171503984
9788368352252
9788367262811
9788384290682
9786177688692
9788324234561
9788381813211
9788368240191
9788382527889
9788373394278
9788365964076
9788383298405
9788368331516
9788382656695
9788328721241
9788377762790
9788383820132
9781857829969
9788374898133
9788381432498
9788384171851
9788328735903
9788328738201
9788381507424
9788368383614
9788383850733
9788324099856
9788366481114
9788383961026
9788367793841
9788381252348
9788327747143
9788375176254
9786175483657
9788379323074
9788380748484
9781529102161
9788370207045
9788367121835
9788328072930
9788383198132
9788380576339
9788380598867
9788383913995
9788383209241
9788301244675
9788382604849
9786171516878
9788382408270
9788320050226
9788380499188
9788362185290
9786176790273
9788328394438
9788382305289
9788324067770
9788328914674
9788383751863
9788328737105
9788379647699
9788377761274
9788384410264
9788379125128
9788367016759
9788367510004
9788366749221
9788308086087
9788377296448
9788384027240
9782081468863
9788381952859
9788367555852
9780749027674
9788381915502
9788383381558
9788381326605
9788328736146
9788382030440
9788383353319
9788381504027
9788375780673
9788383355580
9788301223168
9788370207687
9788383295749
9788328153769
9788383225081
9788366252875
9788370206550
9788327107312
9788383382524
9781909621732
9788377799369
9788383577753
9788366873391
9788366750951
9788327688088
9788328911123
9788382132960
9788383909912
9788324099238
9788301230395
9786171514027
9788384410554
9788361844297
9780008363741
9788368608250
9788375657319
9788374277372
9788328165045
9788381470568
9788367891318
9788328096233
9788328732230
9788383573090
9788308084229
9788381720038
9788382993615
9788382665277
9788383159898
9786178286422
9788383098913
9786171513082
9788367996945
9788301239251
9782253934103
9788327730770
9788301199555
9788373779013
9788382131833
9788383960388
9788366501515
9788368059236
9788368059410
9788327730459
9788384023303
9788381354721
9788367327480
9788301232139
9788383198293
9788380876101
9788383600611
9788367326414
9788328170407
9788368352535
9788370208332
9780593975183
9788375799194
9788383851334
9788328165380
9788367510189
9788328057326
9780008287030
9788324076161
9780811218078
9788382658187
9788310132154
9788375155495
9788328170179
9788379323036
9788368283877
9788368217544
9788381033114
9788382895131
9788383358031
9788380387713
9788380748682
9788383962856
9788328110250
9781734248845
9788328170056
9788382083590
9788384254677
9788384060872
9788328739116
9788383010434
9788383713731
9788301218072
9788368536171
9788389239310
9788374535465
9788383185071
9788383382470
9788328914230
9788325348076
9788383711102
9788383108049
9788377799536
9781473231092
9788328734654
9788383522142
9788374272537
9780008646271
9788379324781
9788383520988
9788383013671
9788324088379
9788381393089
9788367817424
9788383911465
9788383870601
9788383189253
9788366750357
9788325348502
9788382990676
9788367247177
9788382894004
9788324067763
9788382729351
9788384063231
9788381813693
9788308084670
9788328733800
9788382315189
9788384290460
9788310138033
9788383905075
9788379645473
9786171514287
9788394513030
9788329100649
9788383308326
9788311185555
9788328721838
9788328171978
9788367834506
9788377761540
9788328908628
9788383383149
9788324095018
9788311184848
9788328911666
9788382995725
9788383435985
9788379646296
9788320051537
9788382499100
9788328167841
9788368350715
9788383437682
9788328733497
9788366325791
9788384254080
9788382309164
9788383912950
9788382408263
9788372508782
9788366178762
9788377292884
9788380499416
9788301217471
9788380491458
9788380362635
9788323866688
9788328726710
9788366789081
9788324096503
9788382109597
9781783448241
9788381507059
9788328917705
9780571314591
9788382524178
9788383351070
9788382082418
9788327687654
9788328174108
9788328094888
9788373928039
9788395954764
9788328088931
9788383579665
9788381885348
9788382408652
9788383677095
9788382529692
9788383196589
9788368549607
9788377798850
9781035050581
9788328155794
9781035422296
9788382653038
9788383383613
9781509828012
9788328929753
9788327687784
9788382581140
9788381917339
9788365773203
9789664485064
9788308084427
9788328727717
9788383910758
9788382137040
9788368541632
9788328075368
9788365401465
9788367604512
4820245450042
9788382808872
9788382153651
9788368180756
9788383911557
9788375178067
9788382890006
9788382308327
9788381476294
9788368647358
9788368370799
9788381353656
9788383010137
9788367784115
9786178437619
9788383533858
9781861974044
9788326841293
9788368087109
9788301231774
9788328166080
9788412676570
9788383824673
9788326839955
9788324083503
9788382657548
9788382102949
9788382897753
9788368069358
9788377885369
9788328736542
9788308081266
9788383381350
9788395164927
9788383500416
9780241467473
9788381812009
9788382529166
9788382312416
9788382653755
9788383715940
9788382623666
9788383882017
9788308068076
9788328915626
9788367022385
9788327126641
9788327168672
9788396231123
9788368352603
9780061992278
9788383880570
9788383713182
9788328162112
9788328151772
9788383801438
9788367341653
9788301246952
9788366134881
9788381326063
9788383381848
9788328073173
9788328929371
9788381505420
9780008611941
9788383156156
9788301247676
9788324024544
9788382951844
9789669153043
9788328169975
9788382307849
9788328167223
9786175483497
9788383351094
9788396795243
9788368283082
9788383350035
9788367195126
9788384023310
9788368175172
9789669152770
9788367616539
9788367551540
9788382131680
9788382081732
9788383826790
9788382999594
9788384160237
9788383612119
9788384030189
9788324058273
9788375175738
9788375763911
9788308076170
9788381353373
9788380328846
9788384180082
9788381500388
9788374899963
9788328153738
9781464228636
9788328919174
9781474916158
9788327167880
9780007513765
9788383962283
9788380364462
9788383218830
9788383585390
9788328926981
9788328919419
9788368135381
9788320066036
9788383914152
9788382138085
9788383216270
9788383381404
9788382312133
9788383296296
9788381417716
9786177279159
9788383217772
9780241648711
9788383740010
9788367335973
9786176799290
9786178253578
9788383521411
9788383296289
9798891606739
9788383191072
9788383826929
9786178286361
9788328169494
9788328915329
9788381326360
9788383673622
9780241372678
9788328733329
9788323746065
9788375178685
9788368317367
9788362514939
9788383383026
9788328931268
9782368361436
9788383912295
9781408726600
9788381354172
9788368542127
9786175231999
9788324095827
9780241360880
9788328721012
9788328167247
9788320057553
9788301248567
9788301218157
9788368367591
9788328173323
9788328917583
9781909531611
9788328162044
9788328169241
9788380747838
9788383383378
9788383624389
9780241301906
9788383384139
9788381390132
9788382525328
9788379850761
9788324085224
9788383309590
9788383910819
9781909621466
9780241407387
9788382996067
9788382102703
9788367341288
9781804271087
9788384173916
9788368218725
9788373772755
9788384022498
9788382651751
9788384301685
9788381353762
9788384258132
9781909621770
9788379325481
9788368589726
9788367931915
9788367520560
9788311172210
9788383186108
9788328915602
9788383297866
9788382805208
9788301198633
9788325343583
9788383619118
9781529176285
9788308080702
9788328350809
9788381718103
9788383102368
9788381354943
9788380929500
9788324058150
9788382027051
9788367715096
9788381812078
9788324069231
9788383521671
9788367513012
9788383677774
9788367685849
9788326836718
9788364668296
9788375135671
9788382224214
9788328165434
9788379646869
9788383108278
9788383907963
9788379126217
9781909621893
9788301242046
9788381413169
9788382933154
9788382076547
9788378875802
9788383570174
9788326845864
9788383523545
9788383354668
9788328721326
9786177968107
9788383962870
9788384301081
9788324094363
9788327168306
9788383615981
9788382744156
9788301241896
9782253166504
9783499011764
9788380747630
9788382999860
9788382307900
9788326840647
9788383912653
9788324096701
9788383435008
9788383579771
9788382744569
9788381327589
9788381719513
9788381813402
9781472248145
9788381683340
9788308081471
9788367137300
9788382623673
9788382072341
9788382028300
9788328925724
9788383628868
9786171513952
9788383670188
9788383750583
9781804947845
9783423262484
9788383190990
9788382720105
9786178280352
9788328930001
9788381354387
9788383751184
9788381716499
9788373779419
9788382460933
9788368053739
9788381717953
9788368204155
9788327663290
9786171502697
9782401054660
9788383296111
9788382656923
9788383880242
9788368044102
9788328096196
9788328174665
9788373999039
9788382891843
9788382741964
9788327169198
9788368576559
9788376747514
9781526624550
9788327169785
9788301236212
9788368560992
9788383610702
9788368059618
9788382405958
9788382510966
9782210754041
9788366330504
9788311163751
9788326841026
9780205625284
9781473227989
9788328175396
9788382104837
9788383305073
9788382663013
9788384258309
9788382131857
9788853631992
9788383612430
9788383380285
9788383216225
9788380322363
9788328727038
9788383382227
9788327739278
9788382952780
9788368383096
9788320056006
9788367604833
9788367295192
9788382581805
9788383017808
9788368488128
9788383199146
9788368069020
9788381352826
9789664484609
9788383195230
9788324087174
9788383522821
9788381502160
9788382654530
9788384021507
9780008752323
9788055636245
9788383574172
9781907410369
9788327717368
9788383870298
9788383881379
9788308084182
9788382409857
9788382159875
9788383990279
9788301185886
9788379715190
9788328175501
9788384020647
9788383383538
9788328166615
9788384381274
9788381435079
9788364488580
9788382025750
9788383619040
9788373275041
9788373929364
9789661545907
9788383524061
4820245450097
9788328911598
9788373440708
9788381472739
9788327711069
9788368267006
9788382527896
9788379127054
9788368227772
9788328151826
9782072873904
9788383960777
9788382659238
9788383577623
9780241980262
9788383523835
9788382409222
9788382027082
9788381814157
9788383211916
9788384258231
9788368180770
9788389498960
9788328166608
9788382410570
9788311183407
9788382665321
9781803510057
9788383871998
9781509868308
9788301237646
9788324066650
9788328920507
9788327731777
9788383195810
9788301241957
9788383912417
9788382072396
9788367815024
9788382660876
9788379543458
9788328734241
9788368317480
9788367545372
9788383381077
9788382133462
9788382028935
9788373394346
9788328930834
9786171516496
9788381255677
9788373929166
9788383227160
9788325345006
9788367498388
9786175220412
9788301210380
9788375175394
9788370208875
9788311181083
9788328084957
9788378877127
9788383906799
9788301244026
9788375746754
9788311174054
9788328914834
9780820318509
9788391633410
9788377406366
9788382033892
9788328730137
9788324094158
9788367845816
9788381503747
9788382134698
9788366243118
9788383624730
9788324410538
9788308085271
9788076881891
9788383715452
9788367513944
9788324088553
9788368267167
9788381725491
9788382894912
9788378640905
9786177940097
9788382529739
9788328731844
9788382525564
9788383294537
9788381255646
9788328737365
9780099428442
9788367334204
9788328906631
9788320044737
9788325344207
9788384173633
9788381063630
9788381505352
9788377401330
9788301180652
9788328932500
9788383827506
9788375178371
9788308076675
9781529111859
9788321348346
9788384023938
9788381398299
9788328738928
9781405923415
9788301241780
9788326845871
9788308085462
9788328922242
9788498489156
9780241678916
9788383299570
9788381505642
9788327170231
9788328165953
9789667047702
9781787330788
9788383961453
9788382139723
9781784081430
9788328153714
9788380598751
9788324072118
9788328931275
9788368053784
9788366548879
9788324050376
9788308070000
9788328164406
9788384183755
9788367784252
9788368364347
9788301222536
9788387634179
9788383218243
9780321842848
9780007351015
9788384173640
9788383107233
9788382167665
9788381812566
9786175483282
9788383572345
9788380875883
9788395946929
9788383106410
9788328171138
9788368267631
9788383208411
9788383671345
9788383610580
9788327430366
9788383980577
9788373998834
9788383912271
9788381353793
9788364045837
9788376867762
9788367093118
9788373272699
9788367974387
9788383104409
9788383570389
9788327163967
9788326840654
9788382033359
9782070393893
9788364846632
9788383192062
9788327660008
9788383189420
9781473691568
9788383622545
9788367513036
9788367510158
9788328931961
9788377762660
9788380381476
9788328087804
9788397509221
9788383520353
9780141389479
9788384025253
9788383851990
9788384412299
9788383358154
9788328719125
9788368383546
9788382134346
9788383853055
9781788925730
9788374899512
9788382307894
9788367949491
9788383800219
9788373274570
9788381502672
9788383962412
9788326836619
9788381502399
9788384064504
9780241981498
9788382524192
9788301223397
9788383910666
9788383298535
9786177688494
9780008529529
9781529978209
9788384173695
9788383380438
9788383883113
9788382165616
9788383107837
9781405943475
9788381255622
9788364278921
9788327168962
9788383576770
9781838880903
9788328397620
9781419773785
9788396788160
